account_id,degree,component_size,edge_density,n_shared_attr_types,signup_spread_hours,txn_spread_hours,avg_txn_amount,ring_id,is_ring_member
acct_92da998cde,0,1,0.0,0,0.0,0.0,2726.13,,0
acct_b2e9b423dc,0,1,0.0,0,0.0,8376.0,2349.8825,,0
acct_f75a0bee51,0,1,0.0,0,0.0,8472.0,1122.852,,0
acct_e3daad41b4,0,1,0.0,0,0.0,4464.0,3320.7966666666666,,0
acct_02b69f2adf,0,1,0.0,0,0.0,8904.0,2700.1674999999996,,0
acct_acf4f6f6d4,0,1,0.0,0,0.0,6264.0,2894.165,,0
acct_d39c44b09c,0,1,0.0,0,0.0,0.0,2696.4,,0
acct_877abaa7d8,0,1,0.0,0,0.0,8352.0,3037.84,,0
acct_5fdc12ea93,0,1,0.0,0,0.0,8064.0,2689.084,,0
acct_c2724828f7,0,1,0.0,0,0.0,8592.0,2361.865,,0
acct_885b76efa9,0,1,0.0,0,0.0,0.0,3234.87,,0
acct_88f8204659,4,5,1.0,1,4549.36,10683.240277777777,2285.44875,,0
acct_f41ca78f93,0,1,0.0,0,0.0,0.0,635.03,,0
acct_15683a63de,0,1,0.0,0,0.0,6240.0,1879.3219999999997,,0
acct_60862bbf11,0,1,0.0,0,0.0,0.0,4540.54,,0
acct_b9d931d602,0,1,0.0,0,0.0,7416.0,2309.976,,0
acct_f101090fdc,0,1,0.0,0,0.0,5952.0,490.89,,0
acct_fdb10c2d6d,7,8,0.6785714285714286,3,45.07944444444445,47.26277777777778,2400.7042857142856,ring_037,1
acct_7501e1f144,0,1,0.0,0,0.0,0.0,2901.04,,0
acct_1f55e63843,0,1,0.0,0,0.0,1320.0,4011.62,,0
acct_019c025f32,0,1,0.0,0,0.0,7824.0,1864.806,,0
acct_a9e5530792,0,1,0.0,0,0.0,9480.0,1202.066,,0
acct_e2ec5767cb,0,1,0.0,0,0.0,0.0,3276.19,,0
acct_3ce3cabb97,0,1,0.0,0,0.0,7944.0,2319.8633333333332,,0
acct_9ba84f0802,0,1,0.0,0,0.0,4560.0,3482.296666666667,,0
acct_a2acb2f97f,0,1,0.0,0,0.0,7656.0,3415.55,,0
acct_aa845ae33f,0,1,0.0,0,0.0,288.0,4023.6749999999997,,0
acct_9a7185eaee,0,1,0.0,0,0.0,7632.0,1950.89,,0
acct_5887666300,0,1,0.0,0,0.0,7584.0,2467.39,,0
acct_a426c4dbd5,3,4,1.0,1,8870.653888888888,14246.653888888888,2550.432,,0
acct_30e1f3418b,5,6,1.0,1,9.316944444444445,12.016944444444444,1664.0275,ring_028,1
acct_ab82e941ac,0,1,0.0,0,0.0,1752.0,1957.71,,0
acct_06c72228e5,0,1,0.0,0,0.0,5184.0,2294.615,,0
acct_acb50bc3aa,0,1,0.0,0,0.0,0.0,1177.52,,0
acct_15d4c5c3e3,0,1,0.0,0,0.0,6600.0,2000.62,,0
acct_3aaa295408,0,1,0.0,0,0.0,5064.0,1350.19,,0
acct_b87095f38f,0,1,0.0,0,0.0,5712.0,2233.5225,,0
acct_e8841e724e,0,1,0.0,0,0.0,5424.0,535.03,,0
acct_7ae6884620,3,4,1.0,1,12.431944444444444,14.64861111111111,1921.6879999999996,ring_015,1
acct_3d39e9b7f0,0,1,0.0,0,0.0,4200.0,2459.9725,,0
acct_8dd35a8c7b,0,1,0.0,0,0.0,4272.0,2665.11,,0
acct_f2914b125a,0,1,0.0,0,0.0,6312.0,2434.808,,0
acct_0872386f1d,6,7,1.0,1,39.852777777777774,41.80277777777778,2353.5846666666666,ring_038,1
acct_4171e5c692,0,1,0.0,0,0.0,6456.0,1653.054,,0
acct_0940d10079,0,1,0.0,0,0.0,0.0,2501.66,,0
acct_d3ee4bdfd6,0,1,0.0,0,0.0,0.0,3777.74,,0
acct_daccb154ce,0,1,0.0,0,0.0,7104.0,907.0174999999999,,0
acct_baf64d1098,0,1,0.0,0,0.0,8352.0,3639.8650000000002,,0
acct_20e4611f64,0,1,0.0,0,0.0,96.0,934.9900000000001,,0
acct_558fa35e2d,0,1,0.0,0,0.0,3336.0,2907.3033333333333,,0
acct_ef015e43be,0,1,0.0,0,0.0,7728.0,2515.028,,0
acct_2ba52e3707,2,3,1.0,1,6597.005277777777,11517.005277777778,2587.315,,0
acct_8b3ed62f67,0,1,0.0,0,0.0,3096.0,2067.56,,0
acct_d610f90240,0,1,0.0,0,0.0,1248.0,3814.1949999999997,,0
acct_49be42bab4,0,1,0.0,0,0.0,2016.0,3491.4375,,0
acct_4ec5a8b82a,0,1,0.0,0,0.0,2784.0,2743.8233333333337,,0
acct_9f71d70ae1,0,1,0.0,0,0.0,4656.0,2441.273333333333,,0
acct_c3e41635e4,0,1,0.0,0,0.0,7704.0,3093.666,,0
acct_e5d444875d,0,1,0.0,0,0.0,2448.0,780.04,,0
acct_f1ed0550a2,0,1,0.0,0,0.0,3600.0,1711.185,,0
acct_dc071fe0ca,0,1,0.0,0,0.0,0.0,2111.86,,0
acct_0d4bfa5098,0,1,0.0,0,0.0,6312.0,1868.7740000000001,,0
acct_472d12104f,0,1,0.0,0,0.0,2592.0,2613.126,,0
acct_457c0e2b24,7,8,1.0,2,9.45888888888889,11.975555555555555,2362.2805263157898,ring_011,1
acct_a1c94faaa1,0,1,0.0,0,0.0,2952.0,2363.8433333333337,,0
acct_6c2e51c542,4,5,1.0,1,7797.651111111111,14126.962222222222,3032.8946153846146,,0
acct_d2f8898e16,0,1,0.0,0,0.0,6360.0,4366.504999999999,,0
acct_a86eacf163,0,1,0.0,0,0.0,1464.0,3098.405,,0
acct_af7d940ac3,0,1,0.0,0,0.0,6624.0,1829.4339999999997,,0
acct_103d774bbe,0,1,0.0,0,0.0,6336.0,3082.005,,0
acct_be367ffdc1,0,1,0.0,0,0.0,5160.0,1694.6825000000001,,0
acct_075f99ef2c,0,1,0.0,0,0.0,2328.0,3970.596666666667,,0
acct_be0f95546a,0,1,0.0,0,0.0,8496.0,1812.7324999999998,,0
acct_cd83dc5064,0,1,0.0,0,0.0,0.0,3106.73,,0
acct_3f7b572767,0,1,0.0,0,0.0,1464.0,1070.76,,0
acct_f418851dde,0,1,0.0,0,0.0,2448.0,3668.6949999999997,,0
acct_e957fe311f,0,1,0.0,0,0.0,5904.0,2596.87,,0
acct_e8bbb7d175,0,1,0.0,0,0.0,0.0,2002.4,,0
acct_30d7d0e045,0,1,0.0,0,0.0,6384.0,3296.7075,,0
acct_c90a3848fd,0,1,0.0,0,0.0,5328.0,2343.2725,,0
acct_cc68b5d100,0,1,0.0,0,0.0,0.0,3652.87,,0
acct_80d59a6f2e,6,7,0.8095238095238095,3,3.1958333333333333,5.4475,2383.9715384615383,ring_013,1
acct_5c80a8cc03,0,1,0.0,0,0.0,7248.0,2675.0449999999996,,0
acct_624e12c833,0,1,0.0,0,0.0,6768.0,1948.968,,0
acct_ee826ff7bc,0,1,0.0,0,0.0,7032.0,1409.8500000000001,,0
acct_89aa6d1864,0,1,0.0,0,0.0,4440.0,1816.51,,0
acct_1ddbbe68d2,0,1,0.0,0,0.0,0.0,1350.25,,0
acct_a3586ba065,0,1,0.0,0,0.0,6408.0,2800.36,,0
acct_a15a464fb3,0,1,0.0,0,0.0,0.0,1422.22,,0
acct_6273549130,2,3,1.0,1,6713.419722222222,12079.179166666667,2961.2954545454545,,0
acct_d607c5dd84,0,1,0.0,0,0.0,7536.0,3135.132,,0
acct_ae4195244a,0,1,0.0,0,0.0,6720.0,1760.7733333333335,,0
acct_60cb1b01a4,0,1,0.0,0,0.0,4488.0,2299.57,,0
acct_065dd4df7b,0,1,0.0,0,0.0,5928.0,2430.4066666666663,,0
acct_e3d4726732,0,1,0.0,0,0.0,144.0,697.57,,0
acct_8283d55503,0,1,0.0,0,0.0,5088.0,3865.036666666667,,0
acct_69005a3754,6,7,1.0,1,39.852777777777774,41.80277777777778,2353.5846666666666,ring_038,1
acct_06386bf3a5,0,1,0.0,0,0.0,4056.0,2214.058,,0
acct_e4d1079163,0,1,0.0,0,0.0,4176.0,3366.4080000000004,,0
acct_6ef5122523,0,1,0.0,0,0.0,0.0,4103.28,,0
acct_f27e6c4bcd,0,1,0.0,0,0.0,0.0,1773.64,,0
acct_a2d73cc622,0,1,0.0,0,0.0,5616.0,2545.4066666666668,,0
acct_4b6ecc9a3c,0,1,0.0,0,0.0,8184.0,1880.1433333333334,,0
acct_e1e0532c83,0,1,0.0,0,0.0,2184.0,2788.47,,0
acct_37af6e85a8,0,1,0.0,0,0.0,8136.0,1742.32,,0
acct_5da247aee3,0,1,0.0,0,0.0,0.0,3975.62,,0
acct_3d9452d3f0,0,1,0.0,0,0.0,7656.0,1858.4180000000001,,0
acct_f74fa5e26c,0,1,0.0,0,0.0,2520.0,2620.3340000000003,,0
acct_f8cd77d848,0,1,0.0,0,0.0,3192.0,2002.25,,0
acct_cba254ef95,0,1,0.0,0,0.0,6288.0,2965.8200000000006,,0
acct_1a3e938484,0,1,0.0,0,0.0,7176.0,3317.69,,0
acct_76c5d33a11,0,1,0.0,0,0.0,0.0,4181.97,,0
acct_73b2c54a75,0,1,0.0,0,0.0,7824.0,2614.5525,,0
acct_f7ba8beb60,0,1,0.0,0,0.0,5832.0,2659.226,,0
acct_bb763363e9,0,1,0.0,0,0.0,3432.0,2808.16,,0
acct_89e82f63a3,0,1,0.0,0,0.0,5976.0,3102.6675,,0
acct_c34d2036b2,0,1,0.0,0,0.0,0.0,2218.39,,0
acct_91b2325b2d,0,1,0.0,0,0.0,0.0,759.67,,0
acct_e888b4d43f,3,4,1.0,1,9.873611111111112,10.873888888888889,2314.772,ring_002,1
acct_73d249e1a9,0,1,0.0,0,0.0,1632.0,1788.295,,0
acct_17891a12e2,0,1,0.0,0,0.0,6072.0,2971.4900000000002,,0
acct_ad10484b8f,5,6,1.0,1,9.385277777777778,11.440277777777778,3437.2266666666674,ring_014,1
acct_baf06d5eb5,0,1,0.0,0,0.0,3936.0,1438.8179999999998,,0
acct_1347548896,0,1,0.0,0,0.0,0.0,2515.77,,0
acct_9ae30829b4,0,1,0.0,0,0.0,0.0,1944.03,,0
acct_55b14f8755,0,1,0.0,0,0.0,6720.0,1799.2766666666666,,0
acct_4ae50bac10,4,5,1.0,1,47.32416666666666,49.924166666666665,2303.9942857142855,ring_017,1
acct_e3c5f1cc20,0,1,0.0,0,0.0,2760.0,1571.0266666666666,,0
acct_e7681e0286,0,1,0.0,0,0.0,5040.0,2367.875,,0
acct_af3a0227b0,6,7,1.0,2,25.79222222222222,26.940833333333334,2182.312307692308,ring_016,1
acct_9eead7a1a2,4,5,1.0,1,13535.21388888889,23015.213888888888,2856.2966666666666,,0
acct_d312f9aeed,0,1,0.0,0,0.0,3672.0,2551.8775,,0
acct_1a10d009af,0,1,0.0,0,0.0,5472.0,1839.14,,0
acct_43f0ef1bd6,0,1,0.0,0,0.0,3408.0,1993.22,,0
acct_1770e1efd3,0,1,0.0,0,0.0,0.0,1758.46,,0
acct_0408ea0cf7,0,1,0.0,0,0.0,5232.0,2101.9066666666668,,0
acct_a858588c9c,0,1,0.0,0,0.0,1152.0,3135.0860000000002,,0
acct_b63ecc9a8d,0,1,0.0,0,0.0,8280.0,2818.0924999999997,,0
acct_79167aaff2,1,2,1.0,1,2994.1544444444444,8898.154444444444,1155.5733333333335,,0
acct_6c26c30699,7,8,1.0,2,4.161666666666667,6.3566666666666665,2494.8764285714283,ring_005,1
acct_ee7d63b966,0,1,0.0,0,0.0,6888.0,2492.218,,0
acct_1480450f8d,0,1,0.0,0,0.0,6456.0,2234.47,,0
acct_d86bf45f4f,0,1,0.0,0,0.0,0.0,4228.73,,0
acct_bc98691ee8,0,1,0.0,0,0.0,0.0,1717.35,,0
acct_546e170d73,0,1,0.0,0,0.0,0.0,4015.87,,0
acct_7dc4fb2111,3,5,0.9,3,49.87777777777778,50.294444444444444,2903.481111111111,ring_020,1
acct_2085aa0841,0,1,0.0,0,0.0,2352.0,2801.64,,0
acct_06ef3bec54,0,1,0.0,0,0.0,6504.0,2654.8975,,0
acct_8e825f3600,0,1,0.0,0,0.0,6840.0,3932.63,,0
acct_aaba84111b,0,1,0.0,0,0.0,6216.0,2354.0299999999997,,0
acct_be75de8c80,0,1,0.0,0,0.0,4560.0,2213.353333333333,,0
acct_bb0b3f8a5f,0,1,0.0,0,0.0,3456.0,1700.493333333333,,0
acct_c6f67989e2,0,1,0.0,0,0.0,1440.0,1267.365,,0
acct_2a7d7f9f01,0,1,0.0,0,0.0,4920.0,2236.692,,0
acct_ddf62598cb,0,1,0.0,0,0.0,960.0,3362.45,,0
acct_891e0e5ece,0,1,0.0,0,0.0,0.0,4304.94,,0
acct_fbd01ecfc6,0,1,0.0,0,0.0,0.0,3027.92,,0
acct_c827e63fe4,0,1,0.0,0,0.0,0.0,4489.03,,0
acct_d8a07cccae,0,1,0.0,0,0.0,0.0,4718.65,,0
acct_f24690d1cd,0,1,0.0,0,0.0,6144.0,1565.15,,0
acct_a717386c70,0,1,0.0,0,0.0,0.0,3337.87,,0
acct_a53f400e86,4,5,1.0,1,13535.21388888889,23015.213888888888,2856.2966666666666,,0
acct_c1764fc161,0,1,0.0,0,0.0,7896.0,1996.882,,0
acct_21101a26b4,3,5,0.5,3,11.275,12.625,2512.80875,ring_035,1
acct_a9465491c3,0,1,0.0,0,0.0,0.0,2751.44,,0
acct_6c181c3ecf,0,1,0.0,0,0.0,7008.0,2347.4425,,0
acct_5460100eb9,0,1,0.0,0,0.0,8832.0,2265.0133333333333,,0
acct_b105af9950,0,1,0.0,0,0.0,0.0,4591.41,,0
acct_4f59ce6f0d,0,1,0.0,0,0.0,696.0,2999.4,,0
acct_52f0174c3c,0,1,0.0,0,0.0,5496.0,1679.4866666666667,,0
acct_1f6cb51a33,0,1,0.0,0,0.0,7320.0,2910.675,,0
acct_f7f3fb0a2e,0,1,0.0,0,0.0,9000.0,2923.7466666666664,,0
acct_1c3b89a9cd,0,1,0.0,0,0.0,7344.0,3192.875,,0
acct_87a03a335c,0,1,0.0,0,0.0,0.0,2133.31,,0
acct_2a5a6117ab,0,1,0.0,0,0.0,8424.0,1794.1240000000003,,0
acct_fcc07ee8fd,0,1,0.0,0,0.0,4992.0,2618.4225,,0
acct_d4b93db008,0,1,0.0,0,0.0,3384.0,2864.6800000000003,,0
acct_f3a8940032,0,1,0.0,0,0.0,4080.0,2525.61,,0
acct_e26f71ee4e,0,1,0.0,0,0.0,2208.0,2048.2233333333334,,0
acct_2e234113c1,0,1,0.0,0,0.0,7680.0,2684.3540000000003,,0
acct_11e7ff37b3,0,1,0.0,0,0.0,4656.0,2528.5299999999997,,0
acct_c519c213ed,0,1,0.0,0,0.0,1008.0,4765.5599999999995,,0
acct_9e4c10ff57,0,1,0.0,0,0.0,0.0,3606.99,,0
acct_ae911ee233,0,1,0.0,0,0.0,3912.0,2610.2699999999995,,0
acct_51bb5dc0b0,0,1,0.0,0,0.0,2160.0,2486.596666666667,,0
acct_5f67491db0,0,1,0.0,0,0.0,7152.0,1512.4466666666667,,0
acct_698bfbbe9c,0,1,0.0,0,0.0,5520.0,2747.0166666666664,,0
acct_59a41388da,2,3,1.0,1,9638.795555555556,17318.795555555556,1491.8071428571427,,0
acct_c6ae3cf211,0,1,0.0,0,0.0,6096.0,2581.4,,0
acct_4f1061f00c,0,1,0.0,0,0.0,4296.0,2931.3160000000003,,0
acct_b37d7f4fb0,0,1,0.0,0,0.0,8160.0,2744.47,,0
acct_7c4c93d85b,0,1,0.0,0,0.0,5544.0,2547.6279999999997,,0
acct_eed2fcf4be,0,1,0.0,0,0.0,2280.0,1970.1075,,0
acct_a92c061544,0,1,0.0,0,0.0,6120.0,3459.87,,0
acct_6ea044eee9,0,1,0.0,0,0.0,2160.0,3763.8450000000003,,0
acct_e5bae1dd7b,0,1,0.0,0,0.0,1248.0,3736.9750000000004,,0
acct_32bf02ab6d,0,1,0.0,0,0.0,1560.0,2023.8025000000002,,0
acct_139066df76,0,1,0.0,0,0.0,5472.0,3156.14,,0
acct_dd976326d1,0,1,0.0,0,0.0,2352.0,1725.4274999999998,,0
acct_b72ae66a29,0,1,0.0,0,0.0,5856.0,2703.16,,0
acct_a83c166e9c,0,1,0.0,0,0.0,6960.0,2241.068,,0
acct_74fdc04565,6,7,1.0,2,31.025555555555556,31.45888888888889,2019.9984615384615,ring_023,1
acct_8e0c7c6fe8,0,1,0.0,0,0.0,5952.0,3011.75,,0
acct_20fcae6541,0,1,0.0,0,0.0,8640.0,2786.765,,0
acct_275f155800,0,1,0.0,0,0.0,0.0,3130.71,,0
acct_59fe05a092,0,1,0.0,0,0.0,8424.0,3496.6525,,0
acct_ca6d65e67c,0,1,0.0,0,0.0,5160.0,2112.9333333333334,,0
acct_039df18a5a,0,1,0.0,0,0.0,8376.0,1568.3849999999998,,0
acct_b84e30b2c7,0,1,0.0,0,0.0,4536.0,2559.6949999999997,,0
acct_da34ce7052,0,1,0.0,0,0.0,4008.0,2989.783333333333,,0
acct_77b59a45bc,0,1,0.0,0,0.0,3816.0,2524.3775,,0
acct_f15f2582f6,0,1,0.0,0,0.0,7248.0,1907.426666666667,,0
acct_e4af27eba7,0,1,0.0,0,0.0,2352.0,2512.4075000000003,,0
acct_5217d507f5,0,1,0.0,0,0.0,4296.0,2396.403333333333,,0
acct_344b24fa61,0,1,0.0,0,0.0,3720.0,1977.4666666666665,,0
acct_39f17c2b1d,0,1,0.0,0,0.0,0.0,582.78,,0
acct_053b866113,0,1,0.0,0,0.0,5016.0,1599.3775,,0
acct_a2b98987e8,0,1,0.0,0,0.0,8448.0,1832.6559999999997,,0
acct_c3d515ebc7,0,1,0.0,0,0.0,7920.0,2232.3360000000002,,0
acct_0c8a386b17,0,1,0.0,0,0.0,7824.0,1833.6680000000001,,0
acct_28b582a7bb,0,1,0.0,0,0.0,4344.0,3355.2925,,0
acct_3c86023a2a,0,1,0.0,0,0.0,7176.0,2386.4,,0
acct_a692188625,0,1,0.0,0,0.0,0.0,2431.53,,0
acct_625113cf94,6,7,1.0,1,19.79611111111111,18.912777777777777,2061.9153333333334,ring_027,1
acct_9ce56b8589,0,1,0.0,0,0.0,8040.0,1907.5220000000002,,0
acct_746c05d21b,0,1,0.0,0,0.0,3480.0,1785.555,,0
acct_adc65701ba,0,1,0.0,0,0.0,0.0,3170.53,,0
acct_9659b20db6,0,1,0.0,0,0.0,5496.0,2548.0175,,0
acct_0b366c9777,0,1,0.0,0,0.0,2952.0,2849.0125,,0
acct_d868f7c59f,4,7,0.5238095238095238,3,50.87166666666667,51.02166666666667,2202.1116666666667,ring_029,1
acct_39d1c7b6e4,0,1,0.0,0,0.0,6504.0,3195.058,,0
acct_60b76e6e16,0,1,0.0,0,0.0,8664.0,1301.545,,0
acct_9b12da2975,0,1,0.0,0,0.0,7176.0,3999.4166666666665,,0
acct_8595e54ee7,0,1,0.0,0,0.0,6288.0,3642.9525000000003,,0
acct_01c72f961d,0,1,0.0,0,0.0,6360.0,2412.186666666667,,0
acct_1152d4d665,0,1,0.0,0,0.0,5832.0,2290.594,,0
acct_d568cce8df,0,1,0.0,0,0.0,4032.0,2585.7966666666666,,0
acct_02b344e539,0,1,0.0,0,0.0,0.0,2181.57,,0
acct_0f429550db,0,1,0.0,0,0.0,6696.0,1739.0459999999998,,0
acct_cc40fab74f,0,1,0.0,0,0.0,1056.0,3869.375,,0
acct_2bb79bc02e,4,5,1.0,1,6179.855277777778,9621.6575,2926.6407692307694,,0
acct_047a2d4522,0,1,0.0,0,0.0,0.0,3919.18,,0
acct_9440082060,0,1,0.0,0,0.0,9096.0,3742.9120000000003,,0
acct_4bcc924a7e,0,1,0.0,0,0.0,3504.0,2658.87,,0
acct_d5757f994d,0,1,0.0,0,0.0,7512.0,3991.8625,,0
acct_8041bae2cb,0,1,0.0,0,0.0,6120.0,1939.8075,,0
acct_8f192da20e,0,1,0.0,0,0.0,3600.0,2230.133333333333,,0
acct_b47d7f433e,4,5,1.0,1,11711.1075,20375.1075,3475.5614285714287,,0
acct_23dbea3d34,0,1,0.0,0,0.0,9096.0,2353.68,,0
acct_32adb86d52,3,4,1.0,1,10459.799722222222,13840.766111111112,2062.7875,,0
acct_abdbb3d500,0,1,0.0,0,0.0,3984.0,293.94,,0
acct_6dc9251670,0,1,0.0,0,0.0,696.0,2618.6949999999997,,0
acct_a22ec4b4d1,4,5,0.9,3,49.87777777777778,50.294444444444444,2903.481111111111,ring_020,1
acct_a82ea243dc,0,1,0.0,0,0.0,5424.0,2773.8333333333335,,0
acct_f17842213f,0,1,0.0,0,0.0,6768.0,2986.162,,0
acct_be033f9dc6,0,1,0.0,0,0.0,5832.0,1702.0,,0
acct_8f2a715997,0,1,0.0,0,0.0,2904.0,3034.005,,0
acct_3f589d9d67,0,1,0.0,0,0.0,4824.0,2542.278,,0
acct_33bc9e7388,0,1,0.0,0,0.0,8184.0,2318.3733333333334,,0
acct_529d52f96e,0,1,0.0,0,0.0,6480.0,2519.35,,0
acct_2f7ac05ea8,0,1,0.0,0,0.0,7080.0,3015.7524999999996,,0
acct_277c02386d,0,1,0.0,0,0.0,7080.0,2567.574,,0
acct_b05dd33988,0,1,0.0,0,0.0,0.0,2606.44,,0
acct_13a1f57d19,0,1,0.0,0,0.0,8352.0,1306.855,,0
acct_a933fe79b4,1,2,1.0,1,307.36555555555555,8308.634444444444,1487.6928571428573,,0
acct_9b877b5e71,0,1,0.0,0,0.0,4560.0,3083.17,,0
acct_0a49c04f3c,7,8,1.0,2,4.161666666666667,6.3566666666666665,2494.8764285714283,ring_005,1
acct_8d3b035000,0,1,0.0,0,0.0,6144.0,1961.1825,,0
acct_4e9991b48a,0,1,0.0,0,0.0,0.0,826.36,,0
acct_c089a7d71b,0,1,0.0,0,0.0,4536.0,2750.894,,0
acct_4366ef89c7,0,1,0.0,0,0.0,0.0,1559.38,,0
acct_8a4ffd777a,0,1,0.0,0,0.0,3384.0,3133.8133333333335,,0
acct_a76aab7286,0,1,0.0,0,0.0,8496.0,3140.9625,,0
acct_500e1a606a,0,1,0.0,0,0.0,0.0,1775.81,,0
acct_a73d5ca13e,0,1,0.0,0,0.0,0.0,2431.82,,0
acct_10b35148c9,0,1,0.0,0,0.0,2808.0,3462.5033333333336,,0
acct_cfd94a340b,0,1,0.0,0,0.0,7728.0,2349.314,,0
acct_a9bbeb0baa,0,1,0.0,0,0.0,7608.0,2910.5080000000003,,0
acct_7ee790ec3c,0,1,0.0,0,0.0,0.0,3550.68,,0
acct_d8d5f03252,0,1,0.0,0,0.0,1824.0,1887.218,,0
acct_fc0a4b44bb,0,1,0.0,0,0.0,0.0,2632.68,,0
acct_5d8de672f9,0,1,0.0,0,0.0,6312.0,2537.1575,,0
acct_f839c4cca9,0,1,0.0,0,0.0,4104.0,3202.955,,0
acct_5a917bfedf,0,1,0.0,0,0.0,7176.0,1473.3120000000001,,0
acct_e77ebee147,0,1,0.0,0,0.0,2400.0,1370.756666666667,,0
acct_3edd2dd2ff,0,1,0.0,0,0.0,5664.0,2048.1266666666666,,0
acct_5b43221dbd,0,1,0.0,0,0.0,7032.0,1049.364,,0
acct_b70e870e0b,4,7,0.5238095238095238,3,50.87166666666667,51.02166666666667,2202.1116666666667,ring_029,1
acct_4e40684062,0,1,0.0,0,0.0,3912.0,2576.4719999999993,,0
acct_357bef5583,0,1,0.0,0,0.0,0.0,193.09,,0
acct_0fae78774c,0,1,0.0,0,0.0,6984.0,2387.035,,0
acct_5e2bc36cc1,0,1,0.0,0,0.0,7824.0,2176.815,,0
acct_32a0b81f7c,4,7,0.8095238095238095,3,3.1958333333333333,5.4475,2383.9715384615383,ring_013,1
acct_72775bc122,0,1,0.0,0,0.0,2520.0,3323.1,,0
acct_a9c6ba789f,0,1,0.0,0,0.0,7608.0,2540.3740000000003,,0
acct_d68aaf0b05,0,1,0.0,0,0.0,5760.0,3026.955,,0
acct_eb07fedf2f,0,1,0.0,0,0.0,8232.0,2330.6800000000003,,0
acct_9d3b6ca131,0,1,0.0,0,0.0,2304.0,3436.1299999999997,,0
acct_3f275701cb,0,1,0.0,0,0.0,5904.0,2054.82,,0
acct_838ae10e6e,0,1,0.0,0,0.0,4320.0,1160.1299999999999,,0
acct_952306f312,0,1,0.0,0,0.0,0.0,2408.82,,0
acct_f85d087838,0,1,0.0,0,0.0,0.0,909.0,,0
acct_502e7130f4,0,1,0.0,0,0.0,8376.0,2589.954,,0
acct_f225c3176e,2,3,1.0,1,9.05861111111111,10.758611111111112,4026.9014285714284,ring_006,1
acct_4e0c111403,0,1,0.0,0,0.0,9336.0,1887.8033333333333,,0
acct_23961f52b4,0,1,0.0,0,0.0,6960.0,2473.6166666666663,,0
acct_8a473aa50f,0,1,0.0,0,0.0,6456.0,1594.9766666666667,,0
acct_d8a863c6c3,0,1,0.0,0,0.0,8592.0,2207.4775,,0
acct_a252fe17ec,0,1,0.0,0,0.0,6744.0,3342.7925000000005,,0
acct_64537fcba3,0,1,0.0,0,0.0,6432.0,2045.4279999999999,,0
acct_cf82e9059c,0,1,0.0,0,0.0,8232.0,4203.633333333334,,0
acct_feeb91ebd8,0,1,0.0,0,0.0,4872.0,1839.932,,0
acct_0bdf561184,0,1,0.0,0,0.0,5832.0,2511.835,,0
acct_1664fab48e,0,1,0.0,0,0.0,4584.0,2055.6,,0
acct_8f3d362fcc,0,1,0.0,0,0.0,6960.0,2164.21,,0
acct_059fb7a872,0,1,0.0,0,0.0,7560.0,3368.52,,0
acct_f6e685b47a,0,1,0.0,0,0.0,1248.0,2414.165,,0
acct_8f5eb5701f,0,1,0.0,0,0.0,0.0,2425.83,,0
acct_282c07f058,0,1,0.0,0,0.0,0.0,3996.24,,0
acct_3cb7992459,0,1,0.0,0,0.0,2736.0,2224.75,,0
acct_1ff8b82c5e,0,1,0.0,0,0.0,6720.0,3363.843333333333,,0
acct_c39a394706,0,1,0.0,0,0.0,0.0,2259.96,,0
acct_66b7d80003,0,1,0.0,0,0.0,0.0,4873.9,,0
acct_3538fd69c3,0,1,0.0,0,0.0,0.0,1600.73,,0
acct_bf06a66b7a,4,5,1.0,1,7797.651111111111,14126.962222222222,3032.8946153846146,,0
acct_d2a6961ec6,0,1,0.0,0,0.0,7008.0,1860.5575,,0
acct_8366a4d364,7,8,1.0,2,32.19416666666667,32.96083333333333,3103.1525,ring_001,1
acct_51fd323abf,0,1,0.0,0,0.0,2832.0,2947.4620000000004,,0
acct_31e040aac9,0,1,0.0,0,0.0,0.0,2610.2,,0
acct_e528785abe,0,1,0.0,0,0.0,2232.0,2859.424,,0
acct_f0f4024f37,0,1,0.0,0,0.0,6624.0,2170.263333333334,,0
acct_68129e30e3,0,1,0.0,0,0.0,0.0,682.02,,0
acct_2bf55e87b3,0,1,0.0,0,0.0,6192.0,3115.222,,0
acct_5af59583a3,0,1,0.0,0,0.0,7968.0,2607.306,,0
acct_989f8a9d39,0,1,0.0,0,0.0,1776.0,2290.5975,,0
acct_9241ff0d60,0,1,0.0,0,0.0,4464.0,3894.5099999999998,,0
acct_8689cdb54d,0,1,0.0,0,0.0,8472.0,1919.632,,0
acct_ba143d6512,0,1,0.0,0,0.0,6768.0,2867.578,,0
acct_3951119796,0,1,0.0,0,0.0,0.0,98.97,,0
acct_ac61c5ba11,0,1,0.0,0,0.0,2016.0,2486.3933333333334,,0
acct_76db65926f,0,1,0.0,0,0.0,1896.0,2346.93,,0
acct_442accc22a,0,1,0.0,0,0.0,6432.0,778.8733333333333,,0
acct_a864d7fb23,0,1,0.0,0,0.0,7080.0,1610.3266666666666,,0
acct_c54e1556ee,0,1,0.0,0,0.0,0.0,4683.76,,0
acct_4adc55d826,0,1,0.0,0,0.0,1896.0,3148.963333333333,,0
acct_4d208f1b7f,0,1,0.0,0,0.0,7728.0,2721.6040000000003,,0
acct_bacfbe0527,0,1,0.0,0,0.0,7056.0,4166.468,,0
acct_c7ab684997,0,1,0.0,0,0.0,3216.0,3175.9133333333334,,0
acct_f657602fd4,0,1,0.0,0,0.0,4968.0,2489.465,,0
acct_79ff380b53,0,1,0.0,0,0.0,4152.0,2038.434,,0
acct_e061a17eca,0,1,0.0,0,0.0,4680.0,2381.796,,0
acct_87dc7c94d8,0,1,0.0,0,0.0,2424.0,2195.74,,0
acct_b9d84e069e,0,1,0.0,0,0.0,0.0,3770.53,,0
acct_4ae83d77a4,1,2,1.0,1,2484.4875,7956.4875,2636.1625,,0
acct_de210ee8c8,0,1,0.0,0,0.0,864.0,1992.256666666667,,0
acct_dc076a1bcf,0,1,0.0,0,0.0,2568.0,1409.7649999999999,,0
acct_8948ccbb6f,0,1,0.0,0,0.0,5832.0,2021.5639999999999,,0
acct_ee8deb967f,0,1,0.0,0,0.0,4584.0,2709.27,,0
acct_3cb15f27b2,0,1,0.0,0,0.0,7560.0,4043.3866666666668,,0
acct_802150cb7a,0,1,0.0,0,0.0,3912.0,2799.3540000000003,,0
acct_5c072eca20,5,6,0.7333333333333333,3,30.106666666666666,32.84,3027.1691666666666,ring_036,1
acct_03623a848b,0,1,0.0,0,0.0,4008.0,2467.37,,0
acct_d88c274bb4,0,1,0.0,0,0.0,6000.0,3613.705,,0
acct_a766c4ec3c,0,1,0.0,0,0.0,6264.0,2189.146666666667,,0
acct_e4ece849a1,0,1,0.0,0,0.0,7992.0,3540.6440000000002,,0
acct_253005aeb2,0,1,0.0,0,0.0,6600.0,3268.186666666667,,0
acct_b37bffe47d,3,4,1.0,1,4825.506111111111,10681.388611111111,3394.3490000000006,,0
acct_e22d43455d,0,1,0.0,0,0.0,6696.0,3526.892,,0
acct_1efd8abda0,0,1,0.0,0,0.0,6720.0,3396.373333333333,,0
acct_5e1be5c41b,6,7,1.0,1,19.79611111111111,18.912777777777777,2061.9153333333334,ring_027,1
acct_f43e98434b,0,1,0.0,0,0.0,0.0,1454.9,,0
acct_34f6dab85f,0,1,0.0,0,0.0,2736.0,2807.73,,0
acct_5e0ff0d49b,0,1,0.0,0,0.0,2352.0,2132.066666666667,,0
acct_108aea1309,6,7,1.0,1,38.2225,38.55583333333333,2845.181428571428,ring_010,1
acct_1eea8fe206,0,1,0.0,0,0.0,6600.0,1501.8899999999999,,0
acct_b1559c7d06,0,1,0.0,0,0.0,3624.0,2927.395,,0
acct_1217665763,0,1,0.0,0,0.0,7032.0,2488.346,,0
acct_87c58e6552,0,1,0.0,0,0.0,7632.0,1957.066,,0
acct_b3c2c9ecff,0,1,0.0,0,0.0,6864.0,3231.0225,,0
acct_bc0ec2f6ea,0,1,0.0,0,0.0,5640.0,2661.38,,0
acct_cde71b4fb9,0,1,0.0,0,0.0,3240.0,2956.75,,0
acct_5816d1689f,0,1,0.0,0,0.0,0.0,3646.36,,0
acct_faa7f0f255,0,1,0.0,0,0.0,3312.0,2436.1549999999997,,0
acct_dd05b88004,0,1,0.0,0,0.0,5256.0,3237.853333333333,,0
acct_e6be80ad8f,0,1,0.0,0,0.0,2568.0,1707.1100000000001,,0
acct_8221249385,0,1,0.0,0,0.0,0.0,3487.7,,0
acct_839fe0400d,0,1,0.0,0,0.0,1824.0,1722.9624999999999,,0
acct_f9e1d639e7,0,1,0.0,0,0.0,1680.0,2908.76,,0
acct_08273068a8,0,1,0.0,0,0.0,0.0,2764.72,,0
acct_52261a0a16,7,8,1.0,2,11.590277777777779,13.290277777777778,2603.994705882353,ring_024,1
acct_51d2f1de2c,0,1,0.0,0,0.0,1944.0,1818.3433333333335,,0
acct_3aab296602,0,1,0.0,0,0.0,8976.0,2422.9880000000003,,0
acct_e23a9a5e69,0,1,0.0,0,0.0,0.0,2684.88,,0
acct_ea367ee083,0,1,0.0,0,0.0,744.0,3043.285,,0
acct_692afcb9f4,0,1,0.0,0,0.0,8832.0,2377.34,,0
acct_e48d5946da,0,1,0.0,0,0.0,2136.0,2525.35,,0
acct_3baeeb8182,0,1,0.0,0,0.0,8016.0,4303.9225,,0
acct_a86bd875ca,0,1,0.0,0,0.0,0.0,881.02,,0
acct_288a6715d0,0,1,0.0,0,0.0,792.0,3097.48,,0
acct_bc426dc5fc,0,1,0.0,0,0.0,1008.0,2077.7999999999997,,0
acct_03395d48e9,4,5,1.0,1,9015.800277777778,10639.468333333334,2295.143125,,0
acct_b08fc75e3e,0,1,0.0,0,0.0,3720.0,2290.645,,0
acct_ec3435d76d,0,1,0.0,0,0.0,2304.0,2032.745,,0
acct_8ba33f1e2c,0,1,0.0,0,0.0,0.0,2704.1,,0
acct_739ea327e7,0,1,0.0,0,0.0,8304.0,3184.7320000000004,,0
acct_7b580b3901,0,1,0.0,0,0.0,6312.0,2418.496666666667,,0
acct_597fa40573,0,1,0.0,0,0.0,6960.0,2851.76,,0
acct_3700c048f0,0,1,0.0,0,0.0,6024.0,2079.685,,0
acct_a46fce62aa,0,1,0.0,0,0.0,7632.0,2370.892,,0
acct_cecbdf173a,0,1,0.0,0,0.0,432.0,2883.2466666666664,,0
acct_cb4eef3491,0,1,0.0,0,0.0,5448.0,2232.732,,0
acct_ca75866fe3,0,1,0.0,0,0.0,6240.0,975.29,,0
acct_adb750fd23,5,8,0.6785714285714286,3,45.07944444444445,47.26277777777778,2400.7042857142856,ring_037,1
acct_ea2ad1fed9,0,1,0.0,0,0.0,1080.0,3005.995,,0
acct_10d5ae42b5,0,1,0.0,0,0.0,6000.0,1369.6825,,0
acct_07d97b13a5,0,1,0.0,0,0.0,5640.0,2537.12,,0
acct_72d41a39e4,0,1,0.0,0,0.0,2352.0,3100.225,,0
acct_90dd76b5cb,0,1,0.0,0,0.0,5424.0,2351.19,,0
acct_961f805074,0,1,0.0,0,0.0,2520.0,1915.8866666666665,,0
acct_7a62616b4c,4,5,1.0,1,9935.471944444444,15550.224166666667,2720.862857142857,,0
acct_66d33a08d2,0,1,0.0,0,0.0,8328.0,1735.4074999999998,,0
acct_2c7ff9664b,0,1,0.0,0,0.0,4152.0,2763.09,,0
acct_b41c2b203b,0,1,0.0,0,0.0,6024.0,2067.1033333333335,,0
acct_934e0604f9,0,1,0.0,0,0.0,3816.0,1758.6499999999999,,0
acct_00c2d3b87a,0,1,0.0,0,0.0,3456.0,2607.6825,,0
acct_5f2e98d5e5,0,1,0.0,0,0.0,0.0,1954.89,,0
acct_43eb770d24,0,1,0.0,0,0.0,7464.0,2922.596,,0
acct_6f44ea6011,0,1,0.0,0,0.0,4296.0,2081.1766666666667,,0
acct_51de578073,0,1,0.0,0,0.0,7896.0,2804.69,,0
acct_e18fc754bd,0,1,0.0,0,0.0,5328.0,2038.2300000000002,,0
acct_acaaf01af4,0,1,0.0,0,0.0,984.0,1933.795,,0
acct_2f49f31319,0,1,0.0,0,0.0,3888.0,3676.3250000000003,,0
acct_eed0fe8710,0,1,0.0,0,0.0,3816.0,2602.1966666666667,,0
acct_35c0201c3b,0,1,0.0,0,0.0,8208.0,3984.67,,0
acct_1b9cf942ce,0,1,0.0,0,0.0,5904.0,2888.08,,0
acct_5981acf1d4,0,1,0.0,0,0.0,5952.0,2957.8733333333334,,0
acct_c2408ce364,0,1,0.0,0,0.0,4344.0,2562.5375000000004,,0
acct_a5bc99b109,0,1,0.0,0,0.0,4632.0,1615.795,,0
acct_cd7ef9a54b,0,1,0.0,0,0.0,6912.0,999.585,,0
acct_c032020c82,0,1,0.0,0,0.0,1848.0,3573.605,,0
acct_06a19aa094,4,5,1.0,1,9935.471944444444,15550.224166666667,2720.862857142857,,0
acct_8b8039f3b5,0,1,0.0,0,0.0,5880.0,2648.0475,,0
acct_9997f3d897,0,1,0.0,0,0.0,0.0,1094.79,,0
acct_be283e64dd,0,1,0.0,0,0.0,0.0,3034.78,,0
acct_ac8f2896a0,0,1,0.0,0,0.0,1824.0,2439.8433333333332,,0
acct_050b25ce31,0,1,0.0,0,0.0,768.0,3503.0099999999998,,0
acct_5bcf98c91a,0,1,0.0,0,0.0,8544.0,2797.2466666666664,,0
acct_c8ab9dcd94,0,1,0.0,0,0.0,6192.0,2231.4049999999997,,0
acct_e712a6eeb1,7,8,1.0,2,11.590277777777779,13.290277777777778,2603.994705882353,ring_024,1
acct_649d7f35fc,0,1,0.0,0,0.0,3912.0,2531.96,,0
acct_4c66a2ac5a,0,1,0.0,0,0.0,8472.0,2572.326666666667,,0
acct_0afa93a33a,0,1,0.0,0,0.0,7608.0,3737.2675,,0
acct_7be112e067,0,1,0.0,0,0.0,5184.0,2687.3675000000003,,0
acct_17022d9bcc,0,1,0.0,0,0.0,2400.0,4082.205,,0
acct_a2ceed7b14,7,8,1.0,2,11.590277777777779,13.290277777777778,2603.994705882353,ring_024,1
acct_df1a09d3b5,0,1,0.0,0,0.0,6264.0,2910.73,,0
acct_cdc9c2fc9c,0,1,0.0,0,0.0,0.0,2202.72,,0
acct_9a7626d8cb,0,1,0.0,0,0.0,0.0,4648.57,,0
acct_28c8a940e1,2,3,1.0,1,8868.346944444444,12250.685277777779,2430.0128571428572,,0
acct_a0a9295e94,0,1,0.0,0,0.0,0.0,721.99,,0
acct_e2b6199933,0,1,0.0,0,0.0,6672.0,3241.662,,0
acct_035d69eaa0,0,1,0.0,0,0.0,4488.0,3845.146666666667,,0
acct_7340318a80,0,1,0.0,0,0.0,6192.0,2458.346,,0
acct_c58a28e999,0,1,0.0,0,0.0,0.0,1870.3,,0
acct_988005bc28,0,1,0.0,0,0.0,7248.0,2398.4766666666665,,0
acct_9c4167a56b,0,1,0.0,0,0.0,5856.0,2806.7625000000003,,0
acct_b26956daf2,0,1,0.0,0,0.0,0.0,95.48,,0
acct_af7d79dff8,0,1,0.0,0,0.0,4320.0,2850.9125,,0
acct_8fd44a1cc1,0,1,0.0,0,0.0,552.0,1781.745,,0
acct_9c0dfe4772,0,1,0.0,0,0.0,4872.0,2029.6933333333334,,0
acct_d79d72993c,0,1,0.0,0,0.0,1464.0,917.01,,0
acct_f2f9150528,0,1,0.0,0,0.0,888.0,3971.0,,0
acct_f360e6d2be,0,1,0.0,0,0.0,0.0,936.15,,0
acct_a5d9bd218b,0,1,0.0,0,0.0,6984.0,3375.82,,0
acct_0e447ec352,0,1,0.0,0,0.0,4656.0,2012.675,,0
acct_4013c3c2d3,0,1,0.0,0,0.0,3768.0,2410.09,,0
acct_22bdd88ae8,0,1,0.0,0,0.0,8592.0,3259.516666666667,,0
acct_7fd2bad56a,6,7,1.0,1,41.07138888888889,41.18805555555556,2702.285333333333,ring_019,1
acct_199564fae3,0,1,0.0,0,0.0,264.0,3860.7,,0
acct_b6aa9a176f,5,8,0.6785714285714286,3,45.07944444444445,47.26277777777778,2400.7042857142856,ring_037,1
acct_679c9c57e9,0,1,0.0,0,0.0,4056.0,3035.728,,0
acct_dd414191e5,0,1,0.0,0,0.0,6528.0,4051.52,,0
acct_eef00f580c,0,1,0.0,0,0.0,1584.0,2242.1275,,0
acct_a5feda852f,0,1,0.0,0,0.0,1584.0,2767.66,,0
acct_05b60e3ebd,0,1,0.0,0,0.0,4824.0,1238.7225,,0
acct_fb9b24c9d5,4,5,1.0,3,29.642777777777777,29.54277777777778,3381.2890909090916,ring_039,1
acct_f1aa039da3,6,7,1.0,2,25.79222222222222,26.940833333333334,2182.312307692308,ring_016,1
acct_9f9a304b0e,0,1,0.0,0,0.0,7560.0,2513.1450000000004,,0
acct_629485ac24,0,1,0.0,0,0.0,0.0,2802.5,,0
acct_2370e2afcf,1,2,1.0,1,5454.2555555555555,12462.255555555555,1760.892857142857,,0
acct_8a6f00ec10,0,1,0.0,0,0.0,0.0,4316.92,,0
acct_8cda6315ae,0,1,0.0,0,0.0,3792.0,1727.47,,0
acct_a0e618de2d,0,1,0.0,0,0.0,5088.0,777.775,,0
acct_6d38029c6d,0,1,0.0,0,0.0,7728.0,2537.2599999999998,,0
acct_f8fa5cb860,7,8,1.0,2,4.161666666666667,6.3566666666666665,2494.8764285714283,ring_005,1
acct_5ea4efca31,0,1,0.0,0,0.0,0.0,1537.97,,0
acct_c2733dc900,0,1,0.0,0,0.0,5760.0,2384.022,,0
acct_9c76b26be5,0,1,0.0,0,0.0,6408.0,2823.544,,0
acct_0622b28f91,0,1,0.0,0,0.0,8040.0,2076.906,,0
acct_ed881c255a,0,1,0.0,0,0.0,1776.0,2853.17,,0
acct_a5eb236d38,0,1,0.0,0,0.0,1152.0,2367.685,,0
acct_2eba1c89b9,0,1,0.0,0,0.0,696.0,2574.285,,0
acct_18ca58a1b9,0,1,0.0,0,0.0,5544.0,1269.148,,0
acct_77b27cb7fd,0,1,0.0,0,0.0,0.0,2764.43,,0
acct_8b6021d2c9,0,1,0.0,0,0.0,0.0,3218.88,,0
acct_8665f684d8,0,1,0.0,0,0.0,2304.0,3218.9433333333327,,0
acct_43f449b4aa,0,1,0.0,0,0.0,0.0,4898.45,,0
acct_d2813ec031,0,1,0.0,0,0.0,4968.0,4696.615,,0
acct_70f4e764c3,0,1,0.0,0,0.0,2712.0,3309.955,,0
acct_230745382c,0,1,0.0,0,0.0,7440.0,2217.7599999999998,,0
acct_84cb286124,0,1,0.0,0,0.0,0.0,1624.08,,0
acct_944a647fb3,0,1,0.0,0,0.0,6888.0,2588.7549999999997,,0
acct_0a44d3a59a,0,1,0.0,0,0.0,3120.0,1838.73,,0
acct_9968c18927,0,1,0.0,0,0.0,7272.0,1649.27,,0
acct_3841de67bd,0,1,0.0,0,0.0,360.0,3092.626666666667,,0
acct_24501bb9c7,0,1,0.0,0,0.0,4464.0,3127.9975000000004,,0
acct_49cf1a035e,4,5,1.0,1,11711.1075,20375.1075,3475.5614285714287,,0
acct_758054b257,0,1,0.0,0,0.0,8520.0,2330.0699999999997,,0
acct_b16a462a2d,0,1,0.0,0,0.0,0.0,3729.88,,0
acct_2660659f63,0,1,0.0,0,0.0,8856.0,3117.996,,0
acct_7c9d412340,0,1,0.0,0,0.0,9024.0,1827.962,,0
acct_d226dd617a,0,1,0.0,0,0.0,7320.0,2456.3920000000003,,0
acct_27ae863b98,0,1,0.0,0,0.0,4032.0,1876.373333333333,,0
acct_2268f87802,0,1,0.0,0,0.0,0.0,4574.52,,0
acct_d1a7c7bb05,0,1,0.0,0,0.0,5184.0,2873.585,,0
acct_3d4700474e,0,1,0.0,0,0.0,6960.0,2927.8175,,0
acct_d4bc0049b7,0,1,0.0,0,0.0,7152.0,2974.218,,0
acct_60aee74389,0,1,0.0,0,0.0,0.0,4456.47,,0
acct_1b1493f252,7,8,1.0,2,12.523055555555555,12.553888888888888,1878.7842857142855,ring_030,1
acct_9806be6e79,7,8,1.0,2,9.56,9.661388888888888,2097.7335714285714,ring_022,1
acct_170a676598,0,1,0.0,0,0.0,0.0,2595.88,,0
acct_ce001b35d7,0,1,0.0,0,0.0,936.0,373.615,,0
acct_41bb683c1d,0,1,0.0,0,0.0,2496.0,2792.593333333333,,0
acct_f5ba9ea25e,0,1,0.0,0,0.0,5328.0,2062.8039999999996,,0
acct_5da8980eb9,0,1,0.0,0,0.0,864.0,850.04,,0
acct_71c8180914,0,1,0.0,0,0.0,8736.0,3048.255,,0
acct_1bd2d1419e,0,1,0.0,0,0.0,0.0,2470.89,,0
acct_fe51a2356c,0,1,0.0,0,0.0,5592.0,3853.0499999999997,,0
acct_426ba9e232,0,1,0.0,0,0.0,4824.0,1376.15,,0
acct_958ebb0efc,2,3,1.0,1,7831.245277777778,13591.245277777778,2911.8424999999997,,0
acct_bda40358b9,0,1,0.0,0,0.0,7176.0,1393.534,,0
acct_c731f895fd,0,1,0.0,0,0.0,1656.0,2884.635,,0
acct_123f63cd62,0,1,0.0,0,0.0,5760.0,3253.8950000000004,,0
acct_5553dd702a,0,1,0.0,0,0.0,0.0,3665.76,,0
acct_4200065fc4,0,1,0.0,0,0.0,5640.0,2464.254,,0
acct_e50068090f,0,1,0.0,0,0.0,2784.0,318.775,,0
acct_da97c30bac,0,1,0.0,0,0.0,0.0,2066.12,,0
acct_224094a44b,0,1,0.0,0,0.0,5760.0,2251.5633333333335,,0
acct_fc669b9155,0,1,0.0,0,0.0,2208.0,2095.25,,0
acct_b6184f9b29,0,1,0.0,0,0.0,0.0,252.4,,0
acct_60692d46d9,0,1,0.0,0,0.0,0.0,3736.54,,0
acct_5cfbecaccd,0,1,0.0,0,0.0,3936.0,1467.73,,0
acct_38490343be,0,1,0.0,0,0.0,1368.0,3224.46,,0
acct_2f1cd04d06,0,1,0.0,0,0.0,0.0,3361.29,,0
acct_cf02ffe4e3,0,1,0.0,0,0.0,5400.0,2755.264,,0
acct_8e73103eb7,0,1,0.0,0,0.0,1512.0,3516.7833333333333,,0
acct_9152f27dc8,0,1,0.0,0,0.0,6840.0,2284.4280000000003,,0
acct_c00bd434a0,0,1,0.0,0,0.0,480.0,1419.2866666666669,,0
acct_6ed8ab7eea,0,1,0.0,0,0.0,6384.0,1710.075,,0
acct_0ada43cbed,0,1,0.0,0,0.0,5616.0,3861.2819999999992,,0
acct_e9bbd09b1f,0,1,0.0,0,0.0,8256.0,1440.242,,0
acct_1dfa5acce6,0,1,0.0,0,0.0,4272.0,3116.6850000000004,,0
acct_9512899ac5,0,1,0.0,0,0.0,5328.0,2599.13,,0
acct_4a3992ea9a,0,1,0.0,0,0.0,5208.0,2731.636,,0
acct_e0ba724c59,0,1,0.0,0,0.0,3024.0,1467.325,,0
acct_9dc538dad6,0,1,0.0,0,0.0,96.0,4506.5650000000005,,0
acct_3cb8c4171b,0,1,0.0,0,0.0,0.0,4901.12,,0
acct_e4a9d31dfd,0,1,0.0,0,0.0,1416.0,1197.525,,0
acct_54e82b6f9b,0,1,0.0,0,0.0,5424.0,3172.06,,0
acct_25296ea5a4,0,1,0.0,0,0.0,0.0,4088.81,,0
acct_4d07aba4a9,0,1,0.0,0,0.0,3240.0,2433.59,,0
acct_0d83fb55bb,0,1,0.0,0,0.0,7152.0,2230.37,,0
acct_3ec10cb6a8,0,1,0.0,0,0.0,6744.0,1947.2275,,0
acct_0dc462b0c0,0,1,0.0,0,0.0,3720.0,1151.715,,0
acct_affb643f03,0,1,0.0,0,0.0,6960.0,2245.415,,0
acct_4726fa9249,0,1,0.0,0,0.0,4392.0,1012.225,,0
acct_adb7cc3584,4,5,1.0,1,11711.1075,20375.1075,3475.5614285714287,,0
acct_8c5da00619,0,1,0.0,0,0.0,0.0,3829.06,,0
acct_147d66ec4d,0,1,0.0,0,0.0,0.0,1279.3,,0
acct_04ac9c408c,0,1,0.0,0,0.0,0.0,756.05,,0
acct_182fa193b5,0,1,0.0,0,0.0,4056.0,3363.9560000000006,,0
acct_01ba03b6eb,0,1,0.0,0,0.0,7416.0,2467.925,,0
acct_a097fb59f9,0,1,0.0,0,0.0,7968.0,780.3700000000001,,0
acct_eb69516c31,0,1,0.0,0,0.0,4440.0,975.775,,0
acct_7138dc7df7,0,1,0.0,0,0.0,6024.0,3563.213333333333,,0
acct_2a5c09bad6,0,1,0.0,0,0.0,0.0,889.32,,0
acct_fe2bbba9e9,0,1,0.0,0,0.0,0.0,553.59,,0
acct_6184891b37,0,1,0.0,0,0.0,3336.0,1848.8766666666663,,0
acct_f01306cc52,0,1,0.0,0,0.0,6600.0,2413.156,,0
acct_db4fff996e,0,1,0.0,0,0.0,4800.0,3615.236666666666,,0
acct_73a1c9cd28,0,1,0.0,0,0.0,8712.0,4072.9966666666664,,0
acct_cc3309b04a,0,1,0.0,0,0.0,1560.0,2201.08,,0
acct_2e3a6ec2a0,0,1,0.0,0,0.0,4416.0,2787.585,,0
acct_e8c676a292,0,1,0.0,0,0.0,5496.0,2226.08,,0
acct_66f3c893b6,0,1,0.0,0,0.0,4440.0,3547.3925,,0
acct_e64a7a8e84,0,1,0.0,0,0.0,3792.0,2529.8849999999998,,0
acct_2ced8a2dec,0,1,0.0,0,0.0,9168.0,1887.676,,0
acct_e6abe43f43,0,1,0.0,0,0.0,0.0,2813.95,,0
acct_60338b353c,0,1,0.0,0,0.0,2928.0,1090.58,,0
acct_76e996310a,0,1,0.0,0,0.0,3168.0,3594.715,,0
acct_29bce4b000,0,1,0.0,0,0.0,6864.0,1396.1575,,0
acct_060667c776,0,1,0.0,0,0.0,3792.0,765.0424999999999,,0
acct_865816bcf3,0,1,0.0,0,0.0,5064.0,1267.02,,0
acct_a9f5bf9599,0,1,0.0,0,0.0,3432.0,3195.745,,0
acct_840b155150,0,1,0.0,0,0.0,3792.0,2608.726666666667,,0
acct_0d127e49a4,0,1,0.0,0,0.0,7872.0,646.6166666666667,,0
acct_5d5951b327,0,1,0.0,0,0.0,5064.0,2713.825,,0
acct_0b66cc115f,0,1,0.0,0,0.0,4008.0,2970.8224999999998,,0
acct_86a737aa71,0,1,0.0,0,0.0,3072.0,3392.94,,0
acct_965f1876e1,0,1,0.0,0,0.0,1536.0,712.955,,0
acct_faaaa85f97,0,1,0.0,0,0.0,5928.0,3417.9349999999995,,0
acct_174b0507ad,0,1,0.0,0,0.0,3384.0,1484.5074999999997,,0
acct_035848b4b2,0,1,0.0,0,0.0,9432.0,2620.1760000000004,,0
acct_830d764b6a,0,1,0.0,0,0.0,5520.0,2937.6,,0
acct_3d96a84ddd,0,1,0.0,0,0.0,3144.0,984.484,,0
acct_9e45032735,0,1,0.0,0,0.0,4848.0,2814.65,,0
acct_0669cbf840,0,1,0.0,0,0.0,4512.0,1943.7033333333331,,0
acct_3dfa6631fd,0,1,0.0,0,0.0,4224.0,3304.594,,0
acct_d2b20fda42,0,1,0.0,0,0.0,5376.0,2397.1400000000003,,0
acct_b27396f880,0,1,0.0,0,0.0,2808.0,2834.4750000000004,,0
acct_6af1452197,0,1,0.0,0,0.0,7824.0,2146.9139999999998,,0
acct_6358f4fe9c,0,1,0.0,0,0.0,5616.0,1881.5049999999999,,0
acct_05626c01c7,0,1,0.0,0,0.0,0.0,3843.27,,0
acct_6d59c93060,0,1,0.0,0,0.0,3480.0,3113.69,,0
acct_0ed80a4117,0,1,0.0,0,0.0,5112.0,2303.15,,0
acct_0a8bd0214c,0,1,0.0,0,0.0,0.0,936.97,,0
acct_5d590d1ba2,3,4,0.6666666666666666,2,17.4075,19.274166666666666,3086.1700000000005,ring_025,1
acct_2f45aad28d,2,3,1.0,1,9.05861111111111,10.758611111111112,4026.9014285714284,ring_006,1
acct_eb482d99ea,0,1,0.0,0,0.0,7128.0,2676.445,,0
acct_e0a64fc44e,0,1,0.0,0,0.0,5160.0,2486.946,,0
acct_cd37f632e5,0,1,0.0,0,0.0,0.0,3963.42,,0
acct_a10c942813,0,1,0.0,0,0.0,5568.0,1938.482,,0
acct_8524916a9e,0,1,0.0,0,0.0,840.0,2488.2633333333333,,0
acct_aab2421843,0,1,0.0,0,0.0,4104.0,2219.495,,0
acct_7b0fdbc06b,0,1,0.0,0,0.0,1032.0,1711.085,,0
acct_2a64dc83a9,0,1,0.0,0,0.0,5688.0,1480.24,,0
acct_7017efa483,0,1,0.0,0,0.0,3456.0,3372.4700000000003,,0
acct_f7a6bf604c,0,1,0.0,0,0.0,0.0,3958.32,,0
acct_bbedc2c3d6,0,1,0.0,0,0.0,8136.0,2605.8450000000003,,0
acct_458777ab81,0,1,0.0,0,0.0,0.0,392.83,,0
acct_6ae029b945,3,4,1.0,1,10460.595555555556,15504.341388888888,2397.745,,0
acct_634f09412d,0,1,0.0,0,0.0,4608.0,1125.285,,0
acct_acea9ac139,0,1,0.0,0,0.0,4560.0,2308.9533333333334,,0
acct_ff52ee3340,0,1,0.0,0,0.0,48.0,2542.575,,0
acct_f58a585309,0,1,0.0,0,0.0,0.0,3926.21,,0
acct_fc01240332,0,1,0.0,0,0.0,7272.0,2481.4339999999997,,0
acct_36eeecac45,0,1,0.0,0,0.0,0.0,4487.68,,0
acct_cc24d05765,4,5,1.0,1,9935.471944444444,15550.224166666667,2720.862857142857,,0
acct_207643c3bb,0,1,0.0,0,0.0,7824.0,3901.9400000000005,,0
acct_4a95457642,0,1,0.0,0,0.0,0.0,1132.18,,0
acct_4b84139820,0,1,0.0,0,0.0,4344.0,2184.805,,0
acct_af02d2fd7c,0,1,0.0,0,0.0,4752.0,3872.285,,0
acct_cef826c3fc,0,1,0.0,0,0.0,0.0,4488.44,,0
acct_2c8dfab2b4,0,1,0.0,0,0.0,6456.0,3475.506,,0
acct_32e90c90f2,0,1,0.0,0,0.0,4224.0,3197.353333333334,,0
acct_ec3c43769c,0,1,0.0,0,0.0,3168.0,3220.395,,0
acct_980bf0d02e,3,4,1.0,1,2753.751111111111,10385.75111111111,2719.648,,0
acct_55d5044910,0,1,0.0,0,0.0,0.0,4665.86,,0
acct_5577da56ee,0,1,0.0,0,0.0,0.0,3762.22,,0
acct_7a04d2fe85,0,1,0.0,0,0.0,9144.0,1967.904,,0
acct_b7d1276b6c,2,4,0.6666666666666666,2,17.4075,19.274166666666666,3086.1700000000005,ring_025,1
acct_23455568e8,0,1,0.0,0,0.0,3408.0,2545.7533333333336,,0
acct_69d9b6013e,0,1,0.0,0,0.0,6120.0,1297.4766666666667,,0
acct_87af7467ae,0,1,0.0,0,0.0,7944.0,1619.6125000000002,,0
acct_6a410875a0,0,1,0.0,0,0.0,6144.0,2536.468,,0
acct_b1ddcaa449,0,1,0.0,0,0.0,8304.0,2270.7725,,0
acct_0d534ef59c,0,1,0.0,0,0.0,4800.0,1307.76,,0
acct_147a7e71da,0,1,0.0,0,0.0,6576.0,2176.6679999999997,,0
acct_34cc9b36e5,0,1,0.0,0,0.0,0.0,3861.66,,0
acct_b4e1d0befb,0,1,0.0,0,0.0,6336.0,3858.265,,0
acct_9347b5df49,0,1,0.0,0,0.0,0.0,1942.9,,0
acct_be89848b0f,0,1,0.0,0,0.0,3984.0,2506.645,,0
acct_f206721e7b,0,1,0.0,0,0.0,4368.0,2752.0499999999997,,0
acct_d020448644,0,1,0.0,0,0.0,4272.0,3887.29,,0
acct_d4f3e4d77a,0,1,0.0,0,0.0,0.0,460.67,,0
acct_3dc14cf2cc,0,1,0.0,0,0.0,600.0,2252.9500000000003,,0
acct_83b3071aac,0,1,0.0,0,0.0,0.0,4639.64,,0
acct_25bc626bb2,0,1,0.0,0,0.0,0.0,752.09,,0
acct_55d725f399,0,1,0.0,0,0.0,3864.0,2241.5333333333333,,0
acct_3729cf8225,0,1,0.0,0,0.0,5712.0,2473.6625,,0
acct_a1dddc49a3,0,1,0.0,0,0.0,7656.0,3336.3833333333337,,0
acct_0b642d15c2,0,1,0.0,0,0.0,7368.0,3276.4100000000003,,0
acct_6314110869,0,1,0.0,0,0.0,4920.0,2362.9900000000002,,0
acct_946c68a381,0,1,0.0,0,0.0,0.0,164.04,,0
acct_801624c662,0,1,0.0,0,0.0,7656.0,1245.914,,0
acct_e5dfef5bd5,6,7,1.0,2,25.79222222222222,26.940833333333334,2182.312307692308,ring_016,1
acct_ff3012dad6,7,8,1.0,2,3.3016666666666667,5.101666666666667,2161.4352941176467,ring_026,1
acct_4a21f594f3,0,1,0.0,0,0.0,6072.0,2734.184,,0
acct_972249d648,0,1,0.0,0,0.0,7392.0,2499.5466666666666,,0
acct_028abad3f1,0,1,0.0,0,0.0,4296.0,3023.265,,0
acct_100fe33fe6,0,1,0.0,0,0.0,3432.0,1980.8349999999998,,0
acct_c28a2214bb,0,1,0.0,0,0.0,0.0,1302.67,,0
acct_bf64fb33d6,0,1,0.0,0,0.0,7560.0,2551.19,,0
acct_37ff88a803,0,1,0.0,0,0.0,2616.0,2843.73,,0
acct_2cb1845cfd,0,1,0.0,0,0.0,6960.0,1370.08,,0
acct_a35b83e70b,0,1,0.0,0,0.0,4272.0,2410.083333333333,,0
acct_317f3dcc5b,0,1,0.0,0,0.0,4728.0,1751.7433333333336,,0
acct_356f4556ec,0,1,0.0,0,0.0,0.0,4468.69,,0
acct_d3a920cfdb,0,1,0.0,0,0.0,5952.0,2853.395,,0
acct_24ec93767f,0,1,0.0,0,0.0,1536.0,1504.5900000000001,,0
acct_5f9682494f,0,1,0.0,0,0.0,6864.0,1695.7150000000001,,0
acct_b807849a54,0,1,0.0,0,0.0,6504.0,2361.782,,0
acct_511167327a,0,1,0.0,0,0.0,0.0,2375.97,,0
acct_93f689868e,0,1,0.0,0,0.0,5616.0,1841.4450000000002,,0
acct_e8322b41e3,0,1,0.0,0,0.0,7968.0,3190.068,,0
acct_4d5c2b6dee,0,1,0.0,0,0.0,1128.0,2353.215,,0
acct_f65994d9ec,0,1,0.0,0,0.0,6120.0,2720.61,,0
acct_976785f234,0,1,0.0,0,0.0,5280.0,4572.483333333334,,0
acct_b896d28310,0,1,0.0,0,0.0,0.0,287.62,,0
acct_87020ce97f,0,1,0.0,0,0.0,7536.0,1941.543333333333,,0
acct_2f088a05e0,0,1,0.0,0,0.0,216.0,1806.6100000000001,,0
acct_9b4e663ac8,0,1,0.0,0,0.0,4176.0,3072.0550000000003,,0
acct_4c502cc926,0,1,0.0,0,0.0,0.0,2661.57,,0
acct_f5808b3df0,0,1,0.0,0,0.0,7848.0,2466.6699999999996,,0
acct_83615b8362,4,5,1.0,1,11618.520833333334,14330.520833333334,2731.6316666666667,,0
acct_e4e61d099c,2,3,1.0,1,3798.8547222222223,8682.932222222222,3613.54,,0
acct_9cc24d92ad,0,1,0.0,0,0.0,0.0,114.98,,0
acct_5feafc149e,0,1,0.0,0,0.0,3432.0,3282.74,,0
acct_e839c27148,0,1,0.0,0,0.0,6792.0,3518.513333333334,,0
acct_1ff69fc786,0,1,0.0,0,0.0,7392.0,3706.3233333333337,,0
acct_1e292c76b3,0,1,0.0,0,0.0,1080.0,3152.25,,0
acct_2fdb1ccb19,0,1,0.0,0,0.0,4776.0,2636.6059999999998,,0
acct_8bc4c14b13,0,1,0.0,0,0.0,3480.0,2491.33,,0
acct_2a5ed06f29,2,3,1.0,1,8458.760555555555,13066.760555555555,2776.433333333333,,0
acct_c5a04179b5,0,1,0.0,0,0.0,0.0,3326.33,,0
acct_3e03f8b7be,0,1,0.0,0,0.0,2424.0,1366.5774999999999,,0
acct_50041f7430,2,3,1.0,1,4002.493611111111,9594.493611111111,2368.1166666666663,,0
acct_5bb4c9e1e8,0,1,0.0,0,0.0,6192.0,2135.105,,0
acct_6259774b1e,0,1,0.0,0,0.0,696.0,2808.73,,0
acct_1c841abb7c,1,2,1.0,1,5297.345555555556,10697.345555555556,2097.6266666666666,,0
acct_58d4b5f946,0,1,0.0,0,0.0,504.0,2753.53,,0
acct_24b6e9fc61,0,1,0.0,0,0.0,2160.0,3571.0,,0
acct_e6d0bf0604,0,1,0.0,0,0.0,7920.0,2114.174,,0
acct_3f5e0b392a,0,1,0.0,0,0.0,6072.0,946.6833333333334,,0
acct_640e3c4525,4,5,1.0,1,9015.800277777778,10639.468333333334,2295.143125,,0
acct_2b3ee1f3fc,5,6,1.0,1,9.385277777777778,11.440277777777778,3437.2266666666674,ring_014,1
acct_422d08a42b,0,1,0.0,0,0.0,8232.0,3401.81,,0
acct_3db736b503,0,1,0.0,0,0.0,6600.0,2491.0274999999997,,0
acct_a38cceef6f,3,4,1.0,1,7086.2025,14742.2025,2188.1133333333332,,0
acct_576ec9a5ef,0,1,0.0,0,0.0,3000.0,2240.92,,0
acct_cd28f4ff87,0,1,0.0,0,0.0,6216.0,3362.445,,0
acct_6c593129ae,0,1,0.0,0,0.0,3384.0,2528.118,,0
acct_1fa6bccc19,0,1,0.0,0,0.0,1800.0,1916.706666666667,,0
acct_acf57e6205,0,1,0.0,0,0.0,0.0,4607.2,,0
acct_27582127af,0,1,0.0,0,0.0,4968.0,3165.1875,,0
acct_d9f0048750,0,1,0.0,0,0.0,6192.0,2287.1719999999996,,0
acct_b71c10f02d,0,1,0.0,0,0.0,0.0,2624.38,,0
acct_c8765ad1e5,0,1,0.0,0,0.0,3264.0,1663.7533333333333,,0
acct_d93620de96,3,4,1.0,1,12238.945,12942.469166666666,2493.8900000000003,,0
acct_a1af8f024d,0,1,0.0,0,0.0,696.0,4127.795,,0
acct_0e3419f0f5,0,1,0.0,0,0.0,6672.0,2710.9300000000003,,0
acct_d02f1b4970,0,1,0.0,0,0.0,4320.0,1157.4720000000002,,0
acct_1a731d07e2,0,1,0.0,0,0.0,8376.0,3249.7999999999997,,0
acct_6088e4620e,0,1,0.0,0,0.0,1824.0,2809.5950000000003,,0
acct_bda731f27e,0,1,0.0,0,0.0,5640.0,1564.5533333333333,,0
acct_5a491c893d,0,1,0.0,0,0.0,3696.0,3788.3475,,0
acct_a216e33f4a,0,1,0.0,0,0.0,7776.0,1295.7433333333333,,0
acct_efd98efabd,0,1,0.0,0,0.0,48.0,2207.3599999999997,,0
acct_95fd83824c,0,1,0.0,0,0.0,4248.0,2026.58,,0
acct_c882c0980e,0,1,0.0,0,0.0,4392.0,2888.1800000000003,,0
acct_99fde4662d,0,1,0.0,0,0.0,4368.0,1348.4,,0
acct_5ad84551fc,0,1,0.0,0,0.0,3696.0,2702.393333333333,,0
acct_7acabd4125,0,1,0.0,0,0.0,7584.0,1513.92,,0
acct_d4fbb60592,7,8,1.0,2,4.161666666666667,6.3566666666666665,2494.8764285714283,ring_005,1
acct_d3136788a3,0,1,0.0,0,0.0,7104.0,3434.8240000000005,,0
acct_31f29c4a84,0,1,0.0,0,0.0,0.0,1065.07,,0
acct_df01a5aefe,0,1,0.0,0,0.0,816.0,2220.145,,0
acct_b79679ec35,0,1,0.0,0,0.0,5136.0,4053.065,,0
acct_7f4fa4977b,0,1,0.0,0,0.0,0.0,3137.14,,0
acct_672ab4367c,0,1,0.0,0,0.0,480.0,1710.555,,0
acct_f534efefe8,7,8,1.0,2,4.161666666666667,6.3566666666666665,2494.8764285714283,ring_005,1
acct_c3ec4bc142,0,1,0.0,0,0.0,4920.0,2320.955,,0
acct_4c4ce1d2f7,0,1,0.0,0,0.0,0.0,1534.62,,0
acct_56e2ddca8d,0,1,0.0,0,0.0,5808.0,2994.0375000000004,,0
acct_d32aac6eac,0,1,0.0,0,0.0,7368.0,2459.245,,0
acct_15d81bc726,0,1,0.0,0,0.0,4824.0,2508.394,,0
acct_49e80a42de,0,1,0.0,0,0.0,0.0,2113.64,,0
acct_915aac9311,0,1,0.0,0,0.0,3816.0,289.085,,0
acct_eb3ea0a62c,3,6,0.7333333333333333,3,30.106666666666666,32.84,3027.1691666666666,ring_036,1
acct_8a325490bd,0,1,0.0,0,0.0,8784.0,2712.5075,,0
acct_3108b060fd,0,1,0.0,0,0.0,6648.0,3042.6240000000007,,0
acct_45a08d0659,0,1,0.0,0,0.0,4680.0,2742.5299999999997,,0
acct_aa6695eeac,0,1,0.0,0,0.0,7104.0,3244.96,,0
acct_4b1586cbd1,0,1,0.0,0,0.0,6360.0,2579.6099999999997,,0
acct_d046d79d38,0,1,0.0,0,0.0,0.0,196.13,,0
acct_b85e119f21,0,1,0.0,0,0.0,1536.0,1525.04,,0
acct_fb5b8ab856,1,2,1.0,1,3378.435,8208.0,3800.8233333333333,,0
acct_1f30ebec5f,0,1,0.0,0,0.0,336.0,4667.835,,0
acct_2ca3ae8dfb,0,1,0.0,0,0.0,0.0,3078.92,,0
acct_115ac98c65,0,1,0.0,0,0.0,0.0,4241.67,,0
acct_7f75ac7d26,0,1,0.0,0,0.0,0.0,3828.59,,0
acct_e890996def,0,1,0.0,0,0.0,6936.0,3175.12,,0
acct_d029748743,0,1,0.0,0,0.0,5232.0,1973.5500000000002,,0
acct_a4fd44d2c7,0,1,0.0,0,0.0,2616.0,2452.6349999999998,,0
acct_418486f8e4,0,1,0.0,0,0.0,6672.0,3866.3,,0
acct_98dc4922e8,0,1,0.0,0,0.0,0.0,214.53,,0
acct_94623841a7,0,1,0.0,0,0.0,4944.0,2346.4449999999997,,0
acct_b974e3b28e,0,1,0.0,0,0.0,0.0,967.26,,0
acct_896b63af99,0,1,0.0,0,0.0,4320.0,2755.9259999999995,,0
acct_6c27a90b0b,0,1,0.0,0,0.0,0.0,2166.18,,0
acct_158bbfd5a4,7,8,1.0,2,32.19416666666667,32.96083333333333,3103.1525,ring_001,1
acct_6b05f5b6c4,0,1,0.0,0,0.0,5400.0,875.5366666666665,,0
acct_65a6ad1c64,0,1,0.0,0,0.0,480.0,3298.93,,0
acct_8c1eabd6f5,0,1,0.0,0,0.0,1104.0,3968.72,,0
acct_7335a968ac,0,1,0.0,0,0.0,216.0,3129.015,,0
acct_5198db2a2f,0,1,0.0,0,0.0,2832.0,2347.296,,0
acct_0606af18df,0,1,0.0,0,0.0,0.0,1060.95,,0
acct_72945a9515,0,1,0.0,0,0.0,8544.0,2862.616666666667,,0
acct_d654c5ea96,0,1,0.0,0,0.0,5136.0,4028.954,,0
acct_c94a695f82,0,1,0.0,0,0.0,4944.0,2388.6659999999997,,0
acct_63e91d2afc,0,1,0.0,0,0.0,8928.0,1531.0900000000001,,0
acct_609fe9883d,0,1,0.0,0,0.0,1896.0,3242.95,,0
acct_b61fbfe4b1,0,1,0.0,0,0.0,0.0,2436.76,,0
acct_e01aad39db,0,1,0.0,0,0.0,7992.0,2270.6275,,0
acct_e7a8199e8a,0,1,0.0,0,0.0,3816.0,2057.886,,0
acct_8c2a0ef89e,0,1,0.0,0,0.0,6792.0,1999.218,,0
acct_0552cf06f2,0,1,0.0,0,0.0,0.0,1780.85,,0
acct_501b838c4a,0,1,0.0,0,0.0,1296.0,1555.835,,0
acct_e7e607eba0,0,1,0.0,0,0.0,0.0,430.18,,0
acct_c9ae593904,0,1,0.0,0,0.0,4296.0,3083.8866666666668,,0
acct_f0ba47b862,0,1,0.0,0,0.0,960.0,3746.0200000000004,,0
acct_6e64532485,3,4,1.0,1,2753.751111111111,10385.75111111111,2719.648,,0
acct_823b9de85b,6,7,1.0,1,18.309444444444445,18.509444444444444,2866.34,ring_034,1
acct_2764b2b21f,0,1,0.0,0,0.0,7608.0,2374.246,,0
acct_ae6e6c9fca,3,4,1.0,1,7086.2025,14742.2025,2188.1133333333332,,0
acct_caf9e26319,0,1,0.0,0,0.0,6816.0,960.1600000000001,,0
acct_ad9bf38756,0,1,0.0,0,0.0,4752.0,1853.1740000000002,,0
acct_fdbec684c7,0,1,0.0,0,0.0,7080.0,3734.866666666667,,0
acct_f6d6979b4f,0,1,0.0,0,0.0,6912.0,2306.7566666666667,,0
acct_79846f558f,0,1,0.0,0,0.0,8280.0,3844.804,,0
acct_00bd0f7318,0,1,0.0,0,0.0,0.16666666666666666,2977.24,ring_029,1
acct_103ef63cbb,0,1,0.0,0,0.0,8208.0,2023.4900000000002,,0
acct_a7f6203f0a,0,1,0.0,0,0.0,0.0,3868.13,,0
acct_05401081f1,0,1,0.0,0,0.0,3984.0,2451.3733333333334,,0
acct_fc36bb4695,0,1,0.0,0,0.0,8088.0,2637.076666666667,,0
acct_192932958b,6,7,1.0,1,41.07138888888889,41.18805555555556,2702.285333333333,ring_019,1
acct_6fe784d641,0,1,0.0,0,0.0,6384.0,3021.2875000000004,,0
acct_e72fc6eba0,0,1,0.0,0,0.0,0.0,4490.37,,0
acct_5e72317f2d,0,1,0.0,0,0.0,7848.0,3036.142,,0
acct_abca7a0f0d,0,1,0.0,0,0.0,6240.0,2329.025,,0
acct_08aed8bfed,0,1,0.0,0,0.0,0.0,240.58,,0
acct_a65a14d71d,0,1,0.0,0,0.0,8256.0,2230.1780000000003,,0
acct_f9562dbdcd,0,1,0.0,0,0.0,6048.0,1750.3166666666668,,0
acct_2be11fb387,0,1,0.0,0,0.0,6984.0,1909.2300000000002,,0
acct_847ede7b3f,0,1,0.0,0,0.0,1536.0,2503.25,,0
acct_281fdd5f8a,6,7,0.7142857142857143,3,20.863055555555555,19.013055555555557,2280.639090909091,ring_004,1
acct_2357f565db,0,1,0.0,0,0.0,2688.0,2417.295,,0
acct_496629dff9,0,1,0.0,0,0.0,0.0,3064.74,,0
acct_d3855bbf86,0,1,0.0,0,0.0,2832.0,3245.7033333333334,,0
acct_1e5aa472ca,0,1,0.0,0,0.0,4248.0,3732.2700000000004,,0
acct_f78ad94a60,0,1,0.0,0,0.0,3288.0,2131.615,,0
acct_6175ea91b6,6,7,1.0,1,38.2225,38.55583333333333,2845.181428571428,ring_010,1
acct_2f8f032bd3,0,1,0.0,0,0.0,6240.0,3223.2780000000002,,0
acct_8f823f7ce6,0,1,0.0,0,0.0,6456.0,2262.9139999999998,,0
acct_d4fa155b19,0,1,0.0,0,0.0,4176.0,2544.525,,0
acct_2b881ce290,0,1,0.0,0,0.0,8064.0,3508.295,,0
acct_b8c6dd7c4c,0,1,0.0,0,0.0,5880.0,2725.82,,0
acct_f6ba84a11b,0,1,0.0,0,0.0,6840.0,2046.5549999999998,,0
acct_d02118252d,0,1,0.0,0,0.0,7272.0,3208.05,,0
acct_5d45d1c710,0,1,0.0,0,0.0,0.0,647.9,,0
acct_22010f86ae,0,1,0.0,0,0.0,7848.0,3625.3700000000003,,0
acct_5ad0bf633d,0,1,0.0,0,0.0,6216.0,2643.075,,0
acct_c8ddf967f9,0,1,0.0,0,0.0,4608.0,2944.8075,,0
acct_49e29c1a6c,0,1,0.0,0,0.0,8544.0,3498.6079999999993,,0
acct_130d581626,0,1,0.0,0,0.0,7656.0,3311.23,,0
acct_18be1c74bc,0,1,0.0,0,0.0,5496.0,2006.056,,0
acct_260b8cc901,0,1,0.0,0,0.0,5736.0,2639.496,,0
acct_5c5f67fe82,0,1,0.0,0,0.0,7272.0,2530.4700000000003,,0
acct_3cb1bd97fd,0,1,0.0,0,0.0,1776.0,3511.83,,0
acct_407550a90f,0,1,0.0,0,0.0,2160.0,1621.68,,0
acct_2a0dcac0bc,0,1,0.0,0,0.0,1104.0,3211.28,,0
acct_3b6f2b7fe0,0,1,0.0,0,0.0,0.0,3348.85,,0
acct_45725b74d3,0,1,0.0,0,0.0,5064.0,2430.225,,0
acct_5fdbcbc751,0,1,0.0,0,0.0,0.0,4517.58,,0
acct_5d9020ab2f,0,1,0.0,0,0.0,6936.0,3044.956,,0
acct_d599f2727a,0,1,0.0,0,0.0,5040.0,2007.4474999999998,,0
acct_5b9ede7fbe,0,1,0.0,0,0.0,7296.0,3426.505,,0
acct_c7c99bdedb,0,1,0.0,0,0.0,7008.0,1488.9899999999998,,0
acct_69f4b76daa,0,1,0.0,0,0.0,5400.0,3365.7000000000003,,0
acct_082a6cfe8a,0,1,0.0,0,0.0,8208.0,2389.6566666666668,,0
acct_dab77b6ee2,0,1,0.0,0,0.0,5112.0,2534.45,,0
acct_f7e891dd12,4,5,1.0,1,6179.855277777778,9621.6575,2926.6407692307694,,0
acct_26e240800b,4,5,1.0,1,9935.471944444444,15550.224166666667,2720.862857142857,,0
acct_3470ca59e2,4,5,1.0,3,29.642777777777777,29.54277777777778,3381.2890909090916,ring_039,1
acct_a85b082c81,0,1,0.0,0,0.0,6000.0,2505.34,,0
acct_32c6740bf0,7,8,1.0,2,32.19416666666667,32.96083333333333,3103.1525,ring_001,1
acct_ad5a2efc76,7,8,1.0,2,9.45888888888889,11.975555555555555,2362.2805263157898,ring_011,1
acct_22d7f4d590,2,3,1.0,1,5854.232777777778,7557.8983333333335,3590.598571428571,,0
acct_6f0b4b34a6,0,1,0.0,0,0.0,6576.0,2414.596,,0
acct_6bbec7a707,0,1,0.0,0,0.0,7224.0,2106.5175,,0
acct_00591a4b07,0,1,0.0,0,0.0,5784.0,2517.145,,0
acct_653c290fcf,0,1,0.0,0,0.0,4680.0,2104.6099999999997,,0
acct_a721845f96,0,1,0.0,0,0.0,8280.0,2204.5533333333333,,0
acct_38e905063b,0,1,0.0,0,0.0,1536.0,2511.1966666666667,,0
acct_86a38fb579,0,1,0.0,0,0.0,0.0,3073.22,,0
acct_71f912cee5,0,1,0.0,0,0.0,1440.0,1438.19,,0
acct_cefdd32a2d,0,1,0.0,0,0.0,8640.0,3903.0875,,0
acct_e6cf98838b,0,1,0.0,0,0.0,6840.0,2904.004,,0
acct_b0c4fbbb67,0,1,0.0,0,0.0,8856.0,875.6466666666666,,0
acct_aacaffe9ac,7,8,1.0,2,32.19416666666667,32.96083333333333,3103.1525,ring_001,1
acct_2fcba6681d,6,7,1.0,1,41.07138888888889,41.18805555555556,2702.285333333333,ring_019,1
acct_83fd7967c5,0,1,0.0,0,0.0,4728.0,2045.32,,0
acct_5e971781e3,0,1,0.0,0,0.0,0.0,3293.62,,0
acct_5b7b25a3e2,0,1,0.0,0,0.0,8064.0,2409.045,,0
acct_7fe8fe9dbe,0,1,0.0,0,0.0,8832.0,2586.3319999999994,,0
acct_54c329b93b,0,1,0.0,0,0.0,5760.0,1991.468,,0
acct_89e821e58a,0,1,0.0,0,0.0,0.0,4847.85,,0
acct_37289da270,0,1,0.0,0,0.0,3624.0,1879.782,,0
acct_a821c6adc2,0,1,0.0,0,0.0,1416.0,1893.3049999999998,,0
acct_1c9efabdda,0,1,0.0,0,0.0,8040.0,3307.1699999999996,,0
acct_0f266abd6b,0,1,0.0,0,0.0,8136.0,1900.695,,0
acct_e0e1387c4b,0,1,0.0,0,0.0,0.0,2826.38,,0
acct_f9893e5329,0,1,0.0,0,0.0,4992.0,1868.4850000000001,,0
acct_b7b3a3a166,0,1,0.0,0,0.0,8376.0,2823.112,,0
acct_175bd0cf70,0,1,0.0,0,0.0,6504.0,2327.425,,0
acct_e7b54f0bc1,0,1,0.0,0,0.0,0.0,3467.47,,0
acct_966303d2e9,0,1,0.0,0,0.0,5808.0,3186.864,,0
acct_5d77cf0ed0,0,1,0.0,0,0.0,0.0,2157.23,,0
acct_be70a7ec17,7,8,1.0,2,9.56,9.661388888888888,2097.7335714285714,ring_022,1
acct_3f92ea6e43,0,1,0.0,0,0.0,0.0,2623.7,,0
acct_a3c9511b56,0,1,0.0,0,0.0,0.0,1026.97,,0
acct_ab7a74d35c,0,1,0.0,0,0.0,0.0,4433.24,,0
acct_43b9e3a468,0,1,0.0,0,0.0,7104.0,3003.8875,,0
acct_39b48065bb,0,1,0.0,0,0.0,6864.0,2403.773333333333,,0
acct_807007ebd0,0,1,0.0,0,0.0,5808.0,3069.4366666666665,,0
acct_b1fc4623a3,0,1,0.0,0,0.0,2976.0,3691.6549999999997,,0
acct_e6f29557b7,0,1,0.0,0,0.0,4776.0,3987.14,,0
acct_463df77e38,0,1,0.0,0,0.0,3792.0,1372.14,,0
acct_7826a5552b,0,1,0.0,0,0.0,2256.0,2097.775,,0
acct_eab94a3331,0,1,0.0,0,0.0,0.0,2320.04,,0
acct_7c5b5fe3aa,0,1,0.0,0,0.0,0.0,3143.62,,0
acct_96d1794beb,0,1,0.0,0,0.0,7632.0,2211.1220000000003,,0
acct_ae1bcdade6,0,1,0.0,0,0.0,2664.0,3551.07,,0
acct_d5697efa10,0,1,0.0,0,0.0,312.0,3325.16,,0
acct_19bc379dbb,0,1,0.0,0,0.0,5160.0,1661.9833333333333,,0
acct_6e4beff198,0,1,0.0,0,0.0,4992.0,3714.2374999999993,,0
acct_8d91fd28ec,0,1,0.0,0,0.0,768.0,2504.6,,0
acct_7e538442f1,0,1,0.0,0,0.0,0.0,775.13,,0
acct_c521785b13,0,1,0.0,0,0.0,1872.0,2407.195,,0
acct_9140695bb9,0,1,0.0,0,0.0,0.0,2582.94,,0
acct_9371371e83,0,1,0.0,0,0.0,5328.0,1878.955,,0
acct_417b10de5d,0,1,0.0,0,0.0,4848.0,3373.9300000000003,,0
acct_55e10b467d,0,1,0.0,0,0.0,960.0,2466.81,,0
acct_f9d0a965cd,0,1,0.0,0,0.0,3192.0,2528.6450000000004,,0
acct_988ecd8f31,0,1,0.0,0,0.0,5424.0,4101.29,,0
acct_542be96366,0,1,0.0,0,0.0,6600.0,2304.443333333333,,0
acct_be955734b5,0,1,0.0,0,0.0,6768.0,3607.86,,0
acct_55c18c6096,0,1,0.0,0,0.0,5064.0,2470.022,,0
acct_902b6c9d83,0,1,0.0,0,0.0,8112.0,2900.3933333333334,,0
acct_c46083ff34,0,1,0.0,0,0.0,0.0,4125.46,,0
acct_4bd739afe4,0,1,0.0,0,0.0,3192.0,2805.34,,0
acct_2b7a16f851,0,1,0.0,0,0.0,0.0,1879.19,,0
acct_9b54836565,0,1,0.0,0,0.0,7560.0,1217.766,,0
acct_fcfceccfa1,0,1,0.0,0,0.0,2232.0,4169.06,,0
acct_7a835b3a62,0,1,0.0,0,0.0,0.0,4194.5,,0
acct_82600751ae,0,1,0.0,0,0.0,4224.0,2372.69,,0
acct_eddda7db61,0,1,0.0,0,0.0,5856.0,2366.305,,0
acct_8582520ecf,0,1,0.0,0,0.0,1896.0,1925.7666666666664,,0
acct_6690679ca1,0,1,0.0,0,0.0,6864.0,2232.2075,,0
acct_9963e75a24,0,1,0.0,0,0.0,0.0,4654.85,,0
acct_52469e0cb1,0,1,0.0,0,0.0,0.0,4594.15,,0
acct_36941bcb23,0,1,0.0,0,0.0,5064.0,1726.98,,0
acct_2ecfda5f1d,0,1,0.0,0,0.0,0.0,888.21,,0
acct_08f8763990,0,1,0.0,0,0.0,0.0,3207.83,,0
acct_233a51abc9,3,4,1.0,1,11556.603055555555,20172.603055555555,3002.3326666666667,,0
acct_595fabbb92,0,1,0.0,0,0.0,4872.0,892.52,,0
acct_000d5e6a95,0,1,0.0,0,0.0,3360.0,1805.2699999999998,,0
acct_6b0224a0bd,0,1,0.0,0,0.0,1008.0,4200.17,,0
acct_6a243188be,0,1,0.0,0,0.0,8352.0,2517.2866666666664,,0
acct_3a1afa9bd6,0,1,0.0,0,0.0,5664.0,2126.7275,,0
acct_0fc932a9db,0,1,0.0,0,0.0,5832.0,2940.89,,0
acct_e77105e185,0,1,0.0,0,0.0,4632.0,1753.3499999999997,,0
acct_618eb2fbcc,0,1,0.0,0,0.0,0.0,3308.74,,0
acct_be30f97eb9,0,1,0.0,0,0.0,1368.0,1195.45,,0
acct_70fc9e7857,0,1,0.0,0,0.0,5736.0,2132.576,,0
acct_34223054c5,0,1,0.0,0,0.0,0.0,4570.09,,0
acct_f5154d10a1,4,5,0.9,3,49.87777777777778,50.294444444444444,2903.481111111111,ring_020,1
acct_4795b84f76,0,1,0.0,0,0.0,6000.0,2281.0325000000003,,0
acct_197e1dea8e,0,1,0.0,0,0.0,7848.0,2871.1666666666665,,0
acct_f5190115ec,0,1,0.0,0,0.0,3144.0,2630.455,,0
acct_9ab4a6fb41,0,1,0.0,0,0.0,9168.0,2223.6575000000003,,0
acct_16e71dd81e,0,1,0.0,0,0.0,7920.0,4287.122,,0
acct_f060c87cf0,0,1,0.0,0,0.0,7392.0,1800.256666666667,,0
acct_c742411041,0,1,0.0,0,0.0,1248.0,2996.445,,0
acct_5f4162448d,0,1,0.0,0,0.0,2472.0,2396.125,,0
acct_1080bb02d7,0,1,0.0,0,0.0,7656.0,2670.955,,0
acct_74bc690970,0,1,0.0,0,0.0,3840.0,2848.9225,,0
acct_110fcf75aa,0,1,0.0,0,0.0,7488.0,2269.1375,,0
acct_803427582f,0,1,0.0,0,0.0,5496.0,3492.4366666666665,,0
acct_57f9637748,0,1,0.0,0,0.0,0.0,2467.13,,0
acct_c68f2b378e,4,5,1.0,1,8583.65361111111,16021.240555555556,1834.6740000000002,,0
acct_9d920a7cf7,0,1,0.0,0,0.0,4800.0,1843.8925000000002,,0
acct_be093d6f5a,0,1,0.0,0,0.0,6168.0,1503.985,,0
acct_a183b92fb6,0,1,0.0,0,0.0,7368.0,1896.4775,,0
acct_a311c58840,0,1,0.0,0,0.0,0.0,4319.21,,0
acct_1bf879353b,0,1,0.0,0,0.0,0.0,1629.18,,0
acct_674d6d9cf4,0,1,0.0,0,0.0,7368.0,2110.1,,0
acct_c8077b4346,4,7,0.7142857142857143,3,20.863055555555555,19.013055555555557,2280.639090909091,ring_004,1
acct_070d10f856,0,1,0.0,0,0.0,7368.0,3297.2475,,0
acct_ccb351c823,0,1,0.0,0,0.0,8616.0,1933.6925,,0
acct_5aad5ca902,6,7,1.0,1,38.2225,38.55583333333333,2845.181428571428,ring_010,1
acct_0d9c6cebdd,0,1,0.0,0,0.0,5184.0,1854.6575,,0
acct_81b9649505,0,1,0.0,0,0.0,0.0,1372.82,,0
acct_5b59cda21c,0,1,0.0,0,0.0,3432.0,1332.5566666666666,,0
acct_1009d1bede,0,1,0.0,0,0.0,0.0,3672.93,,0
acct_ae7cc102ed,0,1,0.0,0,0.0,7920.0,2160.632,,0
acct_0d4075daa1,0,1,0.0,0,0.0,6024.0,4056.6166666666663,,0
acct_0d94b5b0b6,0,1,0.0,0,0.0,7656.0,2072.0919999999996,,0
acct_fa0c574702,3,4,1.0,1,4825.506111111111,10681.388611111111,3394.3490000000006,,0
acct_66ab744951,0,1,0.0,0,0.0,2928.0,3469.943333333333,,0
acct_7d8a15eb16,0,1,0.0,0,0.0,0.0,4827.54,,0
acct_da931448a5,0,1,0.0,0,0.0,3288.0,2219.48,,0
acct_67b5d5b8ea,0,1,0.0,0,0.0,7848.0,2363.4300000000003,,0
acct_9cd9e8cc18,0,1,0.0,0,0.0,5208.0,2934.726666666667,,0
acct_dd6f48462b,0,1,0.0,0,0.0,8016.0,2226.3500000000004,,0
acct_6e3765be1f,0,1,0.0,0,0.0,5088.0,1934.4033333333334,,0
acct_32cdca4e24,0,1,0.0,0,0.0,4752.0,2721.123333333333,,0
acct_435273d4e0,0,1,0.0,0,0.0,5688.0,2817.466,,0
acct_25218b30e1,0,1,0.0,0,0.0,7272.0,2585.2749999999996,,0
acct_b149687598,0,1,0.0,0,0.0,7368.0,2770.0924999999997,,0
acct_4f0226b043,0,1,0.0,0,0.0,7320.0,2362.518,,0
acct_cb79bdca70,0,1,0.0,0,0.0,5904.0,2927.0379999999996,,0
acct_c166c239c6,0,1,0.0,0,0.0,3120.0,1792.65,,0
acct_f6e46ff379,0,1,0.0,0,0.0,4416.0,3221.665,,0
acct_154f409622,0,1,0.0,0,0.0,384.0,4397.145,,0
acct_bc17f2d61a,0,1,0.0,0,0.0,8160.0,2105.726,,0
acct_be05d707ef,0,1,0.0,0,0.0,1368.0,2121.67,,0
acct_fdb9d4dca3,0,1,0.0,0,0.0,5496.0,2420.8374999999996,,0
acct_0b70a43fcc,0,1,0.0,0,0.0,8160.0,2575.7000000000003,,0
acct_82a7715cd7,2,3,1.0,1,9638.795555555556,17318.795555555556,1491.8071428571427,,0
acct_b5037decd2,0,1,0.0,0,0.0,0.0,2874.39,,0
acct_47e165fa7e,0,1,0.0,0,0.0,7416.0,2420.1075,,0
acct_989d59cc98,0,1,0.0,0,0.0,0.0,3026.65,,0
acct_25ed9754d9,5,6,1.0,2,4.826666666666667,5.793333333333333,2642.309333333333,ring_033,1
acct_6efc163b0d,0,1,0.0,0,0.0,6600.0,3499.0499999999997,,0
acct_ff0b8ba5e1,0,1,0.0,0,0.0,5304.0,1632.6499999999999,,0
acct_e32c465154,2,3,1.0,1,3798.8547222222223,8682.932222222222,3613.54,,0
acct_1332afacce,0,1,0.0,0,0.0,0.0,3755.61,,0
acct_ad578bbca8,0,1,0.0,0,0.0,4056.0,3219.0125,,0
acct_6b1c2791e4,0,1,0.0,0,0.0,8040.0,2982.332,,0
acct_1c370f2973,0,1,0.0,0,0.0,0.0,2027.18,,0
acct_25295b5adf,2,3,1.0,1,6713.419722222222,12079.179166666667,2961.2954545454545,,0
acct_393cd73fbc,0,1,0.0,0,0.0,0.0,886.32,,0
acct_05da69415e,0,1,0.0,0,0.0,5496.0,2576.89,,0
acct_d56efe3e91,0,1,0.0,0,0.0,0.0,4501.02,,0
acct_3a88287e35,0,1,0.0,0,0.0,6048.0,2192.615,,0
acct_48d0ba16df,0,1,0.0,0,0.0,6624.0,2293.114,,0
acct_e43edc48fa,0,1,0.0,0,0.0,1824.0,3329.7333333333336,,0
acct_0a79d4ec83,0,1,0.0,0,0.0,7560.0,2655.865,,0
acct_4366742cf4,6,7,1.0,2,25.79222222222222,26.940833333333334,2182.312307692308,ring_016,1
acct_be59880177,0,1,0.0,0,0.0,2712.0,1864.685,,0
acct_8f08a09252,0,1,0.0,0,0.0,5808.0,2324.554,,0
acct_6560dcb222,0,1,0.0,0,0.0,7776.0,2793.6025,,0
acct_293c5a3315,0,1,0.0,0,0.0,0.0,1162.88,,0
acct_0c28b36477,0,1,0.0,0,0.0,4728.0,2347.0550000000003,,0
acct_92a419bd85,0,1,0.0,0,0.0,0.0,1024.86,,0
acct_83fc5727f1,0,1,0.0,0,0.0,3960.0,3897.5625,,0
acct_5d7d7dfdc4,2,7,0.5238095238095238,3,50.87166666666667,51.02166666666667,2202.1116666666667,ring_029,1
acct_8573c54cbe,0,1,0.0,0,0.0,0.0,3150.69,,0
acct_59690bf6cc,0,1,0.0,0,0.0,2880.0,2634.8633333333332,,0
acct_7dbc9501f7,0,1,0.0,0,0.0,0.0,2260.83,,0
acct_077c03b36c,0,1,0.0,0,0.0,6288.0,2180.4500000000003,,0
acct_088378c587,0,1,0.0,0,0.0,8232.0,3568.9339999999997,,0
acct_d0bc1497e9,0,1,0.0,0,0.0,0.0,1176.55,,0
acct_609dba6f16,7,8,1.0,2,12.523055555555555,12.553888888888888,1878.7842857142855,ring_030,1
acct_f5ecf212ef,0,1,0.0,0,0.0,0.0,2417.58,,0
acct_a258db5f11,0,1,0.0,0,0.0,2664.0,2755.21,,0
acct_135a0eda69,0,1,0.0,0,0.0,6432.0,3576.25,,0
acct_6757c0f1a5,0,1,0.0,0,0.0,6048.0,2514.5075,,0
acct_f6939ce5cf,0,1,0.0,0,0.0,3168.0,2476.792,,0
acct_b72796affd,0,1,0.0,0,0.0,4872.0,3550.495,,0
acct_bb4a7b0fc4,3,8,0.6785714285714286,3,45.07944444444445,47.26277777777778,2400.7042857142856,ring_037,1
acct_f7753f139f,0,1,0.0,0,0.0,6192.0,1756.8325000000002,,0
acct_89d398c26b,0,1,0.0,0,0.0,0.0,1197.42,,0
acct_2972faeb15,0,1,0.0,0,0.0,8160.0,2558.8733333333334,,0
acct_45ea974609,0,1,0.0,0,0.0,5592.0,3194.3579999999997,,0
acct_b058acb642,0,1,0.0,0,0.0,2904.0,3937.6299999999997,,0
acct_9dc56fce31,0,1,0.0,0,0.0,2976.0,3742.6433333333334,,0
acct_f1034a92ac,0,1,0.0,0,0.0,5376.0,2471.133333333333,,0
acct_cb0f0c14cf,0,1,0.0,0,0.0,8688.0,3727.335,,0
acct_a53139339e,0,1,0.0,0,0.0,5376.0,3974.3149999999996,,0
acct_db8126e0d6,3,4,1.0,1,10459.799722222222,13840.766111111112,2062.7875,,0
acct_11057ec5e3,0,1,0.0,0,0.0,6576.0,2337.8033333333333,,0
acct_b2d2f3275d,0,1,0.0,0,0.0,4224.0,1559.2,,0
acct_303e28971e,0,1,0.0,0,0.0,3912.0,3185.77,,0
acct_4590b512a9,0,1,0.0,0,0.0,8112.0,3906.0920000000006,,0
acct_e908c11cbf,2,3,1.0,1,7831.245277777778,13591.245277777778,2911.8424999999997,,0
acct_08cc88699c,0,1,0.0,0,0.0,0.0,4887.03,,0
acct_fe35039fb9,7,8,1.0,2,12.523055555555555,12.553888888888888,1878.7842857142855,ring_030,1
acct_1f79375c49,0,1,0.0,0,0.0,0.0,1263.87,,0
acct_033f92ccc2,0,1,0.0,0,0.0,5880.0,3665.3399999999992,,0
acct_0d83333e5c,0,1,0.0,0,0.0,2856.0,3080.25,,0
acct_a34712ec76,0,1,0.0,0,0.0,5856.0,2112.2525,,0
acct_2c7ca6116f,0,1,0.0,0,0.0,0.0,639.99,,0
acct_6d7e6cdac1,0,1,0.0,0,0.0,1248.0,2064.855,,0
acct_a2c3407231,0,1,0.0,0,0.0,2184.0,3590.1340000000005,,0
acct_9b485e4576,0,1,0.0,0,0.0,0.0,506.11,,0
acct_d34e8f2428,0,1,0.0,0,0.0,8520.0,2868.324,,0
acct_1df3d4cbfd,0,1,0.0,0,0.0,5688.0,1616.8875,,0
acct_4a3ab76881,0,1,0.0,0,0.0,4152.0,3843.5025000000005,,0
acct_0e0bc4339d,0,1,0.0,0,0.0,0.0,4149.7,,0
acct_c713157ac2,0,1,0.0,0,0.0,0.0,1164.89,,0
acct_d045f6b8e0,0,1,0.0,0,0.0,7584.0,2306.5325000000003,,0
acct_eafad6da28,0,1,0.0,0,0.0,5112.0,4294.055,,0
acct_b71dc65ebf,0,1,0.0,0,0.0,6072.0,1908.498,,0
acct_209498ba85,0,1,0.0,0,0.0,2736.0,3789.5440000000003,,0
acct_da0ee9085d,4,5,1.0,1,47.17333333333333,45.60666666666667,1988.3085714285714,ring_031,1
acct_0de02a5d0f,0,1,0.0,0,0.0,0.0,4394.31,,0
acct_afac1dce20,0,1,0.0,0,0.0,7608.0,2641.555,,0
acct_ed5502544f,0,1,0.0,0,0.0,6120.0,3705.4575,,0
acct_d663478ca0,0,1,0.0,0,0.0,5616.0,2523.1040000000003,,0
acct_c8b5f61e14,1,5,0.5,3,11.275,12.625,2512.80875,ring_035,1
acct_7847ab6b30,0,1,0.0,0,0.0,5664.0,2042.2733333333333,,0
acct_99e63bc6c7,7,8,1.0,2,11.590277777777779,13.290277777777778,2603.994705882353,ring_024,1
acct_a39c609dec,0,1,0.0,0,0.0,7824.0,1401.8366666666668,,0
acct_1fbf173aeb,6,7,1.0,1,19.79611111111111,18.912777777777777,2061.9153333333334,ring_027,1
acct_032a9cf2e1,0,1,0.0,0,0.0,2952.0,785.9666666666667,,0
acct_f8c519121e,0,1,0.0,0,0.0,7656.0,1866.8,,0
acct_468c786b55,0,1,0.0,0,0.0,6192.0,2950.5379999999996,,0
acct_1fe5b44a07,0,1,0.0,0,0.0,888.0,2502.805,,0
acct_58aeb5087e,0,1,0.0,0,0.0,0.0,198.4,,0
acct_9b90ca9600,0,1,0.0,0,0.0,840.0,3298.775,,0
acct_747a8047c4,0,1,0.0,0,0.0,7320.0,1183.3466666666666,,0
acct_633326812b,0,1,0.0,0,0.0,360.0,2052.2799999999997,,0
acct_716e9075ed,0,1,0.0,0,0.0,5664.0,1214.046,,0
acct_eddbe278ee,0,1,0.0,0,0.0,7392.0,3095.2650000000003,,0
acct_7043d37ade,0,1,0.0,0,0.0,5976.0,2288.87,,0
acct_c45645ae8f,0,1,0.0,0,0.0,0.0,2489.37,,0
acct_c1c4f78bc7,0,1,0.0,0,0.0,7800.0,1661.934,,0
acct_0f5f3057af,0,1,0.0,0,0.0,7440.0,2327.254,,0
acct_395d6309a4,0,1,0.0,0,0.0,5496.0,3488.3599999999997,,0
acct_1e41a0ac9b,7,8,1.0,2,9.45888888888889,11.975555555555555,2362.2805263157898,ring_011,1
acct_f8b38ea6bf,1,2,1.0,1,5454.2555555555555,12462.255555555555,1760.892857142857,,0
acct_bb76b593d0,0,1,0.0,0,0.0,1848.0,2447.9049999999997,,0
acct_c4646b70f0,0,1,0.0,0,0.0,4464.0,2020.69,,0
acct_acba350d11,7,8,1.0,2,8.493333333333334,10.026666666666667,2228.633333333333,ring_008,1
acct_23580ee0ce,0,1,0.0,0,0.0,5928.0,2905.17,,0
acct_6a74db7258,3,4,1.0,1,9137.618333333334,14742.035277777777,2471.5384615384614,,0
acct_7450483fdc,0,1,0.0,0,0.0,0.0,3577.84,,0
acct_f35228c57b,0,1,0.0,0,0.0,1104.0,2179.315,,0
acct_5f8a2d8b84,0,1,0.0,0,0.0,0.0,953.93,,0
acct_95410587c5,0,1,0.0,0,0.0,8952.0,1729.1560000000002,,0
acct_8cc12c3e94,0,1,0.0,0,0.0,4584.0,1879.804,,0
acct_53b7789059,0,1,0.0,0,0.0,216.0,2179.91,,0
acct_0f21e7c591,0,1,0.0,0,0.0,864.0,3431.3650000000002,,0
acct_fdb10b1053,0,1,0.0,0,0.0,1512.0,904.8900000000001,,0
acct_4a0269b207,0,1,0.0,0,0.0,8856.0,2806.594,,0
acct_2704f9c0c0,0,1,0.0,0,0.0,6696.0,2650.83,,0
acct_d479b58cdd,3,4,1.0,1,10.050277777777778,10.372222222222222,2402.8914285714286,ring_003,1
acct_bdd51d7f15,6,7,1.0,1,18.309444444444445,18.509444444444444,2866.34,ring_034,1
acct_1b7a1468a6,0,1,0.0,0,0.0,3936.0,2268.2075000000004,,0
acct_2a039a3f64,0,1,0.0,0,0.0,5664.0,3203.6325,,0
acct_72e3c875ef,0,1,0.0,0,0.0,6264.0,2887.2999999999997,,0
acct_e2e76dac1a,0,1,0.0,0,0.0,6624.0,2432.788,,0
acct_c7703b211f,0,1,0.0,0,0.0,1.2833333333333334,2309.8,ring_018,1
acct_a201d4369f,0,1,0.0,0,0.0,5952.0,3215.1674999999996,,0
acct_cd70a47e9d,0,1,0.0,0,0.0,0.0,3036.41,,0
acct_3c4b20e7f1,0,1,0.0,0,0.0,7344.0,2644.68,,0
acct_2bf11c0eea,0,1,0.0,0,0.0,5808.0,3007.3799999999997,,0
acct_87a97f3ce5,0,1,0.0,0,0.0,4728.0,1764.2366666666667,,0
acct_2d92a8bfe8,0,1,0.0,0,0.0,6864.0,2826.665,,0
acct_b4c3cbbe1e,0,1,0.0,0,0.0,3576.0,2174.5379999999996,,0
acct_b919401231,0,1,0.0,0,0.0,4296.0,3722.6800000000003,,0
acct_bd3e27313d,0,1,0.0,0,0.0,6552.0,3491.7825000000003,,0
acct_a3a3cc8c2e,0,1,0.0,0,0.0,0.0,4075.15,,0
acct_563076bd35,0,1,0.0,0,0.0,7920.0,2777.8650000000002,,0
acct_5b60bd8d3a,0,1,0.0,0,0.0,8040.0,2164.0575,,0
acct_c7ac6ee676,0,1,0.0,0,0.0,0.0,2318.11,,0
acct_837edbf1b8,0,1,0.0,0,0.0,6864.0,3350.6666666666665,,0
acct_b9aba8a187,0,1,0.0,0,0.0,8160.0,2605.755,,0
acct_257772c49d,0,1,0.0,0,0.0,2664.0,4363.565,,0
acct_c886225763,0,1,0.0,0,0.0,0.0,2060.02,,0
acct_0c4e15e638,0,1,0.0,0,0.0,6048.0,3143.2760000000003,,0
acct_3741e4d995,0,1,0.0,0,0.0,696.0,1318.56,,0
acct_4c60654e39,0,1,0.0,0,0.0,648.0,2582.2333333333336,,0
acct_4b5ef4df29,0,1,0.0,0,0.0,6312.0,2267.1125,,0
acct_18ace89e4a,0,1,0.0,0,0.0,4896.0,3335.063333333333,,0
acct_2db8552aa6,0,1,0.0,0,0.0,0.0,4082.14,,0
acct_d1143df49d,6,7,1.0,1,39.852777777777774,41.80277777777778,2353.5846666666666,ring_038,1
acct_3ea81edaf1,0,1,0.0,0,0.0,2424.0,3450.95,,0
acct_6e435b849e,0,1,0.0,0,0.0,8208.0,3932.27,,0
acct_f7e63537e5,7,8,1.0,2,12.523055555555555,12.553888888888888,1878.7842857142855,ring_030,1
acct_6ccbe2ce31,0,1,0.0,0,0.0,5688.0,4246.27,,0
acct_726e69ac53,0,1,0.0,0,0.0,4848.0,2513.8450000000003,,0
acct_fa8833f193,0,1,0.0,0,0.0,5448.0,3691.6,,0
acct_5a74438449,6,7,1.0,1,38.2225,38.55583333333333,2845.181428571428,ring_010,1
acct_38dee114de,0,1,0.0,0,0.0,0.0,715.74,,0
acct_66e5e65d27,0,1,0.0,0,0.0,5424.0,3910.92,,0
acct_0886e867e8,0,1,0.0,0,0.0,4848.0,2527.4020000000005,,0
acct_75aa411fba,0,1,0.0,0,0.0,5064.0,1855.195,,0
acct_075b31ad5c,6,7,1.0,1,41.07138888888889,41.18805555555556,2702.285333333333,ring_019,1
acct_e4c2d3780b,0,1,0.0,0,0.0,6600.0,3045.335,,0
acct_ee1ba71ad8,0,1,0.0,0,0.0,4056.0,1694.6666666666667,,0
acct_a2365d3fd5,0,1,0.0,0,0.0,1944.0,1321.16,,0
acct_246a08fc58,0,1,0.0,0,0.0,696.0,1349.45,,0
acct_b032c74750,0,1,0.0,0,0.0,4488.0,3259.47,,0
acct_ff69cb55cc,0,1,0.0,0,0.0,8400.0,2685.8999999999996,,0
acct_8022384baf,0,1,0.0,0,0.0,8640.0,3202.0379999999996,,0
acct_f105a5f6f3,0,1,0.0,0,0.0,7872.0,1504.205,,0
acct_73d109efb2,0,1,0.0,0,0.0,3000.0,2298.4775,,0
acct_0056fb2550,0,1,0.0,0,0.0,5688.0,2054.5474999999997,,0
acct_0122c8b45d,0,1,0.0,0,0.0,1896.0,1816.3,,0
acct_ec1dda706b,0,1,0.0,0,0.0,6144.0,2078.106,,0
acct_af96ef9179,0,1,0.0,0,0.0,6072.0,3143.342,,0
acct_3614de4e20,0,1,0.0,0,0.0,0.0,4567.44,,0
acct_b695f469ef,0,1,0.0,0,0.0,7656.0,2329.5240000000003,,0
acct_9ec3f1d8b4,0,1,0.0,0,0.0,0.0,4446.76,,0
acct_b15d4bb6d2,0,1,0.0,0,0.0,0.0,4678.41,,0
acct_d06dd96a72,0,1,0.0,0,0.0,0.0,3431.01,,0
acct_243f9a1d82,0,1,0.0,0,0.0,6288.0,2692.206,,0
acct_4537690540,0,1,0.0,0,0.0,5232.0,2149.6240000000003,,0
acct_73327ace9b,0,1,0.0,0,0.0,7584.0,2494.8625,,0
acct_428cf5b092,0,1,0.0,0,0.0,8184.0,3236.3360000000002,,0
acct_7ed9f36552,0,1,0.0,0,0.0,2040.0,2732.505,,0
acct_31d6a466b9,0,1,0.0,0,0.0,2352.0,1414.9133333333332,,0
acct_313ed0fea5,0,1,0.0,0,0.0,0.0,2828.2,,0
acct_1f7e848f16,0,1,0.0,0,0.0,7152.0,3089.3280000000004,,0
acct_fc67f70bc3,0,1,0.0,0,0.0,864.0,2697.0833333333335,,0
acct_4902d698b4,0,1,0.0,0,0.0,0.0,188.42,,0
acct_887744f967,0,1,0.0,0,0.0,3672.0,1888.7233333333334,,0
acct_a7b7a24cf6,4,5,1.0,3,19.7475,21.564166666666665,2803.542727272727,ring_012,1
acct_16f6fdfd89,0,1,0.0,0,0.0,1080.0,3390.2349999999997,,0
acct_af0d6cbd1e,0,1,0.0,0,0.0,6960.0,2580.75,,0
acct_7c1ba674f9,0,1,0.0,0,0.0,0.0,1069.85,,0
acct_860f7e0b20,0,1,0.0,0,0.0,0.0,73.46,,0
acct_e609368291,4,5,1.0,1,9935.471944444444,15550.224166666667,2720.862857142857,,0
acct_7ddffc65e2,0,1,0.0,0,0.0,5904.0,2133.735,,0
acct_c8db85636c,0,1,0.0,0,0.0,5016.0,2557.32,,0
acct_fd8eefbc95,0,1,0.0,0,0.0,0.0,4126.6,,0
acct_b7a079f98f,0,1,0.0,0,0.0,5856.0,3192.4125000000004,,0
acct_e8599181cd,0,1,0.0,0,0.0,7968.0,1488.2775000000001,,0
acct_309cd68e61,4,5,1.0,1,4549.36,10683.240277777777,2285.44875,,0
acct_e07fc07cd5,0,1,0.0,0,0.0,1944.0,2359.45,,0
acct_586892ba59,0,1,0.0,0,0.0,5352.0,2452.906,,0
acct_43d1b54392,0,1,0.0,0,0.0,0.0,2420.16,,0
acct_df9bd1b986,0,1,0.0,0,0.0,0.0,238.25,,0
acct_6074c24ad3,0,1,0.0,0,0.0,6264.0,2233.045,,0
acct_b627132384,0,1,0.0,0,0.0,4920.0,3168.2,,0
acct_4eb4ef748e,0,1,0.0,0,0.0,9264.0,3056.4060000000004,,0
acct_7107418623,0,1,0.0,0,0.0,1776.0,2760.9366666666665,,0
acct_d50c9ad194,0,1,0.0,0,0.0,816.0,1756.655,,0
acct_e4eee74f23,4,5,1.0,1,8583.65361111111,16021.240555555556,1834.6740000000002,,0
acct_029a9fbe7f,0,1,0.0,0,0.0,6552.0,3140.3525,,0
acct_a8c82a5cc4,4,5,1.0,3,19.7475,21.564166666666665,2803.542727272727,ring_012,1
acct_be96fe01a3,0,1,0.0,0,0.0,4344.0,2804.66,,0
acct_55f6b2caf2,0,1,0.0,0,0.0,0.0,1206.63,,0
acct_3c82d53a8d,0,1,0.0,0,0.0,9336.0,3535.66,,0
acct_9be062c1f0,0,1,0.0,0,0.0,2592.0,2858.862,,0
acct_8b22ec83a3,0,1,0.0,0,0.0,4968.0,2878.1725,,0
acct_deb25502e9,0,1,0.0,0,0.0,1152.0,1931.73,,0
acct_d5e75c7176,0,1,0.0,0,0.0,5856.0,3512.0266666666666,,0
acct_40f5bd1911,0,1,0.0,0,0.0,0.0,4036.98,,0
acct_aae682552a,0,1,0.0,0,0.0,8208.0,3365.845,,0
acct_53607fc278,0,1,0.0,0,0.0,2760.0,1232.965,,0
acct_29385e65c8,0,1,0.0,0,0.0,528.0,3679.5924999999997,,0
acct_11663f3c21,0,1,0.0,0,0.0,5880.0,1940.5366666666666,,0
acct_93631d258f,3,4,1.0,1,10459.799722222222,13840.766111111112,2062.7875,,0
acct_b881ef21c7,0,1,0.0,0,0.0,4992.0,2843.14,,0
acct_45d8e63e59,0,1,0.0,0,0.0,7584.0,2396.942,,0
acct_756102bb4f,0,1,0.0,0,0.0,6624.0,1478.6619999999998,,0
acct_deb289b551,2,3,1.0,2,5.0377777777777775,7.304444444444444,2636.986,ring_007,1
acct_f9c77852c3,4,7,0.7142857142857143,3,20.863055555555555,19.013055555555557,2280.639090909091,ring_004,1
acct_e6b15aebfd,0,1,0.0,0,0.0,7776.0,3216.9975,,0
acct_4ceb667440,7,8,1.0,2,9.56,9.661388888888888,2097.7335714285714,ring_022,1
acct_7f1444ff58,0,1,0.0,0,0.0,0.0,1690.97,,0
acct_2e8ad22594,0,1,0.0,0,0.0,0.0,4661.24,,0
acct_4ef1c1f012,7,8,1.0,2,9.56,9.661388888888888,2097.7335714285714,ring_022,1
acct_1d6dcc52b3,0,1,0.0,0,0.0,0.0,3135.0,,0
acct_240294b715,0,1,0.0,0,0.0,3168.0,2615.4533333333334,,0
acct_1cf8319b1d,0,1,0.0,0,0.0,720.0,3129.5733333333337,,0
acct_753d4b5c20,0,1,0.0,0,0.0,0.0,4555.65,,0
acct_1c7ce2847e,0,1,0.0,0,0.0,5760.0,3387.935,,0
acct_8f02b69e0e,7,8,1.0,2,32.19416666666667,32.96083333333333,3103.1525,ring_001,1
acct_c8aab4926e,0,1,0.0,0,0.0,4968.0,3039.2425,,0
acct_562c071fd9,0,1,0.0,0,0.0,7992.0,2797.866,,0
acct_13ede3f807,0,1,0.0,0,0.0,2832.0,3061.75,,0
acct_19df2001bb,3,4,1.0,1,12238.945,12942.469166666666,2493.8900000000003,,0
acct_289bc49b49,0,1,0.0,0,0.0,5064.0,1835.4233333333332,,0
acct_bbedacc0a9,0,1,0.0,0,0.0,6096.0,3762.762,,0
acct_bc2e79e2d3,0,1,0.0,0,0.0,7968.0,2416.205,,0
acct_fe45b19f9c,0,1,0.0,0,0.0,5976.0,2307.7599999999998,,0
acct_3c40decfc2,0,1,0.0,0,0.0,7272.0,782.798,,0
acct_ee9d473e7f,0,1,0.0,0,0.0,0.0,3375.92,,0
acct_87cab6838d,0,1,0.0,0,0.0,2184.0,2227.945,,0
acct_0dccc6b9bd,0,1,0.0,0,0.0,6480.0,1425.6466666666665,,0
acct_84543c1a6c,0,1,0.0,0,0.0,7968.0,3397.08,,0
acct_34e90ad712,0,1,0.0,0,0.0,0.0,418.35,,0
acct_6a892cc747,0,1,0.0,0,0.0,2112.0,1605.17,,0
acct_d1bf18443c,0,1,0.0,0,0.0,0.0,4044.58,,0
acct_eb36d7e00c,0,1,0.0,0,0.0,6816.0,3170.072,,0
acct_1971e3f519,0,1,0.0,0,0.0,0.0,736.64,,0
acct_a4678d9a20,0,1,0.0,0,0.0,0.0,503.93,,0
acct_4c96ab5384,0,1,0.0,0,0.0,0.0,2193.2,,0
acct_a072a08aee,0,1,0.0,0,0.0,1608.0,1131.325,,0
acct_f8292aefe0,0,1,0.0,0,0.0,6696.0,2955.76,,0
acct_13fdb31a2e,0,1,0.0,0,0.0,0.0,965.39,,0
acct_87c9a7c80d,0,1,0.0,0,0.0,0.0,920.46,,0
acct_dbeda23e2a,0,1,0.0,0,0.0,3432.0,1830.335,,0
acct_7f029a4ca2,0,1,0.0,0,0.0,744.0,544.48,,0
acct_6646a439cb,0,1,0.0,0,0.0,1152.0,2323.81,,0
acct_568f8204a5,0,1,0.0,0,0.0,3840.0,2436.9880000000003,,0
acct_e0740ddded,0,1,0.0,0,0.0,5256.0,1964.2333333333333,,0
acct_6416e00b05,4,5,1.0,1,7797.651111111111,14126.962222222222,3032.8946153846146,,0
acct_9bd873c91b,0,1,0.0,0,0.0,8184.0,2998.4750000000004,,0
acct_0f50ece118,0,1,0.0,0,0.0,1584.0,3189.6433333333334,,0
acct_3138316580,4,5,1.0,3,19.7475,21.564166666666665,2803.542727272727,ring_012,1
acct_05de39ff91,0,1,0.0,0,0.0,7032.0,2881.8866666666668,,0
acct_19cfbd674d,0,1,0.0,0,0.0,4512.0,2910.63,,0
acct_1ed8471477,0,1,0.0,0,0.0,3960.0,3239.1675,,0
acct_4efffb3f1d,0,1,0.0,0,0.0,6048.0,3610.3424999999997,,0
acct_b6bf862670,3,4,1.0,1,2753.751111111111,10385.75111111111,2719.648,,0
acct_ba888065b6,0,1,0.0,0,0.0,2136.0,1453.6599999999999,,0
acct_53df0253bb,0,1,0.0,0,0.0,2376.0,2392.6133333333332,,0
acct_5c55d7440a,3,4,1.0,1,9.873611111111112,10.873888888888889,2314.772,ring_002,1
acct_d2846a8a9e,0,1,0.0,0,0.0,5256.0,3323.11,,0
acct_621b690e5f,0,1,0.0,0,0.0,0.0,4767.1,,0
acct_969fedf3c3,0,1,0.0,0,0.0,4584.0,2651.4900000000002,,0
acct_e41bf7af38,0,1,0.0,0,0.0,168.0,1532.05,,0
acct_95376e3712,0,1,0.0,0,0.0,0.0,690.67,,0
acct_d4597fda7a,0,1,0.0,0,0.0,4272.0,3604.4,,0
acct_bd3ccbd6be,0,1,0.0,0,0.0,7680.0,2045.745,,0
acct_fd1fcae4ee,0,1,0.0,0,0.0,1944.0,3421.4466666666667,,0
acct_5f66d19ed4,0,1,0.0,0,0.0,8040.0,3007.6800000000003,,0
acct_87169365b7,0,1,0.0,0,0.0,5784.0,3530.235,,0
acct_d32427e5c7,0,1,0.0,0,0.0,5784.0,2219.98,,0
acct_8edc87d970,0,1,0.0,0,0.0,0.0,3763.45,,0
acct_60992bba75,7,8,1.0,2,3.3016666666666667,5.101666666666667,2161.4352941176467,ring_026,1
acct_28fbbcd3c2,0,1,0.0,0,0.0,7800.0,1154.0925,,0
acct_ea02ddbc1d,0,1,0.0,0,0.0,1272.0,2498.37,,0
acct_262f066e6a,0,1,0.0,0,0.0,4968.0,4219.07,,0
acct_9815b376d4,0,1,0.0,0,0.0,3696.0,3362.79,,0
acct_7f9a48a475,0,1,0.0,0,0.0,2976.0,2641.51,,0
acct_71f78d4fc6,0,1,0.0,0,0.0,5064.0,1499.9875000000002,,0
acct_d8794c7ceb,0,1,0.0,0,0.0,8568.0,2871.98,,0
acct_7b49006a87,0,1,0.0,0,0.0,7344.0,2763.35,,0
acct_f9404ceead,0,1,0.0,0,0.0,2448.0,2546.11,,0
acct_c523d528fd,0,1,0.0,0,0.0,7104.0,1976.2066666666667,,0
acct_e30df342e6,0,1,0.0,0,0.0,0.0,2199.59,,0
acct_2e286862e7,0,1,0.0,0,0.0,7104.0,2785.19,,0
acct_7cdf800ce0,0,1,0.0,0,0.0,6456.0,3948.17,,0
acct_0f40ff04c4,0,1,0.0,0,0.0,5280.0,554.38,,0
acct_c240357de9,0,1,0.0,0,0.0,0.0,858.74,,0
acct_c6f3b59980,0,1,0.0,0,0.0,3240.0,2754.7200000000003,,0
acct_399bd0da35,4,5,1.0,3,29.642777777777777,29.54277777777778,3381.2890909090916,ring_039,1
acct_770540a10e,0,1,0.0,0,0.0,0.0,2110.95,,0
acct_5b3c536198,0,1,0.0,0,0.0,8280.0,2574.2925,,0
acct_a44d3941dd,0,1,0.0,0,0.0,7632.0,1659.1933333333334,,0
acct_f8b492676e,0,1,0.0,0,0.0,3192.0,2032.28,,0
acct_adad3224c1,0,1,0.0,0,0.0,2280.0,2248.0699999999997,,0
acct_6214576294,0,1,0.0,0,0.0,7992.0,2855.7149999999997,,0
acct_3ef4f034dd,0,1,0.0,0,0.0,0.0,2968.86,,0
acct_76f78438f8,0,1,0.0,0,0.0,2736.0,2357.0,,0
acct_6012f4fe16,0,1,0.0,0,0.0,0.0,4414.15,,0
acct_e9fec52593,0,1,0.0,0,0.0,5856.0,2479.6500000000005,,0
acct_adb694edfa,0,1,0.0,0,0.0,672.0,2744.425,,0
acct_65d41aaf23,0,1,0.0,0,0.0,7656.0,1903.8700000000001,,0
acct_5494f9b679,0,1,0.0,0,0.0,7200.0,2481.6839999999997,,0
acct_f271b147fa,0,1,0.0,0,0.0,4608.0,3345.9439999999995,,0
acct_fe6f252b16,0,1,0.0,0,0.0,8544.0,1981.7079999999999,,0
acct_bb63ccf94a,0,1,0.0,0,0.0,1776.0,3710.1366666666668,,0
acct_8cef98edda,0,1,0.0,0,0.0,7824.0,3251.3900000000003,,0
acct_1b176ccc01,0,1,0.0,0,0.0,0.0,4654.29,,0
acct_b5a4910e6a,0,1,0.0,0,0.0,5784.0,2353.673333333333,,0
acct_847a9aa335,0,1,0.0,0,0.0,2736.0,2358.265,,0
acct_15ee343b49,0,1,0.0,0,0.0,8544.0,606.65,,0
acct_b70e997668,7,8,1.0,2,12.523055555555555,12.553888888888888,1878.7842857142855,ring_030,1
acct_60a9156101,0,1,0.0,0,0.0,5880.0,2317.0125,,0
acct_f229f172f8,0,1,0.0,0,0.0,0.0,3637.8,,0
acct_84a04adeab,0,1,0.0,0,0.0,7848.0,2846.3175,,0
acct_0a95f8be64,0,1,0.0,0,0.0,5688.0,1145.3899999999999,,0
acct_f892b5de82,0,1,0.0,0,0.0,0.0,2190.81,,0
acct_ccdb6d060d,0,1,0.0,0,0.0,9312.0,2877.4025,,0
acct_4aaa7a1c86,0,1,0.0,0,0.0,5568.0,2470.1766666666667,,0
acct_462b36f779,4,5,1.0,1,9015.800277777778,10639.468333333334,2295.143125,,0
acct_244ce985db,0,1,0.0,0,0.0,0.0,4185.19,,0
acct_cde0a3e445,0,1,0.0,0,0.0,8208.0,3612.8650000000002,,0
acct_f279404703,0,1,0.0,0,0.0,0.0,1868.12,,0
acct_60f56b852b,0,1,0.0,0,0.0,7128.0,2447.5950000000003,,0
acct_f4cf5c3f88,0,1,0.0,0,0.0,744.0,2217.0866666666666,,0
acct_a5383fbac4,2,3,1.0,1,7113.663333333333,9681.663333333334,2094.375,,0
acct_bf23638a1c,0,1,0.0,0,0.0,3360.0,3195.4849999999997,,0
acct_976eeb56c5,0,1,0.0,0,0.0,8736.0,1525.0925,,0
acct_95c7ea7c9f,0,1,0.0,0,0.0,2520.0,1587.2166666666665,,0
acct_f06fe7137c,0,1,0.0,0,0.0,3360.0,3210.755,,0
acct_bba77c93ff,0,1,0.0,0,0.0,7800.0,2743.808,,0
acct_3b90d835b0,0,1,0.0,0,0.0,4392.0,2528.036666666667,,0
acct_451c8ca973,0,1,0.0,0,0.0,4152.0,2991.975,,0
acct_3be516ccfa,0,1,0.0,0,0.0,0.0,3220.32,,0
acct_0a63b9c228,0,1,0.0,0,0.0,9240.0,3410.8025,,0
acct_41fd4cd234,0,1,0.0,0,0.0,6768.0,4315.647499999999,,0
acct_c728ef7341,0,1,0.0,0,0.0,9168.0,1319.25,,0
acct_5fbef23648,0,1,0.0,0,0.0,0.0,2290.37,,0
acct_72a37874e7,0,1,0.0,0,0.0,0.0,4727.13,,0
acct_36367beecc,0,1,0.0,0,0.0,5136.0,2362.5099999999998,,0
acct_cf63919d13,0,1,0.0,0,0.0,7416.0,2308.3824999999997,,0
acct_d312e6ae25,0,1,0.0,0,0.0,5160.0,3004.125,,0
acct_3d79baffea,0,1,0.0,0,0.0,6360.0,2161.0975,,0
acct_b5600f2bf8,0,1,0.0,0,0.0,1128.0,4388.53,,0
acct_4489a8e8f9,0,1,0.0,0,0.0,2808.0,2450.29,,0
acct_a98b3693d5,6,7,1.0,1,18.309444444444445,18.509444444444444,2866.34,ring_034,1
acct_58a5f67756,0,1,0.0,0,0.0,0.0,2249.93,,0
acct_6f418af8dd,0,1,0.0,0,0.0,7968.0,2657.02,,0
acct_1c6604686b,0,1,0.0,0,0.0,3576.0,3110.1349999999998,,0
acct_a3e0f568f6,0,1,0.0,0,0.0,5016.0,1159.21,,0
acct_d75b7b74fd,0,1,0.0,0,0.0,5832.0,2784.0575,,0
acct_255bd505b0,0,1,0.0,0,0.0,2928.0,2724.19,,0
acct_19089b3d5c,0,1,0.0,0,0.0,0.0,863.94,,0
acct_1a7ab7620c,0,1,0.0,0,0.0,1680.0,3865.38,,0
acct_4b5b2004fd,0,1,0.0,0,0.0,2592.0,2141.515,,0
acct_514796baf7,0,1,0.0,0,0.0,6432.0,2369.108,,0
acct_3475fa0216,0,1,0.0,0,0.0,4152.0,2407.773333333333,,0
acct_f88b0a3b0a,0,1,0.0,0,0.0,7104.0,1948.17,,0
acct_6e3650e811,0,1,0.0,0,0.0,7584.0,1196.218,,0
acct_10ed7c58ca,0,1,0.0,0,0.0,4944.0,1346.71,,0
acct_4edffb9856,0,1,0.0,0,0.0,8016.0,1516.58,,0
acct_47bff487d8,0,1,0.0,0,0.0,5736.0,2178.8959999999997,,0
acct_91c40938d1,0,1,0.0,0,0.0,5592.0,2044.3899999999999,,0
acct_c2befd9495,0,1,0.0,0,0.0,960.0,2929.902,,0
acct_c0c86f3ef7,0,1,0.0,0,0.0,0.0,2809.965,,0
acct_7dd6a27246,0,1,0.0,0,0.0,6024.0,2124.7,,0
acct_630ac88249,0,1,0.0,0,0.0,7224.0,2454.15,,0
acct_b697e111ad,0,1,0.0,0,0.0,6360.0,3164.4139999999998,,0
acct_9580726c81,0,1,0.0,0,0.0,8688.0,1878.464,,0
acct_a7cf61c915,0,1,0.0,0,0.0,4944.0,2324.005,,0
acct_e8c8f51b01,0,1,0.0,0,0.0,2400.0,2622.2833333333333,,0
acct_96938536a2,0,1,0.0,0,0.0,3720.0,3116.3933333333334,,0
acct_bd4ac796da,0,1,0.0,0,0.0,7272.0,3103.666,,0
acct_900e8b501f,0,1,0.0,0,0.0,4440.0,2669.7740000000003,,0
acct_b1ff828e01,0,1,0.0,0,0.0,1920.0,3950.75,,0
acct_005f4216db,0,1,0.0,0,0.0,7728.0,3102.8720000000003,,0
acct_670c1198c0,0,1,0.0,0,0.0,4464.0,2889.43,,0
acct_b98a919af0,0,1,0.0,0,0.0,5688.0,3120.7725,,0
acct_aa57bf97a1,0,1,0.0,0,0.0,3864.0,2931.9133333333334,,0
acct_383d2217ea,0,1,0.0,0,0.0,3264.0,1167.8233333333335,,0
acct_6420c0064d,3,4,1.0,1,10460.595555555556,15504.341388888888,2397.745,,0
acct_9b9d2255ed,0,1,0.0,0,0.0,6720.0,3159.4500000000003,,0
acct_825e4785ed,2,3,1.0,1,6597.005277777777,11517.005277777778,2587.315,,0
acct_b22610fcd8,0,1,0.0,0,0.0,5832.0,1282.5825,,0
acct_e7c9c7c7ef,0,1,0.0,0,0.0,0.0,4243.51,,0
acct_ac7a89730d,0,1,0.0,0,0.0,2112.0,2692.7400000000002,,0
acct_4aac02097e,0,1,0.0,0,0.0,7992.0,1828.9175,,0
acct_ed87133858,0,1,0.0,0,0.0,4320.0,2707.686666666667,,0
acct_77c638d927,0,1,0.0,0,0.0,5328.0,1589.868,,0
acct_fa506d82b4,1,4,0.6666666666666666,3,51.791666666666664,53.80833333333333,3266.021666666667,ring_018,1
acct_eba73f4d22,0,1,0.0,0,0.0,3240.0,2049.75,,0
acct_82539b9734,4,5,1.0,1,11618.520833333334,14330.520833333334,2731.6316666666667,,0
acct_bc2994ac3e,0,1,0.0,0,0.0,8088.0,2489.56,,0
acct_f7ac7ac3cd,0,1,0.0,0,0.0,6696.0,2827.906,,0
acct_a971c3aba4,0,1,0.0,0,0.0,0.0,2562.42,,0
acct_75ff1524f3,0,1,0.0,0,0.0,7632.0,2568.685,,0
acct_823ca9283c,0,1,0.0,0,0.0,1104.0,1436.98,,0
acct_c6f1efee8a,0,1,0.0,0,0.0,2928.0,3440.8033333333333,,0
acct_e0a7c7f1b1,0,1,0.0,0,0.0,3984.0,2363.702,,0
acct_12156c6518,0,1,0.0,0,0.0,2088.0,1637.4850000000001,,0
acct_b000520966,0,1,0.0,0,0.0,5232.0,3442.77,,0
acct_790a8cf9d0,0,1,0.0,0,0.0,8208.0,2990.652,,0
acct_cf3912135f,0,1,0.0,0,0.0,5832.0,3080.3319999999994,,0
acct_85e487ab8b,0,1,0.0,0,0.0,768.0,2351.6800000000003,,0
acct_a89eb3d503,0,1,0.0,0,0.0,5904.0,3207.0299999999997,,0
acct_7362d99057,0,1,0.0,0,0.0,1656.0,3621.08,,0
acct_c3a1d6f45b,0,1,0.0,0,0.0,2208.0,3540.65,,0
acct_07bf8d8696,0,1,0.0,0,0.0,0.0,3875.54,,0
acct_ab9b1c0acc,0,1,0.0,0,0.0,8088.0,2885.773333333333,,0
acct_b43b6a5943,0,1,0.0,0,0.0,408.0,1978.775,,0
acct_c084cd2c0b,0,1,0.0,0,0.0,0.0,4284.27,,0
acct_40484bba76,0,1,0.0,0,0.0,5592.0,2874.1733333333336,,0
acct_196c46c84c,0,1,0.0,0,0.0,1032.0,1809.705,,0
acct_fea779bd51,0,1,0.0,0,0.0,4224.0,2589.332,,0
acct_78bc19a824,0,1,0.0,0,0.0,0.0,4915.14,,0
acct_91aaad69cf,0,1,0.0,0,0.0,6480.0,2737.95,,0
acct_25b317d10d,0,1,0.0,0,0.0,1800.0,3448.5475,,0
acct_a36021f67c,0,1,0.0,0,0.0,6120.0,1970.7579999999998,,0
acct_2e431ab8d4,0,1,0.0,0,0.0,0.0,413.41,,0
acct_506ac345b6,0,1,0.0,0,0.0,1416.0,1488.3566666666666,,0
acct_a0f54fb85e,0,1,0.0,0,0.0,9312.0,1787.0,,0
acct_335f3881c2,0,1,0.0,0,0.0,3792.0,4045.7,,0
acct_64852f39a3,3,4,1.0,1,12238.945,12942.469166666666,2493.8900000000003,,0
acct_a6ae13ee56,0,1,0.0,0,0.0,5088.0,2489.18,,0
acct_1f38ea60af,0,1,0.0,0,0.0,4224.0,3259.54,,0
acct_329b2de9eb,0,1,0.0,0,0.0,7080.0,3976.5733333333337,,0
acct_5374958309,0,1,0.0,0,0.0,5808.0,2613.0099999999998,,0
acct_03b050c880,0,1,0.0,0,0.0,4992.0,1076.6733333333334,,0
acct_077633e23a,0,1,0.0,0,0.0,4200.0,1548.414,,0
acct_0ff09dce3e,0,1,0.0,0,0.0,6552.0,2754.266,,0
acct_03d99f4e41,0,1,0.0,0,0.0,0.0,3907.57,,0
acct_e6815ce831,0,1,0.0,0,0.0,6984.0,2431.398,,0
acct_e433361645,0,1,0.0,0,0.0,672.0,2166.8650000000002,,0
acct_836093a01f,0,1,0.0,0,0.0,3240.0,2290.3075,,0
acct_4d69a5af42,0,1,0.0,0,0.0,3264.0,3085.295,,0
acct_be0379d3ab,0,1,0.0,0,0.0,5472.0,2234.8360000000002,,0
acct_b691c3e4f9,0,1,0.0,0,0.0,3720.0,4603.889999999999,,0
acct_57c4b47628,0,1,0.0,0,0.0,4248.0,2969.325,,0
acct_c33df58932,6,7,1.0,2,25.79222222222222,26.940833333333334,2182.312307692308,ring_016,1
acct_032ade35e2,0,1,0.0,0,0.0,1920.0,2543.16,,0
acct_b75042755f,0,1,0.0,0,0.0,7032.0,2423.306666666667,,0
acct_20da8ee632,0,1,0.0,0,0.0,5208.0,4059.7099999999996,,0
acct_cb6a09d140,0,1,0.0,0,0.0,0.0,1536.7,,0
acct_101c5c0084,0,1,0.0,0,0.0,5520.0,3231.9233333333336,,0
acct_a18afade1b,0,1,0.0,0,0.0,4488.0,4016.325,,0
acct_afe65cfbbe,0,1,0.0,0,0.0,2928.0,2269.5379999999996,,0
acct_952e08b5d4,0,1,0.0,0,0.0,0.0,1604.09,,0
acct_985b9b9a4a,0,1,0.0,0,0.0,0.0,2059.33,,0
acct_fa48c244df,0,1,0.0,0,0.0,4176.0,1724.0325000000003,,0
acct_5f6247e289,0,1,0.0,0,0.0,4608.0,2660.535,,0
acct_6462961486,0,1,0.0,0,0.0,6264.0,1824.5600000000002,,0
acct_0ef60839d9,0,1,0.0,0,0.0,0.0,92.02,,0
acct_dc07264df2,0,1,0.0,0,0.0,7944.0,2138.666,,0
acct_cd0f14677d,0,1,0.0,0,0.0,4104.0,1903.7900000000002,,0
acct_c7fe620d57,0,1,0.0,0,0.0,3336.0,3332.98,,0
acct_a4de9b0f7e,0,1,0.0,0,0.0,0.0,3091.1,,0
acct_9542037f57,0,1,0.0,0,0.0,3936.0,2536.375,,0
acct_3e7f0bd8c3,0,1,0.0,0,0.0,6720.0,1625.3799999999999,,0
acct_8106400221,0,1,0.0,0,0.0,8136.0,2739.3460000000005,,0
acct_bee65749cb,0,1,0.0,0,0.0,4920.0,3597.865,,0
acct_d7e206fbaa,0,1,0.0,0,0.0,1224.0,2294.665,,0
acct_dfb836376f,0,1,0.0,0,0.0,7680.0,579.565,,0
acct_cebf1de25b,0,1,0.0,0,0.0,0.0,582.99,,0
acct_48e0ad417e,0,1,0.0,0,0.0,6216.0,1731.4924999999998,,0
acct_976b1f5c1c,0,1,0.0,0,0.0,2904.0,2441.86,,0
acct_62e75dae11,0,1,0.0,0,0.0,1344.0,2061.465,,0
acct_70e60b82ba,0,1,0.0,0,0.0,3840.0,2295.26,,0
acct_05129f2bef,0,1,0.0,0,0.0,1320.0,2415.7533333333336,,0
acct_bc26f3b1e2,0,1,0.0,0,0.0,4680.0,2195.8766666666666,,0
acct_87f4310cd6,0,1,0.0,0,0.0,7200.0,2862.9533333333334,,0
acct_7499ea39b3,0,1,0.0,0,0.0,6288.0,1745.9250000000002,,0
acct_fec69ac9b3,0,1,0.0,0,0.0,5016.0,2344.77,,0
acct_5d521ac041,0,1,0.0,0,0.0,9456.0,2198.2099999999996,,0
acct_3a95bedc00,0,1,0.0,0,0.0,6576.0,3178.3700000000003,,0
acct_f25e6e78c6,5,6,1.0,1,9.316944444444445,12.016944444444444,1664.0275,ring_028,1
acct_4541a87967,0,1,0.0,0,0.0,8496.0,2804.1099999999997,,0
acct_4643a5eb51,0,1,0.0,0,0.0,6552.0,3241.034,,0
acct_7ed96a7509,0,1,0.0,0,0.0,5496.0,1848.182,,0
acct_af03d6feb4,5,6,1.0,2,15.572777777777778,16.172777777777778,2958.525,ring_021,1
acct_f9a094a670,0,1,0.0,0,0.0,8808.0,2718.89,,0
acct_313d577608,3,4,1.0,1,12238.945,12942.469166666666,2493.8900000000003,,0
acct_1b639b3493,0,1,0.0,0,0.0,792.0,2559.3050000000003,,0
acct_6f28c4acda,0,1,0.0,0,0.0,4296.0,2405.64,,0
acct_1349a3b135,0,1,0.0,0,0.0,6264.0,3053.83,,0
acct_746c3bee74,0,1,0.0,0,0.0,7776.0,2349.275,,0
acct_ae3bec57d0,0,1,0.0,0,0.0,7656.0,2727.6066666666666,,0
acct_f6646f1fb0,0,1,0.0,0,0.0,1464.0,4521.375,,0
acct_f35680a80a,0,1,0.0,0,0.0,0.0,3863.18,,0
acct_ecf3ccb651,0,1,0.0,0,0.0,3960.0,2057.8866666666668,,0
acct_ff08823235,0,1,0.0,0,0.0,2496.0,2950.3759999999997,,0
acct_6059e89d66,0,1,0.0,0,0.0,2208.0,2433.845,,0
acct_3801a870f0,0,1,0.0,0,0.0,8640.0,1965.6299999999999,,0
acct_b54b0a0523,0,1,0.0,0,0.0,4944.0,2090.0833333333335,,0
acct_40020705d2,0,1,0.0,0,0.0,6936.0,2297.376,,0
acct_f35f2db37e,0,1,0.0,0,0.0,1512.0,3584.725,,0
acct_5ba5ecddd7,0,1,0.0,0,0.0,4248.0,744.7674999999999,,0
acct_bd8fa1d280,0,1,0.0,0,0.0,4896.0,3987.0866666666666,,0
acct_42988d505a,0,1,0.0,0,0.0,0.0,4316.93,,0
acct_7d584e1581,0,1,0.0,0,0.0,0.0,4222.96,,0
acct_dcdbc10537,0,1,0.0,0,0.0,5352.0,2519.356,,0
acct_33e7326c54,0,1,0.0,0,0.0,0.0,1619.48,,0
acct_bbedb568d6,0,1,0.0,0,0.0,5280.0,1561.4266666666665,,0
acct_5086079bf5,0,1,0.0,0,0.0,6480.0,4437.79,,0
acct_2a6c5fe8b9,0,1,0.0,0,0.0,3552.0,3184.963333333333,,0
acct_f89e4ee433,0,1,0.0,0,0.0,8808.0,1128.64,,0
acct_5807f96202,0,1,0.0,0,0.0,0.0,4660.48,,0
acct_bb2facda81,0,1,0.0,0,0.0,5112.0,3215.784,,0
acct_363ef2ceb4,0,1,0.0,0,0.0,8376.0,2839.5899999999997,,0
acct_9465a868d1,0,1,0.0,0,0.0,8016.0,3665.0039999999995,,0
acct_7d3a9fb99c,0,1,0.0,0,0.0,4536.0,873.1966666666667,,0
acct_b747f41a95,4,7,0.8095238095238095,3,3.1958333333333333,5.4475,2383.9715384615383,ring_013,1
acct_575a389e03,0,1,0.0,0,0.0,6744.0,2622.9475,,0
acct_9879f7da9f,3,4,1.0,1,10.050277777777778,10.372222222222222,2402.8914285714286,ring_003,1
acct_fa27968668,0,1,0.0,0,0.0,624.0,4467.52,,0
acct_4f23431c1b,0,1,0.0,0,0.0,0.0,1131.17,,0
acct_7681a2b976,0,1,0.0,0,0.0,6312.0,3137.6800000000003,,0
acct_a0ec732430,0,1,0.0,0,0.0,8904.0,3177.1850000000004,,0
acct_63008f9e67,0,1,0.0,0,0.0,6792.0,2764.1000000000004,,0
acct_a7def1375c,0,1,0.0,0,0.0,4824.0,1775.64,,0
acct_07e03debba,0,1,0.0,0,0.0,6048.0,3407.572,,0
acct_96cc72ca94,0,1,0.0,0,0.0,9168.0,3017.655,,0
acct_6a2ce063eb,0,1,0.0,0,0.0,8496.0,2176.084,,0
acct_b71f2fd058,7,8,1.0,2,32.19416666666667,32.96083333333333,3103.1525,ring_001,1
acct_2902a2befa,0,1,0.0,0,0.0,8784.0,1299.5059999999999,,0
acct_33eed06d44,0,1,0.0,0,0.0,0.0,1659.3,,0
acct_a9e756ee9d,7,8,1.0,2,9.45888888888889,11.975555555555555,2362.2805263157898,ring_011,1
acct_16f914ff30,0,1,0.0,0,0.0,3024.0,1285.255,,0
acct_04ddd6f9f2,0,1,0.0,0,0.0,2640.0,2342.75,,0
acct_12e1d15df1,4,5,1.0,1,13535.21388888889,23015.213888888888,2856.2966666666666,,0
acct_d12ca3de2d,0,1,0.0,0,0.0,3384.0,2295.3,,0
acct_3d746e31d8,0,1,0.0,0,0.0,1.2166666666666666,2259.39,ring_025,1
acct_200a1e71ed,0,1,0.0,0,0.0,3168.0,2627.4599999999996,,0
acct_2228849e03,4,5,1.0,1,13535.21388888889,23015.213888888888,2856.2966666666666,,0
acct_608e94d2e5,0,1,0.0,0,0.0,4992.0,1583.315,,0
acct_8060918aba,0,1,0.0,0,0.0,6888.0,1771.1233333333332,,0
acct_fb41ccc87b,0,1,0.0,0,0.0,8400.0,2049.9599999999996,,0
acct_09f496986d,0,1,0.0,0,0.0,6192.0,4378.346666666667,,0
acct_740c9b0824,0,1,0.0,0,0.0,8232.0,2544.1059999999998,,0
acct_7415f4aca8,0,1,0.0,0,0.0,7536.0,2563.975,,0
acct_fb36f7992e,0,1,0.0,0,0.0,3624.0,2811.93,,0
acct_1c164c4d8a,0,1,0.0,0,0.0,6480.0,1853.5899999999997,,0
acct_6208921d6b,0,1,0.0,0,0.0,3744.0,1941.52,,0
acct_9c4571a6c8,0,1,0.0,0,0.0,4872.0,2253.872,,0
acct_d5f8d6b988,0,1,0.0,0,0.0,0.0,3420.76,,0
acct_53ffbf1b72,0,1,0.0,0,0.0,6768.0,2517.996,,0
acct_ffa3ba3f14,0,1,0.0,0,0.0,6768.0,3057.1966666666667,,0
acct_1fee1a8bce,0,1,0.0,0,0.0,4440.0,2301.95,,0
acct_c7d424a924,0,1,0.0,0,0.0,3504.0,2447.9980000000005,,0
acct_691d5965bc,6,7,1.0,2,31.025555555555556,31.45888888888889,2019.9984615384615,ring_023,1
acct_781ff3af3c,0,1,0.0,0,0.0,3816.0,2466.045,,0
acct_d09af276cc,2,4,0.6666666666666666,2,17.4075,19.274166666666666,3086.1700000000005,ring_025,1
acct_c687c4afa2,0,1,0.0,0,0.0,696.0,1228.3666666666666,,0
acct_37fa7d1687,0,1,0.0,0,0.0,2160.0,2656.972,,0
acct_8c264d863d,0,1,0.0,0,0.0,864.0,2417.7349999999997,,0
acct_7469738cd1,0,1,0.0,0,0.0,6144.0,2179.14,,0
acct_8d3fa5dcfb,0,1,0.0,0,0.0,4848.0,2343.645,,0
acct_813d93abfb,0,1,0.0,0,0.0,1872.0,2359.24,,0
acct_1236dab71c,0,1,0.0,0,0.0,4008.0,1214.3925,,0
acct_ba7a781b19,0,1,0.0,0,0.0,5496.0,3190.02,,0
acct_e79435ca79,0,1,0.0,0,0.0,1752.0,2811.326,,0
acct_3cea1dc988,0,1,0.0,0,0.0,5808.0,2346.67,,0
acct_43b11bccad,0,1,0.0,0,0.0,0.0,2058.79,,0
acct_d203fb5d03,4,5,1.0,3,19.7475,21.564166666666665,2803.542727272727,ring_012,1
acct_528e623f9c,0,1,0.0,0,0.0,0.0,677.56,,0
acct_af5460dd52,0,1,0.0,0,0.0,0.0,3698.17,,0
acct_006def4a2d,0,1,0.0,0,0.0,5760.0,2795.968,,0
acct_6bf5056f40,0,1,0.0,0,0.0,936.0,1903.525,,0
acct_f3bd7e7325,0,1,0.0,0,0.0,5664.0,2216.2660000000005,,0
acct_e8177a9826,0,1,0.0,0,0.0,3840.0,2263.3,,0
acct_18f52a63e7,0,1,0.0,0,0.0,984.0,3766.575,,0
acct_0fb00e248e,0,1,0.0,0,0.0,0.0,781.72,,0
acct_454519fc3e,0,1,0.0,0,0.0,8184.0,2393.36,,0
acct_1bc95c4163,0,1,0.0,0,0.0,9072.0,1397.71,,0
acct_3f864e9f47,0,1,0.0,0,0.0,0.0,200.22,,0
acct_92ec82e21f,0,1,0.0,0,0.0,6816.0,3401.7333333333336,,0
acct_2b0fcadd8f,0,1,0.0,0,0.0,8496.0,3567.7650000000003,,0
acct_621ec41895,0,1,0.0,0,0.0,0.0,791.39,,0
acct_8a512f4a4f,0,1,0.0,0,0.0,4800.0,3051.91,,0
acct_97bb34e1bd,0,1,0.0,0,0.0,4176.0,2756.3033333333333,,0
acct_ed56d043c5,0,1,0.0,0,0.0,8424.0,2451.05,,0
acct_6b2a6eb2c8,7,8,1.0,2,4.161666666666667,6.3566666666666665,2494.8764285714283,ring_005,1
acct_3c4a65a022,0,1,0.0,0,0.0,0.0,3016.1,,0
acct_5efe4e64f8,0,1,0.0,0,0.0,0.0,1343.36,,0
acct_8c055659dd,0,1,0.0,0,0.0,456.0,1124.25,,0
acct_8a884edb10,3,4,1.0,1,12.431944444444444,14.64861111111111,1921.6879999999996,ring_015,1
acct_58be7d2192,0,1,0.0,0,0.0,5664.0,2229.6349999999998,,0
acct_fbf36d8606,0,1,0.0,0,0.0,6576.0,2346.475,,0
acct_3c8af73548,0,1,0.0,0,0.0,0.0,2375.36,,0
acct_1c779ac003,0,1,0.0,0,0.0,4848.0,2949.4175,,0
acct_da0c4f65e1,0,1,0.0,0,0.0,0.0,3140.77,,0
acct_07b37085ea,0,1,0.0,0,0.0,5904.0,1731.8080000000002,,0
acct_2f2fb4c422,6,7,1.0,2,31.025555555555556,31.45888888888889,2019.9984615384615,ring_023,1
acct_2b7da2ef00,0,1,0.0,0,0.0,600.0,4576.525,,0
acct_367d945153,0,1,0.0,0,0.0,2472.0,2420.33,,0
acct_b14f93dde0,0,1,0.0,0,0.0,5256.0,1106.486,,0
acct_affb12b9b0,0,1,0.0,0,0.0,1800.0,3115.04,,0
acct_59ef771d34,0,1,0.0,0,0.0,4896.0,2189.69,,0
acct_7a966bc1e5,0,1,0.0,0,0.0,1968.0,2904.0150000000003,,0
acct_47f9e6082b,0,1,0.0,0,0.0,0.0,4805.83,,0
acct_c42cd44799,0,1,0.0,0,0.0,3096.0,3728.6,,0
acct_3a023e75aa,0,1,0.0,0,0.0,8712.0,2254.2400000000002,,0
acct_d34a391d2c,0,1,0.0,0,0.0,4680.0,3067.5699999999997,,0
acct_06d558f7a6,0,1,0.0,0,0.0,5352.0,581.97,,0
acct_b204a5ce64,0,1,0.0,0,0.0,0.0,1917.49,,0
acct_b93bef1007,0,1,0.0,0,0.0,6240.0,3411.1075,,0
acct_f03811b10c,6,7,1.0,1,19.79611111111111,18.912777777777777,2061.9153333333334,ring_027,1
acct_2a726d1c9e,0,1,0.0,0,0.0,6912.0,2116.9666666666667,,0
acct_3c884500ad,0,1,0.0,0,0.0,7392.0,1016.96,,0
acct_1135e8a61e,0,1,0.0,0,0.0,1800.0,2931.05,,0
acct_cf23f44de3,0,1,0.0,0,0.0,7824.0,1863.386,,0
acct_de32d5e343,7,8,1.0,2,9.45888888888889,11.975555555555555,2362.2805263157898,ring_011,1
acct_721eeaa39d,0,1,0.0,0,0.0,1056.0,766.285,,0
acct_f389d59ae5,0,1,0.0,0,0.0,2328.0,3525.9849999999997,,0
acct_9fe176d251,0,1,0.0,0,0.0,0.0,4281.33,,0
acct_4b869db96e,3,4,1.0,1,12587.503611111111,17891.50361111111,3164.084,,0
acct_38c4b5df75,0,1,0.0,0,0.0,4776.0,2993.094,,0
acct_3c71eba6cf,0,1,0.0,0,0.0,4008.0,2605.548,,0
acct_bf9c685a42,3,4,1.0,1,8870.653888888888,14246.653888888888,2550.432,,0
acct_9277b1295f,0,1,0.0,0,0.0,5952.0,2887.336,,0
acct_c7687da147,0,1,0.0,0,0.0,6144.0,3078.4039999999995,,0
acct_db5cdb8369,0,1,0.0,0,0.0,0.0,1590.58,,0
acct_3cdc3c5991,0,1,0.0,0,0.0,0.0,4360.67,,0
acct_0144fb729d,0,1,0.0,0,0.0,3696.0,1873.5279999999998,,0
acct_7c2d1ce8be,5,6,1.0,2,15.572777777777778,16.172777777777778,2958.525,ring_021,1
acct_f973acc3f1,0,1,0.0,0,0.0,6504.0,2120.792,,0
acct_7bf010d4b6,0,1,0.0,0,0.0,4488.0,3828.39,,0
acct_fae1aabfca,1,4,0.6666666666666666,2,8.039722222222222,10.339722222222223,2570.98375,ring_000,1
acct_4bfb6852c0,0,1,0.0,0,0.0,0.0,3483.75,,0
acct_138a040943,0,1,0.0,0,0.0,0.0,687.49,,0
acct_f68880c374,6,7,1.0,1,41.07138888888889,41.18805555555556,2702.285333333333,ring_019,1
acct_aded09f6e0,2,3,1.0,1,7831.245277777778,13591.245277777778,2911.8424999999997,,0
acct_4588d8b8de,0,1,0.0,0,0.0,4584.0,897.2399999999999,,0
acct_3940a4ad0e,0,1,0.0,0,0.0,4464.0,3504.9449999999997,,0
acct_4ba183cc03,5,6,1.0,1,9.385277777777778,11.440277777777778,3437.2266666666674,ring_014,1
acct_5ce67f9d11,0,1,0.0,0,0.0,1248.0,2400.125,,0
acct_87777808af,0,1,0.0,0,0.0,888.0,2739.315,,0
acct_11343d37d6,0,1,0.0,0,0.0,7416.0,2832.058,,0
acct_38d0eb620e,0,1,0.0,0,0.0,3096.0,2003.89,,0
acct_b3f2c043b4,0,1,0.0,0,0.0,6144.0,3817.5066666666667,,0
acct_97390bab01,0,1,0.0,0,0.0,2136.0,1760.8600000000001,,0
acct_521a84da5b,0,1,0.0,0,0.0,8664.0,2619.4,,0
acct_2c1c84d60c,0,1,0.0,0,0.0,6528.0,3521.47,,0
acct_2fdc3bd757,0,1,0.0,0,0.0,3720.0,3339.29,,0
acct_4eb6cdfe69,0,1,0.0,0,0.0,4800.0,3059.88,,0
acct_0047cf4b29,0,1,0.0,0,0.0,3552.0,2682.98,,0
acct_c130c2bdf5,0,1,0.0,0,0.0,3384.0,2385.34,,0
acct_0a803b0170,0,1,0.0,0,0.0,7248.0,2975.898,,0
acct_91a2cfc364,0,1,0.0,0,0.0,4584.0,3844.235,,0
acct_89f4c34010,0,1,0.0,0,0.0,0.0,3129.98,,0
acct_5c17fedce2,0,1,0.0,0,0.0,0.0,2391.24,,0
acct_52c29eed22,0,1,0.0,0,0.0,9024.0,2434.2075,,0
acct_7a92ead832,0,1,0.0,0,0.0,1992.0,2346.0433333333335,,0
acct_282f66a8a7,0,1,0.0,0,0.0,3408.0,3350.422,,0
acct_be9bcc6bfe,0,1,0.0,0,0.0,0.0,4516.13,,0
acct_c3e4b21fd8,0,1,0.0,0,0.0,9000.0,1926.014,,0
acct_65b9e6fcee,0,1,0.0,0,0.0,3552.0,2959.6733333333336,,0
acct_3808c6d3f0,0,1,0.0,0,0.0,0.0,123.92,,0
acct_e76d4ecd43,0,1,0.0,0,0.0,4176.0,1887.095,,0
acct_1f7a31d691,6,8,0.6785714285714286,3,45.07944444444445,47.26277777777778,2400.7042857142856,ring_037,1
acct_ee874cf761,0,1,0.0,0,0.0,3864.0,3046.035,,0
acct_4943eada04,0,1,0.0,0,0.0,0.0,4171.02,,0
acct_b70782c847,0,1,0.0,0,0.0,5856.0,1928.145,,0
acct_98a8525063,0,1,0.0,0,0.0,8688.0,1279.6039999999998,,0
acct_1aafda9340,0,1,0.0,0,0.0,7200.0,997.32,,0
acct_4a24b0b32b,0,1,0.0,0,0.0,0.0,2662.67,,0
acct_1af26a4fbf,0,1,0.0,0,0.0,7056.0,2618.974,,0
acct_42a6fb35c9,5,6,1.0,2,15.572777777777778,16.172777777777778,2958.525,ring_021,1
acct_7a720492d5,0,1,0.0,0,0.0,2088.0,3434.51,,0
acct_74ff2ad530,0,1,0.0,0,0.0,5208.0,2903.1000000000004,,0
acct_93ca0423a7,0,1,0.0,0,0.0,0.0,4717.51,,0
acct_7a968a4421,0,1,0.0,0,0.0,3864.0,2709.67,,0
acct_1e4f2f3bfb,0,1,0.0,0,0.0,1.7833333333333334,3132.536666666667,ring_004,1
acct_19e6743339,0,1,0.0,0,0.0,7584.0,2300.83,,0
acct_747f2ba4b5,0,1,0.0,0,0.0,4056.0,1500.7724999999998,,0
acct_6975d8a00f,0,1,0.0,0,0.0,1752.0,1437.23,,0
acct_d2c9c60565,0,1,0.0,0,0.0,1536.0,3093.0425,,0
acct_cfcf74e39e,0,1,0.0,0,0.0,0.0,858.74,,0
acct_d85ad4c1a1,0,1,0.0,0,0.0,4920.0,1991.32,,0
acct_ad1e2d948e,0,1,0.0,0,0.0,5784.0,2598.1025,,0
acct_d2d9c268a3,0,1,0.0,0,0.0,5208.0,1597.016,,0
acct_4cb0d0c577,0,1,0.0,0,0.0,0.0,2184.24,,0
acct_ed2fce71c0,0,1,0.0,0,0.0,1848.0,2222.9100000000003,,0
acct_01ab2fdf42,0,1,0.0,0,0.0,5208.0,3282.4120000000003,,0
acct_07c244f1df,0,1,0.0,0,0.0,1824.0,2491.675,,0
acct_31dfc897fb,6,7,1.0,1,18.309444444444445,18.509444444444444,2866.34,ring_034,1
acct_f3503ddf4d,0,1,0.0,0,0.0,6336.0,3388.72,,0
acct_9da75ed194,0,1,0.0,0,0.0,6480.0,3269.3650000000002,,0
acct_d557b235be,0,1,0.0,0,0.0,5544.0,2674.844,,0
acct_ea547026f8,0,1,0.0,0,0.0,4128.0,2437.0475,,0
acct_c6943e4cf7,0,1,0.0,0,0.0,0.0,2417.69,,0
acct_a6f1bbba82,0,1,0.0,0,0.0,0.0,4311.47,,0
acct_1cbbe89faa,0,1,0.0,0,0.0,6192.0,3645.4175,,0
acct_8a05b3e35a,0,1,0.0,0,0.0,0.0,2726.07,,0
acct_decb05c294,0,1,0.0,0,0.0,0.0,4211.37,,0
acct_8173bfdf1e,2,5,0.5,3,11.275,12.625,2512.80875,ring_035,1
acct_22b5a0226e,0,1,0.0,0,0.0,3456.0,2036.6066666666666,,0
acct_32ab7b595d,0,1,0.0,0,0.0,5352.0,3754.3366666666666,,0
acct_76482374e6,5,6,1.0,2,15.572777777777778,16.172777777777778,2958.525,ring_021,1
acct_a662a148d5,0,1,0.0,0,0.0,8784.0,3147.1220000000003,,0
acct_d31dbf4681,0,1,0.0,0,0.0,1.9166666666666667,2585.736666666666,ring_025,1
acct_cebd6da1a7,0,1,0.0,0,0.0,0.0,4002.01,,0
acct_d74412ae16,0,1,0.0,0,0.0,5424.0,3782.818,,0
acct_842f6a23c0,0,1,0.0,0,0.0,1584.0,1827.7733333333333,,0
acct_11584857c8,2,3,1.0,1,15.0025,17.669166666666666,2601.3412500000004,ring_009,1
acct_b3e4bf813e,0,1,0.0,0,0.0,8112.0,3141.176,,0
acct_72c320a2c9,0,1,0.0,0,0.0,7152.0,2122.962,,0
acct_133a295d4f,0,1,0.0,0,0.0,3912.0,1658.83,,0
acct_13a8391359,0,1,0.0,0,0.0,5232.0,3506.178,,0
acct_c0bf8e5365,0,1,0.0,0,0.0,1512.0,2549.8100000000004,,0
acct_82cf110494,0,1,0.0,0,0.0,0.0,2684.1,,0
acct_1689155112,0,1,0.0,0,0.0,8544.0,2408.686,,0
acct_d62e62194a,0,1,0.0,0,0.0,5208.0,4022.8266666666673,,0
acct_305c415bcf,0,1,0.0,0,0.0,8712.0,1025.5620000000001,,0
acct_ccad9f25b5,0,1,0.0,0,0.0,840.0,1998.42,,0
acct_30940466cd,0,1,0.0,0,0.0,3192.0,2823.565,,0
acct_4408480847,0,1,0.0,0,0.0,600.0,3723.75,,0
acct_6fcf32daa6,0,1,0.0,0,0.0,4656.0,3556.0319999999992,,0
acct_ab2117cd8f,0,1,0.0,0,0.0,8376.0,2044.7833333333335,,0
acct_c9c9e9159f,0,1,0.0,0,0.0,5040.0,2149.4675,,0
acct_f3b78cd26b,0,1,0.0,0,0.0,5400.0,3060.045,,0
acct_76bfbf9ed1,0,1,0.0,0,0.0,0.0,4309.23,,0
acct_5cdcf0a6d4,0,1,0.0,0,0.0,5688.0,3365.814,,0
acct_7d9181913c,0,1,0.0,0,0.0,7104.0,2012.7240000000002,,0
acct_1a73333eb6,6,7,1.0,1,38.2225,38.55583333333333,2845.181428571428,ring_010,1
acct_2a0f114a5a,0,1,0.0,0,0.0,0.0,3015.06,,0
acct_4b3ba1d465,3,4,1.0,1,10460.595555555556,15504.341388888888,2397.745,,0
acct_00ee9c95bb,0,1,0.0,0,0.0,2232.0,4089.235,,0
acct_b72d605dfb,0,1,0.0,0,0.0,840.0,1538.045,,0
acct_7d4dd0e119,0,1,0.0,0,0.0,0.0,4146.62,,0
acct_e726f826a5,0,1,0.0,0,0.0,816.0,1492.2,,0
acct_8c38d278ef,0,1,0.0,0,0.0,1296.0,1468.7549999999999,,0
acct_1e45ddabae,0,1,0.0,0,0.0,7056.0,2315.2375,,0
acct_9f08a6df36,3,4,1.0,1,12587.503611111111,17891.50361111111,3164.084,,0
acct_b6e84f681f,0,1,0.0,0,0.0,0.0,3892.85,,0
acct_2c489df62d,0,1,0.0,0,0.0,888.0,3344.0,,0
acct_d2fe97006f,3,4,0.6666666666666666,2,8.039722222222222,10.339722222222223,2570.98375,ring_000,1
acct_e80a21671f,0,1,0.0,0,0.0,5952.0,2195.8925,,0
acct_35a329553a,2,3,1.0,1,18.574166666666667,20.7075,3071.771666666667,ring_032,1
acct_8e4ec89898,3,4,1.0,1,8434.702222222222,15754.702222222222,2628.825,,0
acct_bd3bfa9500,0,1,0.0,0,0.0,5280.0,2374.7975,,0
acct_a37188d7d1,0,1,0.0,0,0.0,6624.0,2225.4175,,0
acct_ea40c4c62d,0,1,0.0,0,0.0,4536.0,3378.206666666667,,0
acct_9af567631d,0,1,0.0,0,0.0,7176.0,2234.4233333333336,,0
acct_56f800b4ac,0,1,0.0,0,0.0,8424.0,2484.9759999999997,,0
acct_57652f1399,0,1,0.0,0,0.0,4368.0,2292.766666666667,,0
acct_3a2e52db1c,0,1,0.0,0,0.0,192.0,3618.855,,0
acct_9e8fc53821,0,1,0.0,0,0.0,3552.0,1815.5999999999997,,0
acct_ec9407c641,0,1,0.0,0,0.0,4656.0,2089.0049999999997,,0
acct_30389b909b,0,1,0.0,0,0.0,4056.0,3800.3949999999995,,0
acct_201e82a896,0,1,0.0,0,0.0,0.0,2272.57,ring_000,1
acct_17637ba9b4,0,1,0.0,0,0.0,4680.0,2791.1425000000004,,0
acct_7f933f1a80,0,1,0.0,0,0.0,3672.0,2064.01,,0
acct_f200f96ba5,0,1,0.0,0,0.0,7392.0,3219.02,,0
acct_e9d715b7d2,7,8,1.0,2,12.523055555555555,12.553888888888888,1878.7842857142855,ring_030,1
acct_1a4c36888e,0,1,0.0,0,0.0,7824.0,2794.732,,0
acct_28830d1393,0,1,0.0,0,0.0,6792.0,1950.232,,0
acct_b0c9c7976b,0,1,0.0,0,0.0,5952.0,3176.3075000000003,,0
acct_8a6c9b7972,0,1,0.0,0,0.0,3240.0,2915.5533333333333,,0
acct_e13fa9f39a,0,1,0.0,0,0.0,3024.0,2734.345,,0
acct_3dbe96f838,0,1,0.0,0,0.0,0.0,4092.51,,0
acct_f7750d0126,0,1,0.0,0,0.0,5544.0,3022.8025,,0
acct_a9d535a34c,0,1,0.0,0,0.0,6960.0,2167.39,,0
acct_38a7230ea7,0,1,0.0,0,0.0,4656.0,4039.915,,0
acct_36c589bf8f,0,1,0.0,0,0.0,0.0,949.86,,0
acct_dd167c91e5,0,1,0.0,0,0.0,456.0,2943.995,,0
acct_1c44c03fae,0,1,0.0,0,0.0,6912.0,2667.3774999999996,,0
acct_b4854cd25f,0,1,0.0,0,0.0,1128.0,1889.246666666667,,0
acct_4a6fb1fb8a,0,1,0.0,0,0.0,1992.0,3388.01,,0
acct_85c6665be1,0,1,0.0,0,0.0,7632.0,2290.3479999999995,,0
acct_6e646e89d3,0,1,0.0,0,0.0,6840.0,3136.7900000000004,,0
acct_3e10c5a204,0,1,0.0,0,0.0,6072.0,2448.715,,0
acct_cdc0bc56ee,0,1,0.0,0,0.0,6168.0,882.6400000000001,,0
acct_6f89b1e655,0,1,0.0,0,0.0,4296.0,3425.726666666667,,0
acct_7dd789bfe6,0,1,0.0,0,0.0,0.0,2477.12,,0
acct_3edb5611fb,0,1,0.0,0,0.0,5160.0,2967.873333333333,,0
acct_4e05945dcb,0,1,0.0,0,0.0,8904.0,4466.405,,0
acct_8584142ecf,0,1,0.0,0,0.0,4440.0,3168.77,,0
acct_d4591803b9,0,1,0.0,0,0.0,7896.0,2342.6520000000005,,0
acct_d338b1ddc9,0,1,0.0,0,0.0,6288.0,2623.5939999999996,,0
acct_75f672d1c8,0,1,0.0,0,0.0,9240.0,2296.798,,0
acct_78147a44ab,0,1,0.0,0,0.0,2280.0,1688.8675,,0
acct_35b103d513,0,1,0.0,0,0.0,4440.0,4432.1,,0
acct_35888ebc8a,0,1,0.0,0,0.0,0.0,3905.78,,0
acct_58a6345935,0,1,0.0,0,0.0,8904.0,2663.344,,0
acct_57f39a8cb7,0,1,0.0,0,0.0,6072.0,2089.46,,0
acct_5fffc60029,0,1,0.0,0,0.0,0.0,4838.7,,0
acct_a6c9914dc0,0,1,0.0,0,0.0,3024.0,1980.925,,0
acct_9eea4db393,6,7,1.0,1,39.852777777777774,41.80277777777778,2353.5846666666666,ring_038,1
acct_76b069fec3,0,1,0.0,0,0.0,7752.0,2383.26,,0
acct_7f6aa80a65,0,1,0.0,0,0.0,0.0,1943.78,,0
acct_a55e5171b0,0,1,0.0,0,0.0,0.0,4570.76,,0
acct_bd52006918,0,1,0.0,0,0.0,0.0,3106.66,,0
acct_53a81bd0ca,0,1,0.0,0,0.0,0.0,723.13,,0
acct_322e0cd966,0,1,0.0,0,0.0,5064.0,2855.796666666667,,0
acct_79d95755b6,0,1,0.0,0,0.0,9024.0,2350.246,,0
acct_55b6dfdea1,0,1,0.0,0,0.0,6720.0,2499.3725,,0
acct_5a720979fb,0,1,0.0,0,0.0,0.0,162.41,,0
acct_ca768f8968,0,1,0.0,0,0.0,6744.0,2238.1879999999996,,0
acct_23dbf1b119,0,1,0.0,0,0.0,2760.0,2223.1,,0
acct_f8cbd2929d,0,1,0.0,0,0.0,8232.0,3096.09,,0
acct_06f778114f,3,4,1.0,1,12587.503611111111,17891.50361111111,3164.084,,0
acct_618a63ecc2,0,1,0.0,0,0.0,6144.0,1811.964,,0
acct_143edcaf3c,0,1,0.0,0,0.0,6768.0,3888.988,,0
acct_d9333433ca,0,1,0.0,0,0.0,0.0,4950.99,,0
acct_e82d5d6471,0,1,0.0,0,0.0,0.0,659.41,,0
acct_ed0db11cc4,0,1,0.0,0,0.0,8112.0,1954.35,,0
acct_d52e260c1e,0,1,0.0,0,0.0,0.0,2159.68,,0
acct_d34324311d,0,1,0.0,0,0.0,3192.0,2391.5240000000003,,0
acct_7c78ff4728,0,1,0.0,0,0.0,8328.0,2162.59,,0
acct_9f9ccc279d,0,1,0.0,0,0.0,4056.0,1987.9866666666667,,0
acct_0edd6645fb,7,8,1.0,2,9.56,9.661388888888888,2097.7335714285714,ring_022,1
acct_ac7e0213b7,0,1,0.0,0,0.0,4536.0,2792.3849999999998,,0
acct_c11fc801b6,0,1,0.0,0,0.0,1776.0,2554.6325,,0
acct_44bdba52a0,0,1,0.0,0,0.0,0.0,268.41,,0
acct_0e4bbef618,0,1,0.0,0,0.0,0.0,636.62,,0
acct_8c0e3b06ac,0,1,0.0,0,0.0,8736.0,2293.188,,0
acct_90aa94f951,0,1,0.0,0,0.0,0.0,851.28,,0
acct_38fcac53b4,0,1,0.0,0,0.0,8424.0,1485.38,,0
acct_3aecfb0805,0,1,0.0,0,0.0,0.0,3536.3,,0
acct_132b9297d0,0,1,0.0,0,0.0,5160.0,1984.455,,0
acct_84dfcd2aed,0,1,0.0,0,0.0,5544.0,3818.2433333333333,,0
acct_8b496fccea,0,1,0.0,0,0.0,8448.0,1455.9975,,0
acct_0698d2b3e1,0,1,0.0,0,0.0,2208.0,3039.94,,0
acct_7625129449,2,4,0.6666666666666666,2,8.039722222222222,10.339722222222223,2570.98375,ring_000,1
acct_374e61bc4b,0,1,0.0,0,0.0,0.0,646.46,,0
acct_70d765f2b4,0,1,0.0,0,0.0,0.0,1034.88,,0
acct_1f17f37356,0,1,0.0,0,0.0,2040.0,3328.26,,0
acct_ad8af676d0,0,1,0.0,0,0.0,5352.0,1795.505,,0
acct_d93df808ac,0,1,0.0,0,0.0,4992.0,1488.0675,,0
acct_bbdf59aaab,0,1,0.0,0,0.0,0.0,385.67,,0
acct_bf457e8621,4,5,1.0,1,11711.1075,20375.1075,3475.5614285714287,,0
acct_dc5368288d,0,1,0.0,0,0.0,6096.0,1777.26,,0
acct_76bb29620c,0,1,0.0,0,0.0,7872.0,3052.046,,0
acct_7b464897b7,0,1,0.0,0,0.0,0.0,3933.07,,0
acct_efdffde795,0,1,0.0,0,0.0,0.0,3072.26,,0
acct_0f3b41465d,0,1,0.0,0,0.0,6888.0,4058.6580000000004,,0
acct_629848b21b,0,1,0.0,0,0.0,2256.0,1672.2050000000002,,0
acct_f46223e15b,0,1,0.0,0,0.0,0.0,1942.0,,0
acct_4c047d13e7,0,1,0.0,0,0.0,8592.0,2149.6,,0
acct_3a416241ce,6,7,1.0,2,31.025555555555556,31.45888888888889,2019.9984615384615,ring_023,1
acct_7a5f22d557,0,1,0.0,0,0.0,7392.0,3701.132,,0
acct_3b9f810e7f,0,1,0.0,0,0.0,6096.0,2508.9266666666667,,0
acct_420f6f18fc,0,1,0.0,0,0.0,7440.0,3276.8779999999997,,0
acct_66dcdfd172,0,1,0.0,0,0.0,0.0,4026.09,,0
acct_90f3938139,0,1,0.0,0,0.0,5688.0,3397.1,,0
acct_0a068b4d13,0,1,0.0,0,0.0,8568.0,3867.518000000001,,0
acct_b1a52417dc,0,1,0.0,0,0.0,0.0,4189.59,,0
acct_810b685302,0,1,0.0,0,0.0,6816.0,3426.5519999999997,,0
acct_bc561d4f9d,0,1,0.0,0,0.0,4944.0,1337.7066666666667,,0
acct_56a380f84f,0,1,0.0,0,0.0,792.0,3407.7250000000004,,0
acct_ed59c6dc05,0,1,0.0,0,0.0,0.0,904.25,,0
acct_8774271f96,0,1,0.0,0,0.0,0.0,2723.47,,0
acct_136bbc1ebf,0,1,0.0,0,0.0,5976.0,2301.56,,0
acct_221884df58,0,1,0.0,0,0.0,8352.0,3325.7966666666666,,0
acct_f2580eedf4,0,1,0.0,0,0.0,5232.0,2282.236,,0
acct_ccac9ea2b7,0,1,0.0,0,0.0,7632.0,3521.44,,0
acct_61724891cd,0,1,0.0,0,0.0,4152.0,1470.272,,0
acct_57bf64c880,0,1,0.0,0,0.0,5736.0,1805.062,,0
acct_9461a47f5d,0,1,0.0,0,0.0,3216.0,2147.2975,,0
acct_fd2aa66ae0,0,1,0.0,0,0.0,4464.0,3089.788,,0
acct_089bfc7ae7,0,1,0.0,0,0.0,5424.0,1253.5266666666666,,0
acct_8b3d1033a8,0,1,0.0,0,0.0,3120.0,3262.813333333333,,0
acct_c4b2b17e62,0,1,0.0,0,0.0,1080.0,2409.52,,0
acct_a679cb56c1,0,1,0.0,0,0.0,0.0,4839.92,,0
acct_f76251f97b,2,3,1.0,1,6597.005277777777,11517.005277777778,2587.315,,0
acct_a10213028a,0,1,0.0,0,0.0,2184.0,491.905,,0
acct_e2a864d45d,0,1,0.0,0,0.0,4392.0,2661.096666666667,,0
acct_e4ed8dde6d,6,7,1.0,1,41.07138888888889,41.18805555555556,2702.285333333333,ring_019,1
acct_6e21e25489,0,1,0.0,0,0.0,0.0,4993.62,,0
acct_c43b30448b,0,1,0.0,0,0.0,0.0,4485.5,,0
acct_2413d8e0de,0,1,0.0,0,0.0,2976.0,3270.665,,0
acct_6d52343ea6,0,1,0.0,0,0.0,1176.0,2394.775,,0
acct_bbc52ecc86,0,1,0.0,0,0.0,8832.0,1429.0325,,0
acct_6fef90eed1,0,1,0.0,0,0.0,9312.0,3809.6059999999998,,0
acct_79a9a07431,0,1,0.0,0,0.0,5784.0,2162.2174999999997,,0
acct_ad16c59b75,0,1,0.0,0,0.0,4776.0,2788.683333333333,,0
acct_fa109a8664,0,1,0.0,0,0.0,6000.0,1955.3375,,0
acct_46102caa39,0,1,0.0,0,0.0,0.0,2728.16,,0
acct_be53279474,0,1,0.0,0,0.0,0.0,2335.54,,0
acct_59b447b437,4,5,1.0,1,9015.800277777778,10639.468333333334,2295.143125,,0
acct_388adacef5,0,1,0.0,0,0.0,4440.0,3008.0950000000003,,0
acct_bd1a084cdf,0,1,0.0,0,0.0,3720.0,4187.545,,0
acct_7208b7b00d,0,1,0.0,0,0.0,6120.0,2000.3120000000004,,0
acct_1996970809,0,1,0.0,0,0.0,7344.0,2132.476666666667,,0
acct_39d2396b6e,0,1,0.0,0,0.0,8880.0,3323.375,,0
acct_eecc9bb1cb,0,1,0.0,0,0.0,4152.0,3246.7166666666667,,0
acct_8b0f140c6a,0,1,0.0,0,0.0,0.0,439.1,,0
acct_e0a86177b5,0,1,0.0,0,0.0,0.0,4170.99,,0
acct_268a9df071,0,1,0.0,0,0.0,8016.0,2415.382,,0
acct_9a3fb257ab,0,1,0.0,0,0.0,3936.0,1370.8633333333335,,0
acct_e8ae96d94d,1,2,1.0,1,6101.278888888889,12149.278888888888,2492.7285714285713,,0
acct_830ab64b25,0,1,0.0,0,0.0,5736.0,3470.9399999999996,,0
acct_326a11e8da,0,1,0.0,0,0.0,5184.0,1840.7525,,0
acct_c000d81ed9,0,1,0.0,0,0.0,5664.0,3127.24,,0
acct_6e9a85e720,4,5,1.0,3,29.642777777777777,29.54277777777778,3381.2890909090916,ring_039,1
acct_633d2cc61d,0,1,0.0,0,0.0,4632.0,3287.746,,0
acct_0985cc3f79,0,1,0.0,0,0.0,864.0,1802.1100000000001,,0
acct_cae10514d8,0,1,0.0,0,0.0,0.0,3181.49,,0
acct_6aa6bf5d99,5,6,1.0,1,9.316944444444445,12.016944444444444,1664.0275,ring_028,1
acct_dc73f6ba0e,0,1,0.0,0,0.0,2160.0,930.98,,0
acct_803b6c1c58,0,1,0.0,0,0.0,4224.0,3431.725,,0
acct_8b923f0e9f,0,1,0.0,0,0.0,5352.0,2115.076,,0
acct_973c0cc9fa,0,1,0.0,0,0.0,7128.0,2015.5566666666666,,0
acct_4719c11147,0,1,0.0,0,0.0,7056.0,2320.4040000000005,,0
acct_3d420472e4,0,1,0.0,0,0.0,0.0,2910.31,,0
acct_b81775ee6b,0,1,0.0,0,0.0,5304.0,3857.913333333334,,0
acct_94ee795e5c,0,1,0.0,0,0.0,6912.0,3430.2650000000003,,0
acct_0013ed7b77,0,1,0.0,0,0.0,0.0,2667.37,,0
acct_9571f74648,0,1,0.0,0,0.0,3144.0,2777.13,,0
acct_83f7af1f3b,0,1,0.0,0,0.0,4992.0,2733.7675,,0
acct_f599703a89,0,1,0.0,0,0.0,1800.0,2916.62,,0
acct_c6b80c0bd5,0,1,0.0,0,0.0,7008.0,3571.745,,0
acct_85e7c6739e,0,1,0.0,0,0.0,5184.0,2993.0639999999994,,0
acct_8719acef76,0,1,0.0,0,0.0,1752.0,3741.846666666667,,0
acct_fb417eaaa7,0,1,0.0,0,0.0,0.0,742.72,,0
acct_4053aca144,0,1,0.0,0,0.0,3624.0,3069.8,,0
acct_5ae997c59c,0,1,0.0,0,0.0,7968.0,3959.4439999999995,,0
acct_fc2978dcef,0,1,0.0,0,0.0,7344.0,2113.6000000000004,,0
acct_467d356420,0,1,0.0,0,0.0,0.0,4344.67,,0
acct_397e3018c2,0,1,0.0,0,0.0,6456.0,3028.946,,0
acct_2cf276d63b,0,1,0.0,0,0.0,0.0,3930.99,,0
acct_7ac5373a18,0,1,0.0,0,0.0,8256.0,2253.42,,0
acct_7cdb0f598a,0,1,0.0,0,0.0,0.0,3063.96,,0
acct_0cd318f0cb,0,1,0.0,0,0.0,2184.0,3883.5999999999995,,0
acct_8857213b0a,0,1,0.0,0,0.0,3912.0,2943.0766666666664,,0
acct_5f38480620,0,1,0.0,0,0.0,0.0,392.16,,0
acct_07bcb9ecfe,0,1,0.0,0,0.0,4584.0,3539.5225,,0
acct_3c02ffad31,5,6,1.0,1,9.385277777777778,11.440277777777778,3437.2266666666674,ring_014,1
acct_1e519bfd2b,2,3,1.0,1,4002.493611111111,9594.493611111111,2368.1166666666663,,0
acct_2d6d7a0bec,0,1,0.0,0,0.0,0.0,3033.7,,0
acct_69cc2b273a,0,1,0.0,0,0.0,1248.0,2059.035,,0
acct_00bad06aac,0,1,0.0,0,0.0,4080.0,2939.2766666666666,,0
acct_ed6f6697b0,0,1,0.0,0,0.0,2904.0,3080.748,,0
acct_ef79dd9bca,0,1,0.0,0,0.0,8640.0,2516.77,,0
acct_1cc58c8891,0,1,0.0,0,0.0,4632.0,2839.3700000000003,,0
acct_77c17ec061,0,1,0.0,0,0.0,7272.0,2243.3149999999996,,0
acct_5b71475376,0,1,0.0,0,0.0,6216.0,1835.54,,0
acct_20797fc5eb,0,1,0.0,0,0.0,1656.0,2804.3725000000004,,0
acct_f5ee4dedc9,0,1,0.0,0,0.0,5040.0,2648.858,,0
acct_e629745e0e,0,1,0.0,0,0.0,1.9333333333333333,1319.86,ring_039,1
acct_f81b852e7e,0,1,0.0,0,0.0,0.0,966.32,,0
acct_1723825321,0,1,0.0,0,0.0,8472.0,1382.2900000000002,,0
acct_51af506b0a,0,1,0.0,0,0.0,6768.0,3517.71,,0
acct_7109467336,0,1,0.0,0,0.0,4680.0,1705.648,,0
acct_3470a25d65,0,1,0.0,0,0.0,2808.0,4576.883333333333,,0
acct_ac4f7ae90f,0,1,0.0,0,0.0,648.0,3648.0099999999998,,0
acct_ab84a7d436,0,1,0.0,0,0.0,0.0,1418.0,,0
acct_93a72b65d8,0,1,0.0,0,0.0,7896.0,1592.152,,0
acct_947421b6fd,0,1,0.0,0,0.0,0.0,4184.74,,0
acct_3bdc82dadb,0,1,0.0,0,0.0,6888.0,2982.115,,0
acct_17a542e882,0,1,0.0,0,0.0,7968.0,2902.4933333333333,,0
acct_88b5916a83,0,1,0.0,0,0.0,6816.0,1313.7433333333333,,0
acct_8ea9a8ebf5,0,1,0.0,0,0.0,0.0,496.97,,0
acct_d0dc5b6311,0,1,0.0,0,0.0,2016.0,1394.52,,0
acct_9959073f9e,0,1,0.0,0,0.0,0.0,3089.89,,0
acct_0351dec876,0,1,0.0,0,0.0,7104.0,1852.812,,0
acct_6b2afe2e28,0,1,0.0,0,0.0,7176.0,2279.264,,0
acct_daecaebbc7,0,1,0.0,0,0.0,0.0,1208.7,,0
acct_6a6bb31ccd,0,1,0.0,0,0.0,2592.0,2909.5225,,0
acct_73f60eb8ad,0,1,0.0,0,0.0,5160.0,1940.0175,,0
acct_6542569e9e,0,1,0.0,0,0.0,0.0,2299.63,,0
acct_cef3d8fd7d,3,7,0.7142857142857143,3,20.863055555555555,19.013055555555557,2280.639090909091,ring_004,1
acct_1ee6ba3b05,0,1,0.0,0,0.0,0.0,2186.48,,0
acct_096795eaa1,0,1,0.0,0,0.0,2184.0,3683.7666666666664,,0
acct_321f1df4b0,0,1,0.0,0,0.0,3696.0,1455.775,,0
acct_6c51e6c7d4,0,1,0.0,0,0.0,0.0,4720.86,,0
acct_1d2180fe00,0,1,0.0,0,0.0,3624.0,3501.328,,0
acct_f232de91f0,0,1,0.0,0,0.0,4680.0,2445.4249999999997,,0
acct_f60831b487,0,1,0.0,0,0.0,0.0,2731.96,,0
acct_b6a2599d48,0,1,0.0,0,0.0,5688.0,2366.8480000000004,,0
acct_4759dc2be2,0,1,0.0,0,0.0,7776.0,3223.14,,0
acct_f26b16a2fd,0,1,0.0,0,0.0,2976.0,4043.943333333333,,0
acct_ec36dbbb44,0,1,0.0,0,0.0,9024.0,2786.023333333333,,0
acct_b4e8210f07,0,1,0.0,0,0.0,0.0,750.6,,0
acct_76c4f9598a,0,1,0.0,0,0.0,2904.0,2450.4366666666665,,0
acct_884d2bdbe8,0,1,0.0,0,0.0,3552.0,3294.71,,0
acct_d1c39ab312,0,1,0.0,0,0.0,1104.0,2963.67,,0
acct_58f4a6667c,0,1,0.0,0,0.0,6288.0,1306.2233333333334,,0
acct_cff5407024,0,1,0.0,0,0.0,7704.0,1141.25,,0
acct_b7f4abf6c5,0,1,0.0,0,0.0,8760.0,2199.79,,0
acct_745a7702a4,0,1,0.0,0,0.0,6744.0,3124.8040000000005,,0
acct_cc0dadbef3,0,1,0.0,0,0.0,4704.0,2091.23,,0
acct_b894ab6de2,0,1,0.0,0,0.0,1584.0,518.775,,0
acct_75f6391a82,0,1,0.0,0,0.0,0.0,2338.76,,0
acct_6b55324c2d,4,5,1.0,1,8583.65361111111,16021.240555555556,1834.6740000000002,,0
acct_848d969c36,0,1,0.0,0,0.0,0.0,2891.31,,0
acct_27cb65a6d8,0,1,0.0,0,0.0,1680.0,1939.68,,0
acct_8270dd4bdb,0,1,0.0,0,0.0,4680.0,2515.6620000000003,,0
acct_cd2e5d5f8c,0,1,0.0,0,0.0,3096.0,2428.9525,,0
acct_c9681ae103,0,1,0.0,0,0.0,8592.0,2089.76,,0
acct_647cf45666,0,1,0.0,0,0.0,8952.0,1895.51,,0
acct_2c5aae1bc4,0,1,0.0,0,0.0,2784.0,1736.98,,0
acct_8026cb2d86,3,4,1.0,1,9.873611111111112,10.873888888888889,2314.772,ring_002,1
acct_b0569297f9,0,1,0.0,0,0.0,192.0,3495.16,,0
acct_51b1af86f8,0,1,0.0,0,0.0,5136.0,2982.46,,0
acct_7fcb0ef88f,0,1,0.0,0,0.0,5568.0,2646.4179999999997,,0
acct_b937a9008a,0,1,0.0,0,0.0,2520.0,298.75,,0
acct_a6b757685e,0,1,0.0,0,0.0,6648.0,2233.67,,0
acct_d5249c0e0d,6,7,1.0,1,18.309444444444445,18.509444444444444,2866.34,ring_034,1
acct_013578cf80,0,1,0.0,0,0.0,0.0,218.37,,0
acct_8dde648b30,3,4,1.0,1,10459.799722222222,13840.766111111112,2062.7875,,0
acct_b2a90a23b6,0,1,0.0,0,0.0,0.0,4951.06,,0
acct_42d4ada2d4,0,1,0.0,0,0.0,0.0,543.66,,0
acct_f6ae1b0c1e,0,1,0.0,0,0.0,0.0,2340.36,,0
acct_11b590f429,0,1,0.0,0,0.0,4608.0,2278.2799999999997,,0
acct_f35ef490bc,0,1,0.0,0,0.0,2904.0,3393.56,,0
acct_708e0548f5,0,1,0.0,0,0.0,2280.0,2848.9733333333334,,0
acct_1b1e1aee8f,0,1,0.0,0,0.0,0.0,3350.96,,0
acct_1c66845320,0,1,0.0,0,0.0,1560.0,3164.6899999999996,,0
acct_9eb8cf9d47,0,1,0.0,0,0.0,0.0,831.65,,0
acct_3d03e77f07,0,1,0.0,0,0.0,8712.0,2721.9575,,0
acct_9cc6621d51,0,1,0.0,0,0.0,816.0,3080.41,,0
acct_d80b6f70e4,0,1,0.0,0,0.0,5664.0,2514.8,,0
acct_0823160e9d,0,1,0.0,0,0.0,7056.0,1798.305,,0
acct_b55dff5908,6,7,1.0,1,39.852777777777774,41.80277777777778,2353.5846666666666,ring_038,1
acct_7fdb6f8893,4,5,1.0,1,47.17333333333333,45.60666666666667,1988.3085714285714,ring_031,1
acct_1e11daede9,0,1,0.0,0,0.0,7488.0,2710.3125,,0
acct_6dc3babb1c,0,1,0.0,0,0.0,7128.0,1784.1680000000001,,0
acct_afca6a0d11,0,1,0.0,0,0.0,2904.0,2779.5633333333335,,0
acct_93c28baead,0,1,0.0,0,0.0,5424.0,3222.213333333333,,0
acct_3ee4001a76,0,1,0.0,0,0.0,408.0,2110.5150000000003,,0
acct_d0a61e3ca6,0,1,0.0,0,0.0,5256.0,1778.5633333333333,,0
acct_c312b65448,0,1,0.0,0,0.0,6576.0,2167.082,,0
acct_c3576b8b16,0,1,0.0,0,0.0,0.0,3492.49,,0
acct_fe032cfd05,0,1,0.0,0,0.0,2640.0,2973.3999999999996,,0
acct_ce48396e99,0,1,0.0,0,0.0,4608.0,1288.99,,0
acct_bd4835fcf5,0,1,0.0,0,0.0,2064.0,2145.5833333333335,,0
acct_f63476ec15,2,3,1.0,1,9638.795555555556,17318.795555555556,1491.8071428571427,,0
acct_26906b24be,0,1,0.0,0,0.0,3720.0,2217.0266666666666,,0
acct_16d02cdc19,4,5,1.0,1,4549.36,10683.240277777777,2285.44875,,0
acct_0fbdf29d0f,0,1,0.0,0,0.0,7896.0,2779.0379999999996,,0
acct_502109b6fe,0,1,0.0,0,0.0,6576.0,3050.93,,0
acct_8cf6548a4a,0,1,0.0,0,0.0,6096.0,1209.7875,,0
acct_ca81fb674e,0,1,0.0,0,0.0,4104.0,4564.16,,0
acct_2c9770a5ba,0,1,0.0,0,0.0,1320.0,2263.8266666666664,,0
acct_2a0143ca59,0,1,0.0,0,0.0,7416.0,2620.696,,0
acct_6cb99f0978,0,1,0.0,0,0.0,2952.0,3684.23,,0
acct_f2296b6431,0,1,0.0,0,0.0,768.0,1427.545,,0
acct_0dde762cc6,0,1,0.0,0,0.0,5376.0,2820.8500000000004,,0
acct_6c0140f2af,0,1,0.0,0,0.0,5352.0,2094.9725000000003,,0
acct_a7fa09c8e7,0,1,0.0,0,0.0,3216.0,2028.51,,0
acct_07245c0f95,0,1,0.0,0,0.0,8088.0,3113.2,,0
acct_24e79f49f7,0,1,0.0,0,0.0,5640.0,2201.2633333333333,,0
acct_ce525fd499,0,1,0.0,0,0.0,3912.0,3036.8599999999997,,0
acct_9d5f5dd948,0,1,0.0,0,0.0,3960.0,3135.69,,0
acct_0febfc1a3c,0,1,0.0,0,0.0,0.0,299.2,,0
acct_b172302ca4,0,1,0.0,0,0.0,6480.0,3589.4566666666665,,0
acct_50fb7d0e52,0,1,0.0,0,0.0,0.0,4896.49,,0
acct_7e59e753ee,0,1,0.0,0,0.0,5232.0,3009.852,,0
acct_6038fdfebb,0,1,0.0,0,0.0,0.0,733.61,,0
acct_611e91e900,0,1,0.0,0,0.0,5976.0,1871.8925,,0
acct_83add37430,0,1,0.0,0,0.0,240.0,1836.0700000000002,,0
acct_1dea53d95e,0,1,0.0,0,0.0,0.0,1429.79,,0
acct_1d094eb208,0,1,0.0,0,0.0,6432.0,3158.1866666666665,,0
acct_b45d8306b6,0,1,0.0,0,0.0,0.0,4870.99,,0
acct_3897b6bd58,0,1,0.0,0,0.0,5856.0,2409.6299999999997,,0
acct_d733cea506,0,1,0.0,0,0.0,0.0,228.77,,0
acct_060cb2f6a4,0,1,0.0,0,0.0,8160.0,2457.87,,0
acct_8ac83305d6,0,1,0.0,0,0.0,3768.0,1605.81,,0
acct_6ae02530f7,0,1,0.0,0,0.0,5568.0,3140.635,,0
acct_7f98fc25f8,0,1,0.0,0,0.0,8808.0,2597.155,,0
acct_858263d7a7,0,1,0.0,0,0.0,0.0,1710.55,,0
acct_7227e04e3c,1,5,0.5,3,11.275,12.625,2512.80875,ring_035,1
acct_98c67623bc,0,1,0.0,0,0.0,672.0,2590.875,,0
acct_591f6326a0,0,1,0.0,0,0.0,4344.0,2138.802,,0
acct_97d7757c38,0,1,0.0,0,0.0,0.0,163.44,,0
acct_e56cffa183,0,1,0.0,0,0.0,1032.0,2458.4700000000003,,0
acct_59cfea8ca1,0,1,0.0,0,0.0,0.0,1527.76,,0
acct_be4b9c0676,6,7,0.8095238095238095,3,3.1958333333333333,5.4475,2383.9715384615383,ring_013,1
acct_ddddadc1c1,0,1,0.0,0,0.0,0.0,1277.31,,0
acct_901f8840f3,0,1,0.0,0,0.0,3288.0,2477.468,,0
acct_7babd7b8c5,0,1,0.0,0,0.0,8568.0,3446.3360000000002,,0
acct_a1f30803dc,0,1,0.0,0,0.0,0.0,1207.65,,0
acct_3f896ee7a2,0,1,0.0,0,0.0,4416.0,2316.085,,0
acct_ee160c7a7e,0,1,0.0,0,0.0,1728.0,4341.71,,0
acct_0454cbf8f9,0,1,0.0,0,0.0,3696.0,2258.8866666666668,,0
acct_ade3c78088,0,1,0.0,0,0.0,6360.0,3192.663333333334,,0
acct_04d7cf6e77,0,1,0.0,0,0.0,3600.0,1836.3225000000002,,0
acct_dace73b6bc,0,1,0.0,0,0.0,6192.0,1572.5766666666666,,0
acct_e2487ef5c5,0,1,0.0,0,0.0,7104.0,3185.958,,0
acct_4d6dd6dafb,0,1,0.0,0,0.0,5808.0,1823.164,,0
acct_87301f44cd,0,1,0.0,0,0.0,3936.0,3084.8399999999997,,0
acct_e33a223e56,0,1,0.0,0,0.0,5904.0,3219.1166666666663,,0
acct_cde578d456,0,1,0.0,0,0.0,8256.0,2916.1160000000004,,0
acct_8878e70250,0,1,0.0,0,0.0,2856.0,3465.5979999999995,,0
acct_e21dce9c3f,0,1,0.0,0,0.0,5544.0,3188.9819999999995,,0
acct_70106ceb65,0,1,0.0,0,0.0,4464.0,2144.29,,0
acct_0ba3e44a1d,0,1,0.0,0,0.0,4104.0,2299.96,,0
acct_b45b02fa8e,0,1,0.0,0,0.0,0.0,1082.68,,0
acct_5c8925b88d,0,1,0.0,0,0.0,3936.0,1535.1933333333334,,0
acct_cf34202740,0,1,0.0,0,0.0,0.0,1693.6,,0
acct_e6251b1052,5,6,1.0,2,4.826666666666667,5.793333333333333,2642.309333333333,ring_033,1
acct_ed577548a7,0,1,0.0,0,0.0,912.0,1798.22,,0
acct_7f66c71c0b,0,1,0.0,0,0.0,3240.0,1510.025,,0
acct_740d36e931,3,4,1.0,1,8434.702222222222,15754.702222222222,2628.825,,0
acct_e1ef94b223,0,1,0.0,0,0.0,6528.0,3092.2299999999996,,0
acct_af4528da58,0,1,0.0,0,0.0,1392.0,3993.49,,0
acct_4a7e8f0031,0,1,0.0,0,0.0,4392.0,2345.496666666667,,0
acct_a485e1f9f9,0,1,0.0,0,0.0,8064.0,2862.77,,0
acct_fc72b01932,0,1,0.0,0,0.0,7488.0,2020.6225,,0
acct_8eb89df749,3,4,1.0,1,10460.595555555556,15504.341388888888,2397.745,,0
acct_5b014d1a09,0,1,0.0,0,0.0,5496.0,1639.215,,0
acct_f3c96776d5,0,1,0.0,0,0.0,888.0,4224.5599999999995,,0
acct_13da98cd0a,0,1,0.0,0,0.0,4728.0,2992.023333333334,,0
acct_7189bddda3,0,1,0.0,0,0.0,6312.0,2461.5725,,0
acct_143ccae463,5,6,1.0,2,4.826666666666667,5.793333333333333,2642.309333333333,ring_033,1
acct_2c209eed42,0,1,0.0,0,0.0,1296.0,1915.87,,0
acct_e6be46c7f6,0,1,0.0,0,0.0,1008.0,1898.05,,0
acct_5d8f3562aa,0,1,0.0,0,0.0,0.0,4145.7,,0
acct_51e486645b,0,1,0.0,0,0.0,4704.0,2033.3566666666668,,0
acct_52eeb3298e,0,1,0.0,0,0.0,7944.0,1769.768,,0
acct_c05b0062ce,0,1,0.0,0,0.0,1536.0,1493.0,,0
acct_ffcfc43dfa,0,1,0.0,0,0.0,0.0,1540.56,,0
acct_99b96d0965,0,1,0.0,0,0.0,3360.0,3807.8540000000003,,0
acct_53c8910234,0,1,0.0,0,0.0,0.0,652.03,,0
acct_dc1f6afe98,0,1,0.0,0,0.0,1896.0,1185.5199999999998,,0
acct_49a1728010,0,1,0.0,0,0.0,1104.0,3788.11,,0
acct_3e3d253ffc,0,1,0.0,0,0.0,6528.0,2944.546666666667,,0
acct_c9a8ac0553,0,1,0.0,0,0.0,6048.0,2183.945,,0
acct_693d269b87,0,1,0.0,0,0.0,7392.0,3129.13,,0
acct_444dc525af,0,1,0.0,0,0.0,8016.0,2655.8825,,0
acct_31bd662573,0,1,0.0,0,0.0,6360.0,3589.6725000000006,,0
acct_bade56bf6c,0,1,0.0,0,0.0,0.0,977.82,,0
acct_83a6c695a4,0,1,0.0,0,0.0,4896.0,2799.688,,0
acct_a23086da91,0,1,0.0,0,0.0,0.0,2012.31,,0
acct_bfbfc86b18,0,1,0.0,0,0.0,1128.0,2929.8333333333335,,0
acct_178587119d,0,1,0.0,0,0.0,2616.0,1920.755,,0
acct_233206eadb,0,1,0.0,0,0.0,7128.0,2956.1725,,0
acct_bb31c8a72a,0,1,0.0,0,0.0,1032.0,2143.7433333333333,,0
acct_a6d437310a,0,1,0.0,0,0.0,960.0,1570.86,,0
acct_01675a486c,0,1,0.0,0,0.0,6360.0,2626.9919999999997,,0
acct_bf2e7559f9,0,1,0.0,0,0.0,2160.0,2869.7200000000003,,0
acct_ccffb74912,0,1,0.0,0,0.0,5808.0,2616.98,,0
acct_5a2b2aaa2b,0,1,0.0,0,0.0,4824.0,3211.3575,,0
acct_51ab8e375e,0,1,0.0,0,0.0,0.0,324.34,,0
acct_c202d86bcd,7,8,1.0,2,11.590277777777779,13.290277777777778,2603.994705882353,ring_024,1
acct_3697c02db3,0,1,0.0,0,0.0,3792.0,1818.84,,0
acct_8ad9fc501f,0,1,0.0,0,0.0,7680.0,1836.466,,0
acct_884bbf85b9,0,1,0.0,0,0.0,6024.0,2235.1025,,0
acct_21724e3f37,3,4,1.0,1,7086.2025,14742.2025,2188.1133333333332,,0
acct_191373394f,3,4,1.0,1,9137.618333333334,14742.035277777777,2471.5384615384614,,0
acct_9ca9a47ea3,0,1,0.0,0,0.0,0.0,4887.9,,0
acct_7754b861f4,0,1,0.0,0,0.0,8544.0,2237.4900000000002,,0
acct_f14bfe1b47,7,8,1.0,2,9.45888888888889,11.975555555555555,2362.2805263157898,ring_011,1
acct_02feb08308,0,1,0.0,0,0.0,5016.0,2355.035,,0
acct_fbe9a3ac35,0,1,0.0,0,0.0,0.0,139.89,,0
acct_c937bc61fe,0,1,0.0,0,0.0,2856.0,2503.475,,0
acct_0caace5bb8,0,1,0.0,0,0.0,7104.0,2583.624,,0
acct_4bbe8bc8fc,0,1,0.0,0,0.0,2040.0,2934.535,,0
acct_8302676278,0,1,0.0,0,0.0,4752.0,2254.1825,,0
acct_51daa8dce3,0,1,0.0,0,0.0,3168.0,2804.175,,0
acct_777c3b49e1,0,1,0.0,0,0.0,0.0,4797.76,,0
acct_9915b30e6b,0,1,0.0,0,0.0,2664.0,3175.2680000000005,,0
acct_29c02437c4,0,1,0.0,0,0.0,3576.0,1822.2166666666665,,0
acct_55e95572cc,0,1,0.0,0,0.0,7896.0,4205.26,,0
acct_05b729c47d,0,1,0.0,0,0.0,7536.0,1497.328,,0
acct_45929a1b1b,0,1,0.0,0,0.0,2136.0,2667.0725,,0
acct_a6a9f79232,3,4,1.0,1,12.431944444444444,14.64861111111111,1921.6879999999996,ring_015,1
acct_025ef95ee2,0,1,0.0,0,0.0,3024.0,2911.4133333333334,,0
acct_6086c7dc6b,0,1,0.0,0,0.0,5112.0,2438.2419999999997,,0
acct_01bde23af3,2,3,1.0,1,8868.346944444444,12250.685277777779,2430.0128571428572,,0
acct_64547ba8c1,0,1,0.0,0,0.0,4272.0,3920.685,,0
acct_63e576acf9,0,1,0.0,0,0.0,5592.0,3178.354,,0
acct_b248e0c910,0,1,0.0,0,0.0,7176.0,2105.5075,,0
acct_086caa2cfd,0,1,0.0,0,0.0,6936.0,1420.4133333333332,,0
acct_bd8f57c6ef,0,1,0.0,0,0.0,3552.0,3716.786666666667,,0
acct_7806ee0b6c,0,1,0.0,0,0.0,4056.0,2596.876,,0
acct_07558c2165,0,1,0.0,0,0.0,8256.0,2146.3433333333332,,0
acct_a9b2ec3812,0,1,0.0,0,0.0,528.0,2184.943333333333,,0
acct_d6bb8e28e2,0,1,0.0,0,0.0,4080.0,2563.978,,0
acct_0fa0fdccaf,0,1,0.0,0,0.0,8736.0,2559.832,,0
acct_4b78bcbf71,0,1,0.0,0,0.0,6216.0,3649.7400000000002,,0
acct_6aaf779ab1,7,8,1.0,2,11.590277777777779,13.290277777777778,2603.994705882353,ring_024,1
acct_423a8e78a8,0,1,0.0,0,0.0,3000.0,1771.2939999999999,,0
acct_40c7a2d383,0,1,0.0,0,0.0,2664.0,3153.0766666666664,,0
acct_26c4a3a1bb,0,1,0.0,0,0.0,6552.0,386.15999999999997,,0
acct_ea81378978,0,1,0.0,0,0.0,2952.0,1859.3366666666668,,0
acct_079e11a7ba,0,1,0.0,0,0.0,8712.0,1953.8199999999997,,0
acct_38967598cf,4,5,1.0,1,13535.21388888889,23015.213888888888,2856.2966666666666,,0
acct_bae032a3bf,0,1,0.0,0,0.0,7464.0,3350.8175,,0
acct_f13ca40c5c,3,5,0.9,3,49.87777777777778,50.294444444444444,2903.481111111111,ring_020,1
acct_d1fb1b7a2b,4,5,1.0,1,47.32416666666666,49.924166666666665,2303.9942857142855,ring_017,1
acct_c0f33e6a45,0,1,0.0,0,0.0,0.0,4676.02,,0
acct_19b846d946,0,1,0.0,0,0.0,6000.0,1469.274,,0
acct_891ff57e52,0,1,0.0,0,0.0,0.0,1014.77,,0
acct_6ac8799329,0,1,0.0,0,0.0,3672.0,1377.8700000000001,,0
acct_1cac5abb5c,0,1,0.0,0,0.0,8112.0,2979.254,,0
acct_6020255a0d,0,1,0.0,0,0.0,6984.0,2786.286666666667,,0
acct_0218906a79,0,1,0.0,0,0.0,7536.0,2594.3239999999996,,0
acct_ac3886df5a,0,1,0.0,0,0.0,3456.0,942.345,,0
acct_75193b46f1,0,1,0.0,0,0.0,2088.0,4359.4400000000005,,0
acct_b768c62741,0,1,0.0,0,0.0,5520.0,4404.48,,0
acct_0bfd29b1d8,0,1,0.0,0,0.0,4512.0,2675.445,,0
acct_24cbcf8923,0,1,0.0,0,0.0,240.0,2881.205,,0
acct_2eae7c2acc,0,1,0.0,0,0.0,1536.0,1204.545,,0
acct_22bcb57370,0,1,0.0,0,0.0,4896.0,1876.574,,0
acct_f44d2965d9,0,1,0.0,0,0.0,0.0,4509.47,,0
acct_8bcedf6065,0,1,0.0,0,0.0,5736.0,2676.0,,0
acct_540a96f021,0,1,0.0,0,0.0,8520.0,3161.9599999999996,,0
acct_5f56f12f6a,0,1,0.0,0,0.0,6912.0,2604.2099999999996,,0
acct_dd35550147,0,1,0.0,0,0.0,8448.0,2203.763333333334,,0
acct_2ebcbf29bc,0,1,0.0,0,0.0,3072.0,1499.135,,0
acct_5463aa6aac,0,1,0.0,0,0.0,7848.0,2510.982,,0
acct_780c7b4ffc,0,1,0.0,0,0.0,8160.0,2547.2566666666667,,0
acct_688e766b25,0,1,0.0,0,0.0,7224.0,3131.522,,0
acct_56890acab5,0,1,0.0,0,0.0,7248.0,3675.096,,0
acct_22e2f4088e,3,4,1.0,1,10.050277777777778,10.372222222222222,2402.8914285714286,ring_003,1
acct_552ea656da,0,1,0.0,0,0.0,5424.0,2773.963333333333,,0
acct_bc3dc346d2,3,4,1.0,1,11556.603055555555,20172.603055555555,3002.3326666666667,,0
acct_e5e963fb26,0,1,0.0,0,0.0,3648.0,1783.67,,0
acct_9d8bce2d0a,0,1,0.0,0,0.0,0.0,543.66,,0
acct_7b63afba3d,0,1,0.0,0,0.0,0.0,4897.67,,0
acct_6a1aa1769d,0,1,0.0,0,0.0,0.0,2316.55,,0
acct_85f4ece9e3,4,5,1.0,3,19.7475,21.564166666666665,2803.542727272727,ring_012,1
acct_0fec785d52,0,1,0.0,0,0.0,5520.0,3095.5,,0
acct_b4d8b531d5,0,1,0.0,0,0.0,6072.0,1878.5500000000002,,0
acct_6ce3a94547,0,1,0.0,0,0.0,8136.0,1482.8200000000002,,0
acct_4d873592b5,0,1,0.0,0,0.0,3144.0,3019.685,,0
acct_e2a86b410e,0,1,0.0,0,0.0,4848.0,1227.775,,0
acct_b14a89e955,6,7,1.0,1,19.79611111111111,18.912777777777777,2061.9153333333334,ring_027,1
acct_a835f38457,0,1,0.0,0,0.0,3720.0,4240.963333333333,,0
acct_a9edd0e16d,0,1,0.0,0,0.0,2376.0,3595.175,,0
acct_9cc77e9915,0,1,0.0,0,0.0,1128.0,3213.555,,0
acct_8fe8a63dd6,0,1,0.0,0,0.0,0.0,2535.91,,0
acct_90e4151386,0,1,0.0,0,0.0,7008.0,3382.9399999999996,,0
acct_c36f66b52d,0,1,0.0,0,0.0,7512.0,2338.502,,0
acct_f1d9572387,0,1,0.0,0,0.0,5544.0,2949.353333333333,,0
acct_a167e24ccc,0,1,0.0,0,0.0,2256.0,2461.275,,0
acct_61a0825e60,0,1,0.0,0,0.0,264.0,3119.4700000000003,,0
acct_b75ba585d2,0,1,0.0,0,0.0,5016.0,2687.505,,0
acct_069236361f,0,1,0.0,0,0.0,3288.0,2854.0,,0
acct_f48b8b5737,0,1,0.0,0,0.0,5112.0,1688.5533333333333,,0
acct_48d4283e80,0,1,0.0,0,0.0,8928.0,1498.6200000000001,,0
acct_4521fca86a,0,1,0.0,0,0.0,5832.0,2663.1580000000004,,0
acct_f33230babb,0,1,0.0,0,0.0,408.0,1947.5549999999998,,0
acct_16c29a439a,0,1,0.0,0,0.0,3768.0,2162.48,,0
acct_a868d78604,0,1,0.0,0,0.0,840.0,1647.065,,0
acct_6ba3ac7179,0,1,0.0,0,0.0,0.0,1399.43,,0
acct_3d8eaaaecc,0,1,0.0,0,0.0,6024.0,1761.4959999999999,,0
acct_96dd133600,3,4,1.0,1,8870.653888888888,14246.653888888888,2550.432,,0
acct_d479179a1f,0,1,0.0,0,0.0,5400.0,3946.1700000000005,,0
acct_bf38fd820f,4,5,0.9,3,49.87777777777778,50.294444444444444,2903.481111111111,ring_020,1
acct_5080e72c1a,0,1,0.0,0,0.0,5424.0,1395.9,,0
acct_3ab799a5d0,0,1,0.0,0,0.0,5688.0,2839.844,,0
acct_0b4a2e65a4,0,1,0.0,0,0.0,4608.0,3233.8933333333334,,0
acct_cb0ac2497b,0,1,0.0,0,0.0,456.0,1059.77,,0
acct_9e496955f5,0,1,0.0,0,0.0,7008.0,2795.29,,0
acct_b26683d2bf,6,7,1.0,1,19.79611111111111,18.912777777777777,2061.9153333333334,ring_027,1
acct_5d059771a2,0,1,0.0,0,0.0,0.0,1457.39,,0
acct_9739b0170f,0,1,0.0,0,0.0,7224.0,3405.3940000000002,,0
acct_39ba50222a,0,1,0.0,0,0.0,0.0,4320.37,,0
acct_28f00a13b8,0,1,0.0,0,0.0,5424.0,3719.98,,0
acct_90df9d8397,1,2,1.0,1,2484.4875,7956.4875,2636.1625,,0
acct_27bbb43bae,0,1,0.0,0,0.0,0.0,3456.54,,0
acct_ea7bd47d1d,0,1,0.0,0,0.0,8616.0,916.17,,0
acct_d8e14da33d,0,1,0.0,0,0.0,5040.0,927.845,,0
acct_a21e21c9f0,0,1,0.0,0,0.0,2280.0,2267.0125,,0
acct_725ac5bf9c,0,1,0.0,0,0.0,7560.0,3205.752,,0
acct_1b3f395e93,0,1,0.0,0,0.0,8688.0,3038.666,,0
acct_b83190a438,0,1,0.0,0,0.0,4032.0,2946.38,,0
acct_ebc065766f,1,2,1.0,1,3378.435,8208.0,3800.8233333333333,,0
acct_ba025d387e,0,1,0.0,0,0.0,2376.0,4293.85,,0
acct_9fc2d76425,0,1,0.0,0,0.0,0.0,1714.3,,0
acct_f69e9c9066,0,1,0.0,0,0.0,0.0,4819.2,,0
acct_a285f9bdc7,0,1,0.0,0,0.0,8256.0,1360.32,,0
acct_b280c8c0a3,0,1,0.0,0,0.0,0.0,817.51,,0
acct_5898964eeb,0,1,0.0,0,0.0,7104.0,2858.7660000000005,,0
acct_2d80b69dbf,5,6,1.0,2,4.826666666666667,5.793333333333333,2642.309333333333,ring_033,1
acct_a2ee788eed,0,1,0.0,0,0.0,0.0,2410.51,,0
acct_b79816f1e6,0,1,0.0,0,0.0,0.0,4765.7,,0
acct_78e42f0e0b,0,1,0.0,0,0.0,4728.0,2381.1549999999997,,0
acct_30a6be4a18,0,1,0.0,0,0.0,6528.0,2914.69,,0
acct_36bb50cb69,0,1,0.0,0,0.0,4608.0,2264.8866666666668,,0
acct_3a3619bad7,0,1,0.0,0,0.0,4752.0,3397.3525,,0
acct_9412cbbfaa,0,1,0.0,0,0.0,1128.0,2565.3959999999997,,0
acct_a4123e52d4,0,1,0.0,0,0.0,4104.0,2739.635,,0
acct_31d00c7f61,0,1,0.0,0,0.0,5400.0,2165.16,,0
acct_9f0b2efeb5,0,1,0.0,0,0.0,4224.0,2335.6575,,0
acct_8249c7c207,0,1,0.0,0,0.0,5736.0,3550.9449999999997,,0
acct_7d7bac34a7,0,1,0.0,0,0.0,0.0,1377.18,,0
acct_a0786b3b9c,0,1,0.0,0,0.0,3624.0,2308.3225,,0
acct_8964cc1d9e,0,1,0.0,0,0.0,8400.0,2168.4025,,0
acct_748b97cbc9,0,1,0.0,0,0.0,4104.0,2703.4966666666664,,0
acct_7a89399cc8,0,1,0.0,0,0.0,0.0,1008.03,,0
acct_da756a345f,0,1,0.0,0,0.0,6360.0,2435.168,,0
acct_05fea28251,0,1,0.0,0,0.0,4344.0,1924.8325,,0
acct_5655474f82,0,1,0.0,0,0.0,4296.0,1695.8266666666666,,0
acct_6210edc0b8,0,1,0.0,0,0.0,1968.0,1993.0475000000001,,0
acct_a766b38b3a,0,1,0.0,0,0.0,0.0,2031.06,,0
acct_842cf7e974,0,1,0.0,0,0.0,7176.0,3159.4900000000002,,0
acct_d87f9f61f2,0,1,0.0,0,0.0,0.0,4392.44,,0
acct_b5dc6fc9d9,6,7,0.8095238095238095,3,3.1958333333333333,5.4475,2383.9715384615383,ring_013,1
acct_7dae3d535a,4,5,1.0,1,6179.855277777778,9621.6575,2926.6407692307694,,0
acct_4dfda62878,0,1,0.0,0,0.0,5304.0,2370.7599999999998,,0
acct_19874c0dbb,0,1,0.0,0,0.0,0.0,53.13,,0
acct_7b32742b36,0,1,0.0,0,0.0,0.0,1757.32,,0
acct_688f5f0e0b,1,2,1.0,1,2623.3566666666666,12151.356666666667,2389.7025,,0
acct_af87d930d3,0,1,0.0,0,0.0,2184.0,1279.95,,0
acct_e8c06f26ef,0,1,0.0,0,0.0,5736.0,2065.39,,0
acct_88c94e31c2,0,1,0.0,0,0.0,0.0,635.66,,0
acct_56b3d98298,0,1,0.0,0,0.0,8856.0,1949.7275,,0
acct_ca5963eec0,0,1,0.0,0,0.0,5616.0,1200.5033333333333,,0
acct_cf3905f488,0,1,0.0,0,0.0,2832.0,2789.183333333333,,0
acct_4509f22e0e,0,1,0.0,0,0.0,6408.0,2851.1475,,0
acct_8dded56f63,0,1,0.0,0,0.0,2808.0,2363.855,,0
acct_8d39505229,0,1,0.0,0,0.0,3648.0,2486.48,,0
acct_67550265a9,0,1,0.0,0,0.0,0.0,1217.76,,0
acct_95d72395c5,0,1,0.0,0,0.0,2712.0,3668.1133333333332,,0
acct_2352fadbd2,0,1,0.0,0,0.0,3912.0,2131.84,,0
acct_cbf6911e05,0,1,0.0,0,0.0,1752.0,1100.8433333333335,,0
acct_b32b7e5472,0,1,0.0,0,0.0,0.0,1472.98,,0
acct_af99e9dbbe,0,1,0.0,0,0.0,5952.0,1678.3600000000004,,0
acct_7ecd76e3c8,0,1,0.0,0,0.0,2568.0,2708.72,,0
acct_2a34008305,0,1,0.0,0,0.0,0.0,3906.71,,0
acct_272cea4565,0,1,0.0,0,0.0,1776.0,4034.76,,0
acct_0d9e825784,6,7,1.0,1,39.852777777777774,41.80277777777778,2353.5846666666666,ring_038,1
acct_5b01d5c7fc,0,1,0.0,0,0.0,6768.0,2412.4880000000003,,0
acct_a567bb1889,0,1,0.0,0,0.0,2160.0,1572.3166666666666,,0
acct_31f06850a4,0,1,0.0,0,0.0,0.0,1672.07,,0
acct_4075f5432d,0,1,0.0,0,0.0,6912.0,1151.9800000000002,,0
acct_f9de8f8c8f,0,1,0.0,0,0.0,0.0,1577.14,,0
acct_5c6dca736f,0,1,0.0,0,0.0,0.0,2268.77,,0
acct_da4c1c88b3,0,1,0.0,0,0.0,6768.0,2020.6933333333334,,0
acct_46d5af0a61,0,1,0.0,0,0.0,2832.0,2946.145,,0
acct_6e174d6ffc,0,1,0.0,0,0.0,5760.0,2116.84,,0
acct_501c30dab4,0,1,0.0,0,0.0,3840.0,2045.5440000000003,,0
acct_2347f359e2,1,2,1.0,1,2994.1544444444444,8898.154444444444,1155.5733333333335,,0
acct_dd47b2eba1,0,1,0.0,0,0.0,0.0,1045.14,,0
acct_1ffc0230c4,0,1,0.0,0,0.0,2136.0,3365.6279999999997,,0
acct_e6ca1cd646,0,1,0.0,0,0.0,3480.0,1418.545,,0
acct_29e797b476,0,1,0.0,0,0.0,6288.0,1541.172,,0
acct_b5185b6898,0,1,0.0,0,0.0,1920.0,3864.24,,0
acct_711d7f47f7,0,1,0.0,0,0.0,6336.0,2472.736,,0
acct_d9da30ec93,0,1,0.0,0,0.0,4368.0,3340.3475,,0
acct_70d58d1f0e,0,1,0.0,0,0.0,0.0,1161.2,,0
acct_56dc5d859a,0,1,0.0,0,0.0,5400.0,2197.9449999999997,,0
acct_cd79d16078,0,1,0.0,0,0.0,6720.0,3160.1200000000003,,0
acct_7dbec1a1bb,0,1,0.0,0,0.0,0.0,2684.72,,0
acct_98d7d39654,0,1,0.0,0,0.0,6408.0,2162.05,,0
acct_0a62c97adc,0,1,0.0,0,0.0,0.0,2992.53,,0
acct_125be53bb1,7,8,1.0,2,11.590277777777779,13.290277777777778,2603.994705882353,ring_024,1
acct_16e717173a,2,3,1.0,1,15.0025,17.669166666666666,2601.3412500000004,ring_009,1
acct_ed8584fe68,0,1,0.0,0,0.0,5064.0,2629.2375,,0
acct_26c45c472e,0,1,0.0,0,0.0,7560.0,1964.3059999999998,,0
acct_6f5ec7f5c6,0,1,0.0,0,0.0,7248.0,3600.148,,0
acct_6c1da4b369,0,1,0.0,0,0.0,2304.0,3780.195,,0
acct_dec89f0142,0,1,0.0,0,0.0,9048.0,4193.3675,,0
acct_54450be08a,7,8,1.0,2,3.3016666666666667,5.101666666666667,2161.4352941176467,ring_026,1
acct_f6f53d22c2,0,1,0.0,0,0.0,3264.0,2573.045,,0
acct_047596b274,0,1,0.0,0,0.0,5592.0,1737.1999999999998,,0
acct_520642c5b7,0,1,0.0,0,0.0,6504.0,3159.2975,,0
acct_a37ad8db1b,0,1,0.0,0,0.0,0.0,4729.04,,0
acct_bc3af991c7,0,1,0.0,0,0.0,7320.0,2369.7933333333335,,0
acct_7bd5876534,0,1,0.0,0,0.0,6456.0,2436.524,,0
acct_d9befc7bb1,0,1,0.0,0,0.0,7824.0,1947.3619999999999,,0
acct_30147917b7,0,1,0.0,0,0.0,8952.0,2215.34,,0
acct_3b2dffa11f,0,1,0.0,0,0.0,0.0,2899.58,,0
acct_0f5818e63c,0,1,0.0,0,0.0,6072.0,1638.7599999999998,,0
acct_abe64896d4,0,1,0.0,0,0.0,1848.0,1252.015,,0
acct_57dd777422,0,1,0.0,0,0.0,7584.0,2457.71,,0
acct_a580636144,0,1,0.0,0,0.0,3984.0,3251.2174999999997,,0
acct_dd94448ba1,0,1,0.0,0,0.0,3072.0,1108.175,,0
acct_4f2fb361b7,2,3,1.0,1,9442.226944444445,12274.226944444445,2894.022857142857,,0
acct_848101ed51,0,1,0.0,0,0.0,3000.0,2232.705,,0
acct_7207a9068d,0,1,0.0,0,0.0,5544.0,2106.525,,0
acct_b4bcc98226,7,8,1.0,2,3.3016666666666667,5.101666666666667,2161.4352941176467,ring_026,1
acct_9ebe19d08b,0,1,0.0,0,0.0,456.0,3508.005,,0
acct_2869b9f524,0,1,0.0,0,0.0,9072.0,2654.4500000000003,,0
acct_d219a9aaee,3,7,0.7142857142857143,3,20.863055555555555,19.013055555555557,2280.639090909091,ring_004,1
acct_f79c355817,2,3,1.0,1,8868.346944444444,12250.685277777779,2430.0128571428572,,0
acct_6821998c28,0,1,0.0,0,0.0,7968.0,3552.14,,0
acct_10702a7c87,0,1,0.0,0,0.0,6048.0,3196.692,,0
acct_1ea2416362,4,7,0.8095238095238095,3,3.1958333333333333,5.4475,2383.9715384615383,ring_013,1
acct_cbae83861a,7,8,1.0,2,8.493333333333334,10.026666666666667,2228.633333333333,ring_008,1
acct_49a2cdab86,0,1,0.0,0,0.0,6240.0,1955.5819999999999,,0
acct_782aaa2aa5,0,1,0.0,0,0.0,4464.0,2471.2566666666667,,0
acct_8ddde5abd5,0,1,0.0,0,0.0,4680.0,3127.795,,0
acct_f9c2717dce,0,1,0.0,0,0.0,8760.0,2994.736,,0
acct_4e68a2381f,2,3,1.0,1,5854.232777777778,7557.8983333333335,3590.598571428571,,0
acct_12f95ac2f9,2,3,1.0,1,94.5111111111111,6744.0,3048.357,,0
acct_2c73e4d427,0,1,0.0,0,0.0,0.0,1223.79,,0
acct_5634fda23a,0,1,0.0,0,0.0,1032.0,1712.6833333333332,,0
acct_3b3a5c1b53,6,7,1.0,2,25.79222222222222,26.940833333333334,2182.312307692308,ring_016,1
acct_e992603229,0,1,0.0,0,0.0,7944.0,3101.4880000000003,,0
acct_3922599564,0,1,0.0,0,0.0,840.0,3527.4300000000003,,0
acct_7685b224b0,0,1,0.0,0,0.0,6312.0,1480.3220000000001,,0
acct_f226222285,0,1,0.0,0,0.0,9168.0,2585.793333333333,,0
acct_19fec0c5a1,0,1,0.0,0,0.0,0.0,111.66,,0
acct_876194be4d,0,1,0.0,0,0.0,0.0,1005.36,,0
acct_d9aabc2b36,0,1,0.0,0,0.0,4008.0,2298.0225,,0
acct_8a9693a349,0,1,0.0,0,0.0,2040.0,4029.8033333333333,,0
acct_da5799e5df,0,1,0.0,0,0.0,9072.0,1552.614,,0
acct_7d9fdbfcb0,6,7,1.0,1,38.2225,38.55583333333333,2845.181428571428,ring_010,1
acct_7c692e6c3a,0,1,0.0,0,0.0,4968.0,3206.9466666666667,,0
acct_2aeacb8c03,0,1,0.0,0,0.0,6024.0,3455.346,,0
acct_fe9b7f20aa,0,1,0.0,0,0.0,0.0,3664.44,,0
acct_cd4d38d6ee,0,1,0.0,0,0.0,6096.0,2733.0739999999996,,0
acct_c781fe4911,0,1,0.0,0,0.0,8352.0,1858.7666666666667,,0
acct_77d90d0769,0,1,0.0,0,0.0,792.0,2408.145,,0
acct_261b3890dc,0,1,0.0,0,0.0,5208.0,786.904,,0
acct_dbbe76c063,3,4,1.0,1,2753.751111111111,10385.75111111111,2719.648,,0
acct_cb7cf9c901,0,1,0.0,0,0.0,5832.0,2878.115,,0
acct_c83ad2c26e,0,1,0.0,0,0.0,0.0,2350.99,,0
acct_f0a78adcf5,0,1,0.0,0,0.0,6600.0,2646.4939999999997,,0
acct_caab798e84,0,1,0.0,0,0.0,5232.0,3054.9300000000003,,0
acct_13063d5120,0,1,0.0,0,0.0,0.0,2284.78,,0
acct_ba4104593d,1,2,1.0,1,6101.278888888889,12149.278888888888,2492.7285714285713,,0
acct_b966ca4b86,0,1,0.0,0,0.0,7752.0,3027.52,,0
acct_1663f2f0ad,0,1,0.0,0,0.0,5256.0,3434.36,,0
acct_e978cefad1,0,1,0.0,0,0.0,0.0,599.25,,0
acct_d5274f8724,0,1,0.0,0,0.0,5880.0,3222.2200000000003,,0
acct_7277c538ad,0,1,0.0,0,0.0,0.0,1321.33,,0
acct_4105bbb4ac,0,1,0.0,0,0.0,3216.0,2225.145,,0
acct_463fec7901,0,1,0.0,0,0.0,1992.0,1920.0066666666664,,0
acct_778ed580ea,0,1,0.0,0,0.0,7032.0,1003.5425,,0
acct_48c1ff897c,0,1,0.0,0,0.0,0.0,1394.41,,0
acct_145510b3e4,0,1,0.0,0,0.0,3264.0,3535.1475000000005,,0
acct_cc3a541b6f,0,1,0.0,0,0.0,2904.0,2056.8033333333333,,0
acct_6504d339d2,0,1,0.0,0,0.0,8016.0,3253.794,,0
acct_9244a27b66,0,1,0.0,0,0.0,5688.0,1956.4899999999998,,0
acct_5a32849dcd,0,1,0.0,0,0.0,5472.0,2182.896666666667,,0
acct_24b2839fbd,0,1,0.0,0,0.0,6168.0,3358.625,,0
acct_a1f4f8e64c,0,1,0.0,0,0.0,6216.0,3004.7599999999998,,0
acct_e68a778266,0,1,0.0,0,0.0,3528.0,2369.3700000000003,,0
acct_95102715af,0,1,0.0,0,0.0,5880.0,2298.8740000000003,,0
acct_51f4d271e3,0,1,0.0,0,0.0,0.0,2877.84,,0
acct_fe6a6d85c7,0,1,0.0,0,0.0,7008.0,2996.362,,0
acct_5885597e2f,0,1,0.0,0,0.0,5784.0,3161.513333333334,,0
acct_e1a41c0e0f,0,1,0.0,0,0.0,0.0,2891.72,,0
acct_39c42e9d30,0,1,0.0,0,0.0,6720.0,1660.684,,0
acct_08d3213a65,0,1,0.0,0,0.0,8424.0,4488.085,,0
acct_95eb067bc6,0,1,0.0,0,0.0,192.0,1558.52,,0
acct_9bd7b28ca3,0,1,0.0,0,0.0,6072.0,2614.425,,0
acct_5e3bfd5fb6,0,1,0.0,0,0.0,0.0,2604.98,,0
acct_af4a485776,0,1,0.0,0,0.0,9408.0,1746.15,,0
acct_dad814bf87,0,1,0.0,0,0.0,3192.0,892.5050000000001,,0
acct_b6352e9c29,0,1,0.0,0,0.0,3840.0,3367.47,,0
acct_0e5e6dcfba,7,8,1.0,2,3.3016666666666667,5.101666666666667,2161.4352941176467,ring_026,1
acct_ec7fd25d0a,0,1,0.0,0,0.0,0.0,2155.02,,0
acct_21f7de9ece,0,1,0.0,0,0.0,6720.0,1838.4966666666667,,0
acct_b2a66e5fa5,0,1,0.0,0,0.0,7440.0,2360.862,,0
acct_2b8753e2c7,0,1,0.0,0,0.0,0.0,4417.78,,0
acct_299358ffab,6,7,1.0,1,39.852777777777774,41.80277777777778,2353.5846666666666,ring_038,1
acct_114687f58f,0,1,0.0,0,0.0,5520.0,2070.69,,0
acct_c0841defd5,0,1,0.0,0,0.0,0.0,3197.81,,0
acct_42d89a07aa,0,1,0.0,0,0.0,0.0,1846.94,,0
acct_18677543ac,1,2,1.0,1,307.36555555555555,8308.634444444444,1487.6928571428573,,0
acct_caa7f8df10,0,1,0.0,0,0.0,6840.0,2624.622,,0
acct_03bcb0012a,0,1,0.0,0,0.0,0.0,2775.16,,0
acct_be3febd743,0,1,0.0,0,0.0,6192.0,3907.0533333333333,,0
acct_f80b6db761,2,7,0.5238095238095238,3,50.87166666666667,51.02166666666667,2202.1116666666667,ring_029,1
acct_57f29315d2,0,1,0.0,0,0.0,6504.0,1100.5233333333333,,0
acct_1df00731fa,0,1,0.0,0,0.0,0.0,1347.3,,0
acct_1cbda8dbfe,0,1,0.0,0,0.0,2736.0,2551.943333333333,,0
acct_ca9ec4a244,0,1,0.0,0,0.0,2856.0,945.5450000000001,,0
acct_4d9d540489,3,4,1.0,1,9137.618333333334,14742.035277777777,2471.5384615384614,,0
acct_671d0aedc0,0,1,0.0,0,0.0,3480.0,2562.346,,0
acct_631749f29b,0,1,0.0,0,0.0,3288.0,1697.6866666666667,,0
acct_39227a3188,0,1,0.0,0,0.0,0.0,2350.01,,0
acct_09198023c6,0,1,0.0,0,0.0,2544.0,1197.855,,0
acct_d2ea89e1b9,0,1,0.0,0,0.0,0.0,682.54,,0
acct_e1c34a20c8,0,1,0.0,0,0.0,5352.0,478.05,,0
acct_427a90c6de,0,1,0.0,0,0.0,888.0,3889.7349999999997,,0
acct_d94d1f9e5f,0,1,0.0,0,0.0,7944.0,2154.96,,0
acct_729fd32e7e,0,1,0.0,0,0.0,456.0,2406.5,,0
acct_6d2913bb76,0,1,0.0,0,0.0,7152.0,3350.585,,0
acct_b351835d77,4,5,1.0,1,4549.36,10683.240277777777,2285.44875,,0
acct_0f99e0e06f,0,1,0.0,0,0.0,0.0,2521.14,,0
acct_93fc4d8a80,0,1,0.0,0,0.0,7152.0,1457.285,,0
acct_00cdf31568,0,1,0.0,0,0.0,5832.0,3328.6,,0
acct_a09bfd8fd8,0,1,0.0,0,0.0,5304.0,3604.725,,0
acct_e1c456fc91,0,1,0.0,0,0.0,8184.0,3290.71,,0
acct_15982c02cd,0,1,0.0,0,0.0,7728.0,3974.81,,0
acct_b695d4f011,0,1,0.0,0,0.0,2112.0,3525.1220000000003,,0
acct_614fa786b2,0,1,0.0,0,0.0,0.0,840.24,,0
acct_c67fed4c17,0,1,0.0,0,0.0,0.0,1078.08,,0
acct_103e251784,0,1,0.0,0,0.0,0.0,2093.27,,0
acct_8fabd2dfc4,0,1,0.0,0,0.0,0.0,1551.37,,0
acct_8da2f6609d,6,7,1.0,1,18.309444444444445,18.509444444444444,2866.34,ring_034,1
acct_5ee146feae,6,7,1.0,2,31.025555555555556,31.45888888888889,2019.9984615384615,ring_023,1
acct_0a26fb7207,0,1,0.0,0,0.0,7728.0,2336.5375,,0
acct_7ab7bef678,0,1,0.0,0,0.0,7104.0,1578.13,,0
acct_ceff1ea712,0,1,0.0,0,0.0,7008.0,3478.825,,0
acct_bbb782529c,0,1,0.0,0,0.0,5160.0,1933.818,,0
acct_925abb99f1,0,1,0.0,0,0.0,4440.0,3351.24,,0
acct_5d677a5a0c,0,1,0.0,0,0.0,5016.0,2495.852,,0
acct_b650b43e9f,0,1,0.0,0,0.0,0.0,4241.37,,0
acct_8bf9dc6258,0,1,0.0,0,0.0,0.0,949.64,,0
acct_23875bcfc8,0,1,0.0,0,0.0,3528.0,2675.365,,0
acct_ae0601ae4c,0,1,0.0,0,0.0,0.0,973.12,,0
acct_7a2e2529ee,0,1,0.0,0,0.0,0.0,3555.75,,0
acct_b24d3ca7d7,0,1,0.0,0,0.0,0.0,3075.94,,0
acct_dcad449403,0,1,0.0,0,0.0,6648.0,2168.1619999999994,,0
acct_c8999abbf9,0,1,0.0,0,0.0,0.0,857.62,,0
acct_0b21327ebb,2,3,1.0,1,8458.760555555555,13066.760555555555,2776.433333333333,,0
acct_996c39abbd,7,8,1.0,2,9.56,9.661388888888888,2097.7335714285714,ring_022,1
acct_959f8bb46c,0,1,0.0,0,0.0,0.0,1524.18,,0
acct_02639985e6,0,1,0.0,0,0.0,7800.0,2266.8424999999997,,0
acct_54173ab600,0,1,0.0,0,0.0,7296.0,2378.998,,0
acct_ed2abdea90,0,1,0.0,0,0.0,8016.0,3407.9260000000004,,0
acct_02e8b588f8,4,5,1.0,1,8583.65361111111,16021.240555555556,1834.6740000000002,,0
acct_bed8400c2f,0,1,0.0,0,0.0,0.0,2389.11,,0
acct_67c17b183c,0,1,0.0,0,0.0,1392.0,2651.4,,0
acct_9c57c83fb0,0,1,0.0,0,0.0,0.0,731.13,,0
acct_658d580432,0,1,0.0,0,0.0,7488.0,2969.7499999999995,,0
acct_8c4ad43414,0,1,0.0,0,0.0,7656.0,2547.0359999999996,,0
acct_f08e71c4e4,0,1,0.0,0,0.0,7080.0,1444.935,,0
acct_3c4aa21dc3,0,1,0.0,0,0.0,8184.0,2915.0299999999997,,0
acct_b7c00d722c,0,1,0.0,0,0.0,6144.0,3220.422,,0
acct_bc6942a749,0,1,0.0,0,0.0,4584.0,2769.9300000000003,,0
acct_55722be06c,0,1,0.0,0,0.0,1032.0,2970.6099999999997,,0
acct_6d66cac451,0,1,0.0,0,0.0,3504.0,2465.7450000000003,,0
acct_095c0e25bc,6,7,1.0,1,19.79611111111111,18.912777777777777,2061.9153333333334,ring_027,1
acct_99273a3a0d,7,8,1.0,2,32.19416666666667,32.96083333333333,3103.1525,ring_001,1
acct_95aa935aba,0,1,0.0,0,0.0,7944.0,1132.305,,0
acct_3d2a1aac74,0,1,0.0,0,0.0,3216.0,2551.6275,,0
acct_c92667d7be,0,1,0.0,0,0.0,0.0,2637.27,,0
acct_1f648447be,0,1,0.0,0,0.0,7008.0,1653.5766666666666,,0
acct_579dfb6c93,0,1,0.0,0,0.0,1008.0,2583.972,,0
acct_fd8f93e5ba,0,1,0.0,0,0.0,6816.0,3303.2975,,0
acct_4409467527,0,1,0.0,0,0.0,7968.0,2181.53,,0
acct_d4f294c705,0,1,0.0,0,0.0,5928.0,3286.3575,,0
acct_e73f68b907,7,8,1.0,2,9.56,9.661388888888888,2097.7335714285714,ring_022,1
acct_3b494067d6,0,1,0.0,0,0.0,0.0,1662.97,,0
acct_3f8cb49bf0,0,1,0.0,0,0.0,0.0,1416.88,,0
acct_f4e27dea74,0,1,0.0,0,0.0,5688.0,2348.6,,0
acct_3fccfdf9d4,0,1,0.0,0,0.0,2376.0,2777.15,,0
acct_23edbf4e20,0,1,0.0,0,0.0,0.0,2752.74,,0
acct_ffe747f611,0,1,0.0,0,0.0,0.0,4542.66,,0
acct_72f2adc717,0,1,0.0,0,0.0,6072.0,1706.3566666666666,,0
acct_b9b1c315eb,0,1,0.0,0,0.0,0.0,1843.29,,0
acct_a207851cfd,0,1,0.0,0,0.0,3240.0,2276.75,,0
acct_6dd29f3e21,0,1,0.0,0,0.0,7176.0,2146.296,,0
acct_0f3134564d,0,1,0.0,0,0.0,7752.0,1336.0733333333333,,0
acct_97dfb062dd,0,1,0.0,0,0.0,0.0,553.64,,0
acct_c046e39dca,0,1,0.0,0,0.0,3648.0,2109.155,,0
acct_dbc244bd13,0,1,0.0,0,0.0,6600.0,2580.8749999999995,,0
acct_ca59c245a2,0,1,0.0,0,0.0,4224.0,3157.4666666666667,,0
acct_545f925b2d,0,1,0.0,0,0.0,7776.0,3591.283333333333,,0
acct_de499b2ad4,0,1,0.0,0,0.0,2208.0,600.855,,0
acct_cd70f38aff,5,6,1.0,2,15.572777777777778,16.172777777777778,2958.525,ring_021,1
acct_ac470c7552,0,1,0.0,0,0.0,3216.0,2654.64,,0
acct_c8fe3e6b5d,0,1,0.0,0,0.0,2808.0,2836.065,,0
acct_002c4394fb,3,6,0.7333333333333333,3,30.106666666666666,32.84,3027.1691666666666,ring_036,1
acct_46744b133a,0,1,0.0,0,0.0,1728.0,3754.7250000000004,,0
acct_7513585421,0,1,0.0,0,0.0,3864.0,2571.3600000000006,,0
acct_b23503c5da,7,8,1.0,2,32.19416666666667,32.96083333333333,3103.1525,ring_001,1
acct_acea7aee2f,0,1,0.0,0,0.0,8880.0,2372.6479999999997,,0
acct_4da251684b,0,1,0.0,0,0.0,3408.0,2762.072,,0
acct_4e1f1e8f45,4,5,1.0,1,7797.651111111111,14126.962222222222,3032.8946153846146,,0
acct_715222e376,0,1,0.0,0,0.0,5448.0,2743.045,,0
acct_383148dc26,0,1,0.0,0,0.0,1848.0,3898.63,,0
acct_e150fadbcd,0,1,0.0,0,0.0,0.0,4164.31,,0
acct_1a8b92db4d,0,1,0.0,0,0.0,3360.0,2039.2099999999998,,0
acct_6cc1fc0e94,0,1,0.0,0,0.0,336.0,3578.95,,0
acct_52a8216931,0,1,0.0,0,0.0,0.0,421.31,,0
acct_1f4701b864,0,1,0.0,0,0.0,4704.0,3105.1675,,0
acct_a5548e149c,0,1,0.0,0,0.0,0.0,1507.91,,0
acct_358cb7d8ce,0,1,0.0,0,0.0,3264.0,1488.184,,0
acct_1178bc317a,0,1,0.0,0,0.0,0.0,4779.0,,0
acct_e10bd73aa6,0,1,0.0,0,0.0,0.0,2943.34,,0
acct_646997c48b,5,7,0.5238095238095238,3,50.87166666666667,51.02166666666667,2202.1116666666667,ring_029,1
acct_87a359d55d,7,8,1.0,2,11.590277777777779,13.290277777777778,2603.994705882353,ring_024,1
acct_7b266ee9cf,0,1,0.0,0,0.0,5808.0,597.2320000000001,,0
acct_8180be7bae,0,1,0.0,0,0.0,0.0,2349.54,,0
acct_5e50f9082e,3,4,1.0,1,11556.603055555555,20172.603055555555,3002.3326666666667,,0
acct_15836ffb6a,0,1,0.0,0,0.0,0.0,4623.06,,0
acct_ca08845dba,0,1,0.0,0,0.0,9168.0,1565.2849999999999,,0
acct_e9bafe21f2,0,1,0.0,0,0.0,2880.0,1996.5825,,0
acct_ff53a154ec,0,1,0.0,0,0.0,9552.0,3184.03,,0
acct_43b740ea01,0,1,0.0,0,0.0,8904.0,3183.6780000000003,,0
acct_3fc7360151,7,8,1.0,2,3.3016666666666667,5.101666666666667,2161.4352941176467,ring_026,1
acct_ff62bb6603,0,1,0.0,0,0.0,7368.0,3028.9700000000003,,0
acct_45d430e607,0,1,0.0,0,0.0,0.0,1149.93,,0
acct_360c3fe2cb,0,1,0.0,0,0.0,0.0,4875.95,,0
acct_fe0862e9f4,4,5,1.0,1,47.17333333333333,45.60666666666667,1988.3085714285714,ring_031,1
acct_8446581a84,6,7,0.7142857142857143,3,20.863055555555555,19.013055555555557,2280.639090909091,ring_004,1
acct_2f7a10797c,0,1,0.0,0,0.0,3288.0,3705.4133333333334,,0
acct_f0ce19ff5f,0,1,0.0,0,0.0,8856.0,1902.512,,0
acct_291130ed72,0,1,0.0,0,0.0,8520.0,2601.815,,0
acct_a4d422ec8d,0,1,0.0,0,0.0,5016.0,2074.805,,0
acct_0abee1f1df,0,1,0.0,0,0.0,6624.0,3889.7033333333334,,0
acct_ee5deca3e3,0,1,0.0,0,0.0,2760.0,3392.4833333333336,,0
acct_b9d4eb0459,0,1,0.0,0,0.0,312.0,872.5333333333334,,0
acct_e863bdd99a,0,1,0.0,0,0.0,0.0,812.12,,0
acct_29f3075662,0,1,0.0,0,0.0,7272.0,2974.443333333333,,0
acct_46866d6faf,4,5,1.0,1,11711.1075,20375.1075,3475.5614285714287,,0
acct_0d1750ae0c,0,1,0.0,0,0.0,0.0,4283.82,,0
acct_e5cfaaac1f,0,1,0.0,0,0.0,6912.0,3388.964,,0
acct_0e1ff2e0c0,0,1,0.0,0,0.0,1416.0,1689.1966666666667,,0
acct_ed540b14dd,0,1,0.0,0,0.0,8856.0,2923.02,,0
acct_cd93993f99,0,1,0.0,0,0.0,0.0,4404.53,,0
acct_81229a5ec3,0,1,0.0,0,0.0,0.0,3911.37,,0
acct_0378cbf8cb,0,1,0.0,0,0.0,6072.0,2435.614,,0
acct_9e01ba95c3,0,1,0.0,0,0.0,0.0,2325.94,,0
acct_fd695dce74,0,1,0.0,0,0.0,8712.0,2353.1279999999997,,0
acct_49d5957445,0,1,0.0,0,0.0,4296.0,2346.44,,0
acct_c03dbd8b6c,0,1,0.0,0,0.0,3768.0,1721.665,,0
acct_b70cfdb0ee,0,1,0.0,0,0.0,1824.0,2139.7075,,0
acct_262ce37321,0,1,0.0,0,0.0,456.0,4432.87,,0
acct_f1558b3566,0,1,0.0,0,0.0,5880.0,2079.2166666666667,,0
acct_3d7750b964,0,1,0.0,0,0.0,9360.0,2972.8275000000003,,0
acct_d6bd22901e,3,4,1.0,1,9.873611111111112,10.873888888888889,2314.772,ring_002,1
acct_202326a9e4,0,1,0.0,0,0.0,0.0,1801.47,,0
acct_e9307903e7,0,1,0.0,0,0.0,168.0,1160.565,,0
acct_fd7d2b2ba7,0,1,0.0,0,0.0,7608.0,3400.605,,0
acct_9e6d424284,0,1,0.0,0,0.0,0.0,1226.93,,0
acct_7722be7b52,0,1,0.0,0,0.0,0.0,4264.19,,0
acct_7b6020bc09,0,1,0.0,0,0.0,5712.0,3005.365,,0
acct_14dfb2586f,0,1,0.0,0,0.0,1752.0,2299.346666666667,,0
acct_45061b41b4,0,1,0.0,0,0.0,3768.0,3827.713333333333,,0
acct_6f3db912d7,7,8,1.0,2,9.45888888888889,11.975555555555555,2362.2805263157898,ring_011,1
acct_2733c24f42,0,1,0.0,0,0.0,0.0,2488.91,,0
acct_895d7349f0,0,1,0.0,0,0.0,6744.0,2816.105,,0
acct_27888fe843,0,1,0.0,0,0.0,6768.0,2427.515,,0
acct_de0acc9f8e,0,1,0.0,0,0.0,1080.0,2350.25,,0
acct_ba0c6cf96a,0,1,0.0,0,0.0,6672.0,2572.2366666666667,,0
acct_84e80cc72c,0,1,0.0,0,0.0,6480.0,1023.8433333333334,,0
acct_5a53ed283d,0,1,0.0,0,0.0,8040.0,2808.406,,0
acct_6923fb0a59,0,1,0.0,0,0.0,2232.0,1574.6766666666665,,0
acct_3688331538,0,1,0.0,0,0.0,3000.0,1391.215,,0
acct_c04c398251,0,1,0.0,0,0.0,1488.0,3489.3799999999997,,0
acct_e7ff600e95,0,1,0.0,0,0.0,4296.0,1061.05,,0
acct_dfe8bdc6b5,0,1,0.0,0,0.0,5856.0,2043.9399999999998,,0
acct_58f40b1156,0,1,0.0,0,0.0,3624.0,1684.9550000000002,,0
acct_b099fbf5c8,5,6,1.0,1,9.316944444444445,12.016944444444444,1664.0275,ring_028,1
acct_641ddc73f3,0,1,0.0,0,0.0,4416.0,2432.8424999999997,,0
acct_2c5dbe3e3c,0,1,0.0,0,0.0,4464.0,2225.42,,0
acct_31370616eb,0,1,0.0,0,0.0,0.0,1196.42,,0
acct_459d643a1e,0,1,0.0,0,0.0,0.0,3699.75,,0
acct_df82d3a897,0,1,0.0,0,0.0,0.0,1137.05,,0
acct_18a13a9308,0,1,0.0,0,0.0,7392.0,1165.9066666666668,,0
acct_62cf733dd5,0,1,0.0,0,0.0,7224.0,2486.5825,,0
acct_4ab96302c3,0,1,0.0,0,0.0,7848.0,2149.906,,0
acct_1e5a961a0a,2,3,1.0,1,5854.232777777778,7557.8983333333335,3590.598571428571,,0
acct_0afc189ec1,0,1,0.0,0,0.0,3888.0,2047.575,,0
acct_a9a17e6288,0,1,0.0,0,0.0,3864.0,780.75,,0
acct_421acbb061,0,1,0.0,0,0.0,4104.0,3465.5775000000003,,0
acct_a60fd7e2c1,0,1,0.0,0,0.0,2856.0,2652.52,,0
acct_b34c08bd55,0,1,0.0,0,0.0,3648.0,2475.214,,0
acct_7dfb6ab5c2,0,1,0.0,0,0.0,4272.0,3094.2999999999997,,0
acct_2d447ad5fb,2,3,1.0,1,9.05861111111111,10.758611111111112,4026.9014285714284,ring_006,1
acct_1822bb3657,0,1,0.0,0,0.0,0.0,4300.33,,0
acct_8f65bc4f96,0,1,0.0,0,0.0,864.0,3089.5,,0
acct_72d8630e67,0,1,0.0,0,0.0,0.0,4406.0,,0
acct_7c48c7fc38,7,8,1.0,2,12.523055555555555,12.553888888888888,1878.7842857142855,ring_030,1
acct_ea42277d61,0,1,0.0,0,0.0,4344.0,2305.9866666666667,,0
acct_d42f40fae6,0,1,0.0,0,0.0,6504.0,1606.42,,0
acct_fb64111bbc,0,1,0.0,0,0.0,4032.0,1473.055,,0
acct_12f71012d6,0,1,0.0,0,0.0,4080.0,2855.995,,0
acct_1b94763b91,0,1,0.0,0,0.0,7320.0,3339.84,,0
acct_6cddd07f3c,0,1,0.0,0,0.0,7224.0,2018.5049999999999,,0
acct_67aea518fd,0,1,0.0,0,0.0,8976.0,3088.575,,0
acct_5e0d9a3913,5,8,0.6785714285714286,3,45.07944444444445,47.26277777777778,2400.7042857142856,ring_037,1
acct_42d38f8b10,0,1,0.0,0,0.0,6768.0,1947.71,,0
acct_d5747b6974,3,6,0.7333333333333333,3,30.106666666666666,32.84,3027.1691666666666,ring_036,1
acct_cc3dac0afb,0,1,0.0,0,0.0,0.0,3376.21,,0
acct_0178285ab4,0,1,0.0,0,0.0,0.0,2469.21,,0
acct_441407e480,0,1,0.0,0,0.0,6456.0,1619.685,,0
acct_662292e2ac,0,1,0.0,0,0.0,4632.0,3724.27,,0
acct_1750f0d7bd,0,1,0.0,0,0.0,3480.0,3817.83,,0
acct_95b341ac5d,0,1,0.0,0,0.0,2808.0,1752.58,,0
acct_ff8d150dfa,0,1,0.0,0,0.0,6288.0,1583.2733333333333,,0
acct_34385b4a25,0,1,0.0,0,0.0,8064.0,1514.705,,0
acct_91fa3d0e77,0,1,0.0,0,0.0,8832.0,1863.118,,0
acct_3c8d339f5c,6,7,1.0,2,31.025555555555556,31.45888888888889,2019.9984615384615,ring_023,1
acct_c8da0435a8,1,2,1.0,1,5297.345555555556,10697.345555555556,2097.6266666666666,,0
acct_0481994eb0,0,1,0.0,0,0.0,4320.0,2342.4725,,0
acct_97c93b903e,0,1,0.0,0,0.0,9336.0,2528.5125,,0
acct_330aee6ee8,0,1,0.0,0,0.0,8664.0,2306.482,,0
acct_fd43120aeb,0,1,0.0,0,0.0,6456.0,2988.955,,0
acct_6007923367,2,3,1.0,1,9442.226944444445,12274.226944444445,2894.022857142857,,0
acct_dbd3414a14,0,1,0.0,0,0.0,6288.0,1856.5533333333333,,0
acct_5a31b49c7b,2,3,1.0,1,7113.663333333333,9681.663333333334,2094.375,,0
acct_2bbbee7f06,0,1,0.0,0,0.0,0.0,395.15,,0
acct_8d9e94b280,0,1,0.0,0,0.0,1224.0,4572.4349999999995,,0
acct_db2f8248fd,0,1,0.0,0,0.0,0.0,998.71,,0
acct_ad352c9e3e,0,1,0.0,0,0.0,6144.0,3016.4939999999997,,0
acct_225ac7f880,0,1,0.0,0,0.0,7560.0,2811.818,,0
acct_efec73bfad,0,1,0.0,0,0.0,0.0,2143.3,,0
acct_d090be8518,0,1,0.0,0,0.0,5568.0,1501.89,,0
acct_55a7ef2715,0,1,0.0,0,0.0,7104.0,3258.2740000000003,,0
acct_a4b09e702f,0,1,0.0,0,0.0,5040.0,2066.6479999999997,,0
acct_adfde8ca62,0,1,0.0,0,0.0,0.0,1732.89,,0
acct_9799bbae45,0,1,0.0,0,0.0,4104.0,1983.7800000000002,,0
acct_636635fcc4,0,1,0.0,0,0.0,8952.0,3936.226666666667,,0
acct_e3b96bc271,0,1,0.0,0,0.0,0.0,3637.16,,0
acct_d81409de52,7,8,1.0,2,9.56,9.661388888888888,2097.7335714285714,ring_022,1
acct_496fa9a184,0,1,0.0,0,0.0,0.0,3188.39,,0
acct_35e273d4ef,0,1,0.0,0,0.0,6744.0,1853.8400000000001,,0
acct_a73fc059b1,0,1,0.0,0,0.0,0.0,1929.09,,0
acct_8ff7dbb87c,0,1,0.0,0,0.0,1464.0,2937.65,,0
acct_20ff0977b3,0,1,0.0,0,0.0,5496.0,2443.123333333333,,0
acct_dc3b55a986,0,1,0.0,0,0.0,5904.0,1837.02,,0
acct_b9301aeff0,0,1,0.0,0,0.0,0.0,838.7,,0
acct_7c9bf36eb9,0,1,0.0,0,0.0,1392.0,1821.7849999999999,,0
acct_5d20e92357,0,1,0.0,0,0.0,3648.0,3771.123333333333,,0
acct_8f571ca556,0,1,0.0,0,0.0,0.0,779.16,,0
acct_68f52bd3f3,0,1,0.0,0,0.0,7008.0,2900.2679999999996,,0
acct_13498fbbfb,0,1,0.0,0,0.0,8808.0,3382.9660000000003,,0
acct_7b2b7d12bd,0,1,0.0,0,0.0,5208.0,2068.485,,0
acct_f667828828,0,1,0.0,0,0.0,4464.0,2655.0550000000003,,0
acct_1ef6f650de,0,1,0.0,0,0.0,696.0,3597.375,,0
acct_6dae4cbdfe,0,1,0.0,0,0.0,1464.0,2360.5299999999997,,0
acct_8678a73d79,0,1,0.0,0,0.0,7992.0,2240.52,,0
acct_3dae5151f2,0,1,0.0,0,0.0,5424.0,3229.7,,0
acct_91e0da1947,0,1,0.0,0,0.0,0.0,495.62,,0
acct_1e30f28d80,0,1,0.0,0,0.0,312.0,1207.0249999999999,,0
acct_5fc6448909,0,1,0.0,0,0.0,6072.0,2304.402,,0
acct_309eff4f74,0,1,0.0,0,0.0,4656.0,1564.425,,0
acct_874b9bdba6,0,1,0.0,0,0.0,4704.0,2205.19,,0
acct_555f38ecca,0,1,0.0,0,0.0,0.0,2687.3,,0
acct_dcccb34289,0,1,0.0,0,0.0,5640.0,3272.74,,0
acct_092723af5b,0,1,0.0,0,0.0,2664.0,2028.152,,0
acct_3b496ca080,0,1,0.0,0,0.0,2616.0,2455.8475,,0
acct_f24878a7ae,0,1,0.0,0,0.0,2856.0,2325.0,,0
acct_145132a305,5,6,1.0,2,15.572777777777778,16.172777777777778,2958.525,ring_021,1
acct_241e911dba,5,6,1.0,2,4.826666666666667,5.793333333333333,2642.309333333333,ring_033,1
acct_500d4d427e,0,1,0.0,0,0.0,6792.0,2555.955,,0
acct_659f515c58,0,1,0.0,0,0.0,5064.0,3492.21,,0
acct_6eb2487d06,0,1,0.0,0,0.0,168.0,4272.2,,0
acct_5219d33869,0,1,0.0,0,0.0,6192.0,2920.442,,0
acct_ecb89e77da,0,1,0.0,0,0.0,6456.0,1618.815,,0
acct_4e9bba35f6,2,3,1.0,1,94.5111111111111,6744.0,3048.357,,0
acct_b36f52f424,4,5,1.0,1,4549.36,10683.240277777777,2285.44875,,0
acct_90cbb24cec,0,1,0.0,0,0.0,7488.0,3986.5699999999997,,0
acct_db30c28bb3,0,1,0.0,0,0.0,7968.0,2116.2425,,0
acct_b55e827524,0,1,0.0,0,0.0,8064.0,4114.9975,,0
acct_eefe15746d,0,1,0.0,0,0.0,8568.0,4521.085,,0
acct_d25ea9ce40,0,1,0.0,0,0.0,0.0,1537.57,,0
acct_835da8a08d,0,1,0.0,0,0.0,0.0,2607.1,,0
acct_0146c7c93c,0,1,0.0,0,0.0,2472.0,2579.188,,0
acct_caec605916,0,1,0.0,0,0.0,8064.0,2185.8624999999997,,0
acct_05ed271b34,0,1,0.0,0,0.0,2184.0,2167.175,,0
acct_89c6587fdb,0,1,0.0,0,0.0,5592.0,3919.795,,0
acct_8f627f1bc9,0,1,0.0,0,0.0,6360.0,3173.665,,0
acct_6ab1615cb5,0,1,0.0,0,0.0,9120.0,2970.242,,0
acct_9af782540f,0,1,0.0,0,0.0,4992.0,2501.17,,0
acct_d10bf07cae,0,1,0.0,0,0.0,4176.0,2335.692,,0
acct_d6438bb1d2,0,1,0.0,0,0.0,0.0,1277.15,,0
acct_2f912269b9,0,1,0.0,0,0.0,5952.0,2335.8466666666664,,0
acct_59a2af06e2,0,1,0.0,0,0.0,2040.0,3789.4700000000003,,0
acct_b4b470ec3a,0,1,0.0,0,0.0,0.0,306.56,,0
acct_c984d4e2b3,0,1,0.0,0,0.0,4008.0,567.2674999999999,,0
acct_bc796a58d3,0,1,0.0,0,0.0,8808.0,3219.2239999999997,,0
acct_1e986c38de,0,1,0.0,0,0.0,8496.0,1981.602,,0
acct_235316b766,0,1,0.0,0,0.0,3504.0,3640.91,,0
acct_8fcb5bfc97,0,1,0.0,0,0.0,4416.0,2618.9725000000003,,0
acct_69b1ac1c5d,0,1,0.0,0,0.0,0.0,3474.55,,0
acct_3401c28a10,0,1,0.0,0,0.0,8688.0,2399.9550000000004,,0
acct_996d7d7f1a,0,1,0.0,0,0.0,8496.0,3644.0119999999997,,0
acct_4a51c10b33,7,8,1.0,2,8.493333333333334,10.026666666666667,2228.633333333333,ring_008,1
acct_0427797c63,0,1,0.0,0,0.0,0.0,3984.19,,0
acct_3e56f31d19,0,1,0.0,0,0.0,8952.0,2430.3959999999997,,0
acct_7969bb5ac5,0,1,0.0,0,0.0,5232.0,2864.06,,0
acct_c175eb320e,0,1,0.0,0,0.0,3792.0,3675.7833333333333,,0
acct_0013613935,7,8,1.0,2,8.493333333333334,10.026666666666667,2228.633333333333,ring_008,1
acct_0abced5204,0,1,0.0,0,0.0,0.0,1280.79,,0
acct_d3f78ed6e0,0,1,0.0,0,0.0,7584.0,2524.63,,0
acct_5175b9f654,7,8,1.0,2,8.493333333333334,10.026666666666667,2228.633333333333,ring_008,1
acct_1d80dd2d63,0,1,0.0,0,0.0,3672.0,2570.08,,0
acct_33948dd0ca,0,1,0.0,0,0.0,0.0,1989.12,,0
acct_44b60b3082,0,1,0.0,0,0.0,6360.0,4179.885,,0
acct_33626349ce,0,1,0.0,0,0.0,6216.0,3435.2675,,0
acct_d533a74ad4,0,1,0.0,0,0.0,120.0,1684.4750000000001,,0
acct_dbca213dac,0,1,0.0,0,0.0,9120.0,3063.8175,,0
acct_dba31ca204,0,1,0.0,0,0.0,8328.0,2632.755,,0
acct_dd99d93e2b,7,8,1.0,2,8.493333333333334,10.026666666666667,2228.633333333333,ring_008,1
acct_9a7d431361,6,7,1.0,1,18.309444444444445,18.509444444444444,2866.34,ring_034,1
acct_6574756877,0,1,0.0,0,0.0,936.0,2641.1066666666666,,0
acct_ff924c9c1c,0,1,0.0,0,0.0,5376.0,1406.0674999999999,,0
acct_12b5ecf6c8,0,1,0.0,0,0.0,6576.0,2148.0375000000004,,0
acct_0065ea0791,0,1,0.0,0,0.0,960.0,1581.305,,0
acct_e702f2e560,0,1,0.0,0,0.0,4704.0,2711.12,,0
acct_d4ceaff788,0,1,0.0,0,0.0,0.0,3410.54,,0
acct_ab4ba749b0,3,4,1.0,1,4825.506111111111,10681.388611111111,3394.3490000000006,,0
acct_fa6580680c,0,1,0.0,0,0.0,0.0,1982.49,,0
acct_26032acb9f,3,4,0.6666666666666666,3,51.791666666666664,53.80833333333333,3266.021666666667,ring_018,1
acct_6c431a9dd1,0,1,0.0,0,0.0,1128.0,2713.61,,0
acct_cbb32df0cb,0,1,0.0,0,0.0,7008.0,3518.4275000000002,,0
acct_d387e8c045,0,1,0.0,0,0.0,1944.0,4117.456666666666,,0
acct_85ed5790d2,0,1,0.0,0,0.0,5760.0,1615.24,,0
acct_5479e396a8,0,1,0.0,0,0.0,5832.0,2672.2749999999996,,0
acct_938e974eee,7,8,1.0,2,3.3016666666666667,5.101666666666667,2161.4352941176467,ring_026,1
acct_96d2b87de8,0,1,0.0,0,0.0,5976.0,2794.5200000000004,,0
acct_4906af7164,0,1,0.0,0,0.0,6192.0,2500.2875,,0
acct_66c1f07f10,2,3,1.0,1,9442.226944444445,12274.226944444445,2894.022857142857,,0
acct_dee8d2188c,0,1,0.0,0,0.0,7488.0,3353.8699999999994,,0
acct_c82d3ec575,4,5,1.0,1,6179.855277777778,9621.6575,2926.6407692307694,,0
acct_836ef01752,2,3,1.0,2,5.0377777777777775,7.304444444444444,2636.986,ring_007,1
acct_ed0cb4aed1,2,3,1.0,1,6713.419722222222,12079.179166666667,2961.2954545454545,,0
acct_a5604be3b7,0,1,0.0,0,0.0,5736.0,2536.9280000000003,,0
acct_b75d70a9a5,7,8,1.0,2,8.493333333333334,10.026666666666667,2228.633333333333,ring_008,1
acct_da8a3d3520,0,1,0.0,0,0.0,6264.0,2528.4939999999997,,0
acct_528fd0a45b,2,8,0.6785714285714286,3,45.07944444444445,47.26277777777778,2400.7042857142856,ring_037,1
acct_dc9be4c0f9,0,1,0.0,0,0.0,5736.0,2224.3733333333334,,0
acct_4931a64715,0,1,0.0,0,0.0,5016.0,2177.7575,,0
acct_cda1ef6c94,0,1,0.0,0,0.0,0.0,101.9,,0
acct_5b3148f403,0,1,0.0,0,0.0,5448.0,1813.9525,,0
acct_7408bc3dcf,4,5,1.0,1,47.17333333333333,45.60666666666667,1988.3085714285714,ring_031,1
acct_80be2a6127,0,1,0.0,0,0.0,0.0,1903.57,,0
acct_431dca3f98,0,1,0.0,0,0.0,2952.0,631.05,,0
acct_ee9f83fc5f,0,1,0.0,0,0.0,0.0,2510.4,,0
acct_dc1f3892e7,0,1,0.0,0,0.0,0.0,2145.07,,0
acct_7a4ddf4799,0,1,0.0,0,0.0,5712.0,1814.0466666666664,,0
acct_dbbeaeae20,0,1,0.0,0,0.0,0.0,1264.21,,0
acct_66c9c7c899,0,1,0.0,0,0.0,1368.0,2471.5066666666667,,0
acct_1902989b28,1,4,0.6666666666666666,2,17.4075,19.274166666666666,3086.1700000000005,ring_025,1
acct_8983e54e64,0,1,0.0,0,0.0,7920.0,2780.785,,0
acct_48a9c2fd81,0,1,0.0,0,0.0,6504.0,2803.522,,0
acct_c22e9f4376,0,1,0.0,0,0.0,7248.0,3353.2724999999996,,0
acct_1d9e6bf9f6,0,1,0.0,0,0.0,9072.0,2509.2119999999995,,0
acct_ed0f2e9b30,7,8,1.0,2,4.161666666666667,6.3566666666666665,2494.8764285714283,ring_005,1
acct_6c101d5d3b,4,5,1.0,1,6179.855277777778,9621.6575,2926.6407692307694,,0
acct_b7f84e471c,4,7,0.7142857142857143,3,20.863055555555555,19.013055555555557,2280.639090909091,ring_004,1
acct_d19feaa2f7,0,1,0.0,0,0.0,5664.0,3010.0425,,0
acct_f7374a1508,0,1,0.0,0,0.0,2400.0,2165.1800000000003,,0
acct_ffc5ca6043,0,1,0.0,0,0.0,0.0,4349.46,,0
acct_a1215d07c2,0,1,0.0,0,0.0,1944.0,2662.485,,0
acct_be3bbff9b5,0,1,0.0,0,0.0,4104.0,2962.8725000000004,,0
acct_59f25d847f,0,1,0.0,0,0.0,8304.0,1698.4479999999999,,0
acct_c97ed448a4,5,6,1.0,1,9.316944444444445,12.016944444444444,1664.0275,ring_028,1
acct_64dc0661bd,0,1,0.0,0,0.0,4656.0,1266.0149999999999,,0
acct_0c78c4d7e3,0,1,0.0,0,0.0,5592.0,3581.4799999999996,,0
acct_972cb11183,0,1,0.0,0,0.0,0.0,2442.19,,0
acct_39bc5290e7,0,1,0.0,0,0.0,2256.0,3209.75,,0
acct_6a09524d56,0,1,0.0,0,0.0,0.0,1651.86,,0
acct_8166cc4793,0,1,0.0,0,0.0,8448.0,2466.2239999999997,,0
acct_b1ba9520ee,0,1,0.0,0,0.0,360.0,3631.0550000000003,,0
acct_360444838f,0,1,0.0,0,0.0,5832.0,2903.75,,0
acct_9de76d5b5a,0,1,0.0,0,0.0,0.0,4439.18,,0
acct_88b44afdb5,0,1,0.0,0,0.0,8256.0,3040.764,,0
acct_9501cf483a,0,1,0.0,0,0.0,2568.0,2251.236,,0
acct_7a306aa0a7,0,1,0.0,0,0.0,8232.0,2798.486666666667,,0
acct_eee34dc4dc,0,1,0.0,0,0.0,0.0,4494.14,,0
acct_a99f79a96a,0,1,0.0,0,0.0,9096.0,2550.516666666667,,0
acct_5659f381b1,0,1,0.0,0,0.0,3576.0,2091.115,,0
acct_2267aa25b0,0,1,0.0,0,0.0,0.0,4160.51,,0
acct_6cbe800c24,0,1,0.0,0,0.0,0.0,1263.3,ring_018,1
acct_368f32c483,0,1,0.0,0,0.0,5808.0,4402.224999999999,,0
acct_f19f2d66c2,0,1,0.0,0,0.0,1776.0,2719.15,,0
acct_cea84caabb,0,1,0.0,0,0.0,7296.0,3589.165,,0
acct_28ec13f547,0,1,0.0,0,0.0,6048.0,3355.0125,,0
acct_bbe2162b7a,0,1,0.0,0,0.0,8904.0,3057.0699999999997,,0
acct_2a9dc33861,0,1,0.0,0,0.0,7752.0,4247.450000000001,,0
acct_7683cdb0c8,0,1,0.0,0,0.0,6504.0,1051.9666666666667,,0
acct_ab2bd1c185,0,1,0.0,0,0.0,5952.0,2969.0575,,0
acct_3b7244b067,0,1,0.0,0,0.0,0.0,4341.77,,0
acct_ee1bb9da94,0,1,0.0,0,0.0,0.0,3098.79,,0
acct_123bab0b7a,0,1,0.0,0,0.0,8376.0,1870.77,,0
acct_8b60c235e3,0,1,0.0,0,0.0,5568.0,4707.424999999999,,0
acct_a609631e84,0,1,0.0,0,0.0,2952.0,1991.92,,0
acct_cc730ec301,0,1,0.0,0,0.0,6984.0,2282.826,,0
acct_017cef5568,0,1,0.0,0,0.0,6000.0,1806.295,,0
acct_2aaecf2f15,0,1,0.0,0,0.0,0.0,1039.65,,0
acct_3a946a1699,0,1,0.0,0,0.0,4248.0,3231.0733333333333,,0
acct_f6e16a8887,0,1,0.0,0,0.0,5928.0,3114.29,,0
acct_5f3669320b,0,1,0.0,0,0.0,9480.0,2952.974,,0
acct_f9b7867c69,6,7,1.0,2,31.025555555555556,31.45888888888889,2019.9984615384615,ring_023,1
acct_b191c663a5,0,1,0.0,0,0.0,192.0,584.805,,0
acct_0f62ce439c,0,1,0.0,0,0.0,0.0,1647.13,,0
acct_dd5d645497,0,1,0.0,0,0.0,5592.0,2007.7466666666667,,0
acct_cc48e1cefd,0,1,0.0,0,0.0,7104.0,1992.9240000000002,,0
acct_3767bfc949,0,1,0.0,0,0.0,0.0,1962.75,,0
acct_a29a77b4e2,0,1,0.0,0,0.0,4392.0,2497.7275,,0
acct_9c11c55a02,0,1,0.0,0,0.0,2544.0,2043.8575,,0
acct_052784b98a,0,1,0.0,0,0.0,4752.0,1779.8160000000003,,0
acct_d254d2368c,0,1,0.0,0,0.0,3384.0,3888.16,,0
acct_ae490df71a,0,1,0.0,0,0.0,7392.0,2035.5674999999999,,0
acct_90c4bd5cde,0,1,0.0,0,0.0,5544.0,2070.455,,0
acct_aa87f4901f,0,1,0.0,0,0.0,6240.0,1394.4066666666668,,0
acct_7e8570479c,0,1,0.0,0,0.0,9384.0,2853.322,,0
acct_945768c964,0,1,0.0,0,0.0,5400.0,3587.738,,0
acct_a3d93c3bb7,0,1,0.0,0,0.0,1128.0,2316.77,,0
acct_940c158cff,0,1,0.0,0,0.0,5352.0,3167.0033333333326,,0
acct_7185131835,0,1,0.0,0,0.0,5952.0,3483.01,,0
acct_92a136ab47,0,1,0.0,0,0.0,0.0,2943.17,,0
acct_37fc5cf0c3,0,1,0.0,0,0.0,8280.0,1739.9360000000001,,0
acct_7a2431c567,0,1,0.0,0,0.0,0.0,4561.17,,0
acct_60e86420b5,0,1,0.0,0,0.0,9168.0,1177.4699999999998,,0
acct_bc03b56a6f,0,1,0.0,0,0.0,4656.0,2909.45,,0
acct_3f4e1c58f0,0,1,0.0,0,0.0,0.0,1578.37,,0
acct_9573ce3c41,0,1,0.0,0,0.0,6936.0,2141.95,,0
acct_cf4ccbcb76,0,1,0.0,0,0.0,5160.0,2465.596,,0
acct_4c7f1a2dcf,0,1,0.0,0,0.0,3192.0,2530.45,,0
acct_fbd82a4b0a,0,1,0.0,0,0.0,5424.0,2256.2033333333334,,0
acct_883c93b4b1,0,1,0.0,0,0.0,6312.0,1384.945,,0
acct_eaa63911fb,3,4,1.0,1,4825.506111111111,10681.388611111111,3394.3490000000006,,0
acct_64408a327c,0,1,0.0,0,0.0,0.0,506.75,,0
acct_33a8cfdb6b,0,1,0.0,0,0.0,5784.0,2778.812,,0
acct_90045b8605,0,1,0.0,0,0.0,7368.0,3072.9925,,0
acct_e8277c0649,0,1,0.0,0,0.0,2496.0,2768.62,,0
acct_2703c92b43,0,1,0.0,0,0.0,9048.0,3070.12,,0
acct_efff5bb5cd,0,1,0.0,0,0.0,5424.0,3124.1066666666666,,0
acct_dea88757d1,2,3,1.0,2,5.0377777777777775,7.304444444444444,2636.986,ring_007,1
acct_49c4f6c934,0,1,0.0,0,0.0,4584.0,2296.8266666666664,,0
acct_15bd72fc1d,0,1,0.0,0,0.0,2856.0,1951.898,,0
acct_1879b66f70,3,4,1.0,1,10.050277777777778,10.372222222222222,2402.8914285714286,ring_003,1
acct_65b51f01eb,0,1,0.0,0,0.0,4584.0,2406.218,,0
acct_816ab1049d,0,1,0.0,0,0.0,6480.0,2654.2533333333336,,0
acct_4ec59b9937,0,1,0.0,0,0.0,0.0,2420.98,,0
acct_02836e0249,0,1,0.0,0,0.0,0.0,1227.09,,0
acct_533273432e,0,1,0.0,0,0.0,6960.0,3139.7650000000003,,0
acct_c35fbcb033,0,1,0.0,0,0.0,0.0,4398.55,,0
acct_164bbf6185,0,1,0.0,0,0.0,8136.0,2297.6440000000002,,0
acct_10907c223c,0,1,0.0,0,0.0,5688.0,1673.3500000000001,,0
acct_85e225d6f9,0,1,0.0,0,0.0,5880.0,1202.0475000000001,,0
acct_f14630935e,2,3,1.0,1,94.5111111111111,6744.0,3048.357,,0
acct_2a9664b7e7,0,1,0.0,0,0.0,7584.0,2802.218,,0
acct_d5a4d16b22,0,1,0.0,0,0.0,4776.0,3333.6975,,0
acct_c7e6a1f2cb,0,1,0.0,0,0.0,1320.0,959.77,,0
acct_fbb28b07d0,0,1,0.0,0,0.0,6840.0,2526.2549999999997,,0
acct_624109d5f8,0,1,0.0,0,0.0,4464.0,3211.83,,0
acct_974b540c4b,0,1,0.0,0,0.0,0.0,678.54,,0
acct_c5f6f89411,0,1,0.0,0,0.0,0.0,2418.28,,0
acct_123353145b,2,7,0.5238095238095238,3,50.87166666666667,51.02166666666667,2202.1116666666667,ring_029,1
acct_723e7a4a4e,0,1,0.0,0,0.0,5664.0,2529.0533333333333,,0
acct_724ff28c1e,0,1,0.0,0,0.0,6744.0,4378.383333333333,,0
acct_60ed8f49b4,0,1,0.0,0,0.0,7344.0,2504.535,,0
acct_4c1b1ab523,0,1,0.0,0,0.0,8616.0,2802.42,,0
acct_cfc76c6f26,0,1,0.0,0,0.0,6936.0,2966.215,,0
acct_9315e16f5e,7,8,1.0,2,3.3016666666666667,5.101666666666667,2161.4352941176467,ring_026,1
acct_a2d50b1004,0,1,0.0,0,0.0,9216.0,2483.27,,0
acct_8388658c3d,0,1,0.0,0,0.0,4248.0,2108.67,,0
acct_0040ccce93,0,1,0.0,0,0.0,7224.0,2896.2725,,0
acct_d0a9ad72ba,0,1,0.0,0,0.0,7368.0,3121.256,,0
acct_033d1a0888,0,1,0.0,0,0.0,2880.0,3487.965,,0
acct_3bffad0bda,0,1,0.0,0,0.0,5088.0,843.2966666666666,,0
acct_c3c9f8ba82,4,5,1.0,1,47.32416666666666,49.924166666666665,2303.9942857142855,ring_017,1
acct_1a7f1bbc75,0,1,0.0,0,0.0,8424.0,3163.4399999999996,,0
acct_37b48ba849,0,1,0.0,0,0.0,192.0,1917.44,,0
acct_f3f2543d55,0,1,0.0,0,0.0,5664.0,2480.036666666667,,0
acct_38a0379348,0,1,0.0,0,0.0,8016.0,1581.434,,0
acct_c0ccf212e7,0,1,0.0,0,0.0,8160.0,2186.888,,0
acct_b7c34915a9,0,1,0.0,0,0.0,2688.0,3136.8375,,0
acct_175e25ec4b,0,1,0.0,0,0.0,8520.0,3658.3233333333337,,0
acct_0668310c04,0,1,0.0,0,0.0,7488.0,3841.54,,0
acct_e1bd350902,0,1,0.0,0,0.0,4488.0,2331.06,,0
acct_93e7cd7b18,0,1,0.0,0,0.0,888.0,2459.28,,0
acct_f5492dba95,0,1,0.0,0,0.0,8232.0,1183.5825,,0
acct_1705ad58eb,0,1,0.0,0,0.0,8784.0,1380.6733333333332,,0
acct_a8d94f5344,0,1,0.0,0,0.0,1056.0,2398.065,,0
acct_0bc6fabf30,3,4,1.0,1,11556.603055555555,20172.603055555555,3002.3326666666667,,0
acct_2d8277be29,0,1,0.0,0,0.0,0.0,4328.01,,0
acct_60459f37e0,0,1,0.0,0,0.0,6936.0,1030.41,,0
acct_ee488b7f49,0,1,0.0,0,0.0,4560.0,3758.4900000000002,,0
acct_d21cb2fd09,0,1,0.0,0,0.0,3264.0,3423.7749999999996,,0
acct_92faaadfc4,0,1,0.0,0,0.0,1344.0,2450.24,,0
acct_01da488a2e,0,1,0.0,0,0.0,3528.0,3133.954,,0
acct_b26d81150e,0,1,0.0,0,0.0,552.0,1587.91,,0
acct_e911a16e52,6,7,1.0,2,25.79222222222222,26.940833333333334,2182.312307692308,ring_016,1
acct_a09e674295,0,1,0.0,0,0.0,6768.0,2666.032,,0
acct_2e241c3aab,0,1,0.0,0,0.0,2832.0,1607.0966666666666,,0
acct_8732122dac,0,1,0.0,0,0.0,4368.0,1936.29,,0
acct_08703305ce,0,1,0.0,0,0.0,0.0,2370.67,,0
acct_879fc64f62,0,1,0.0,0,0.0,1560.0,896.695,,0
acct_b5cca7cab3,4,5,1.0,1,11618.520833333334,14330.520833333334,2731.6316666666667,,0
acct_3a82d2133b,0,1,0.0,0,0.0,5736.0,2438.8233333333333,,0
acct_cc8fecfbb8,0,1,0.0,0,0.0,5616.0,2518.71,,0
acct_586f7d8aec,0,1,0.0,0,0.0,4632.0,1959.2580000000003,,0
acct_717a9731f5,0,1,0.0,0,0.0,5352.0,2120.93,,0
acct_a679354e50,0,1,0.0,0,0.0,6120.0,1030.91,,0
acct_7e8d4c8c60,0,1,0.0,0,0.0,0.0,1288.34,,0
acct_9a90dcd4c4,0,1,0.0,0,0.0,6552.0,2190.465,,0
acct_244fb2fc2d,7,8,1.0,2,12.523055555555555,12.553888888888888,1878.7842857142855,ring_030,1
acct_bdfc4f1315,4,5,1.0,3,29.642777777777777,29.54277777777778,3381.2890909090916,ring_039,1
acct_85e606e189,1,2,1.0,1,2623.3566666666666,12151.356666666667,2389.7025,,0
acct_4d1a88d42b,0,1,0.0,0,0.0,0.0,4713.23,,0
acct_b379e84069,0,1,0.0,0,0.0,8520.0,2889.545,,0
acct_d04473e271,0,1,0.0,0,0.0,0.0,1016.43,,0
acct_4c6487d7d7,0,1,0.0,0,0.0,2064.0,3536.1449999999995,,0
acct_be397c097a,0,1,0.0,0,0.0,6864.0,1869.256666666667,,0
acct_3ef2904b7d,0,1,0.0,0,0.0,0.0,1481.92,,0
acct_b282b6a715,0,1,0.0,0,0.0,5568.0,1139.9499999999998,,0
acct_964d62f67f,0,1,0.0,0,0.0,8160.0,1475.6200000000001,,0
acct_9be05cb064,5,6,1.0,1,9.385277777777778,11.440277777777778,3437.2266666666674,ring_014,1
acct_b4554f9b8f,0,1,0.0,0,0.0,6816.0,2423.3920000000003,,0
acct_8e754debd6,0,1,0.0,0,0.0,1128.0,2592.945,,0
acct_de1ca1daeb,0,1,0.0,0,0.0,0.0,3708.84,,0
acct_fd268c88bc,0,1,0.0,0,0.0,0.0,613.67,,0
acct_49ea8591fb,0,1,0.0,0,0.0,576.0,1925.585,,0
acct_2f6ebada2e,0,1,0.0,0,0.0,0.0,1177.73,,0
acct_cbd7656199,0,1,0.0,0,0.0,168.0,2863.8100000000004,,0
acct_649fb1f571,0,1,0.0,0,0.0,0.0,833.7,,0
acct_602bd51298,0,1,0.0,0,0.0,1920.0,1658.8719999999998,,0
acct_82dc0374cb,0,1,0.0,0,0.0,7440.0,1911.1666666666667,,0
acct_3fdf7062ab,4,5,1.0,1,9015.800277777778,10639.468333333334,2295.143125,,0
acct_9c149251b6,0,1,0.0,0,0.0,4824.0,3022.2349999999997,,0
acct_74f9797308,0,1,0.0,0,0.0,7344.0,1815.76,,0
acct_cdf4216cf5,0,1,0.0,0,0.0,240.0,3398.09,,0
acct_ecce523e45,2,3,1.0,1,18.574166666666667,20.7075,3071.771666666667,ring_032,1
acct_63a183ce34,0,1,0.0,0,0.0,4344.0,2177.43,,0
acct_146d20c653,4,7,0.8095238095238095,3,3.1958333333333333,5.4475,2383.9715384615383,ring_013,1
acct_8d721c6339,0,1,0.0,0,0.0,5184.0,2088.95,,0
acct_accb813864,0,1,0.0,0,0.0,6240.0,3784.1075,,0
acct_a19d2e8969,0,1,0.0,0,0.0,6024.0,2323.4933333333333,,0
acct_1a743912c6,0,1,0.0,0,0.0,5616.0,2613.554,,0
acct_170e708af6,0,1,0.0,0,0.0,6072.0,3081.7059999999997,,0
acct_65a22e8f90,0,1,0.0,0,0.0,2664.0,2447.3399999999997,,0
acct_bcaf6b3fef,0,1,0.0,0,0.0,7536.0,1693.5240000000001,,0
acct_151291db78,0,1,0.0,0,0.0,8304.0,3909.8239999999996,,0
acct_5dc9cebf93,0,1,0.0,0,0.0,0.0,1998.57,,0
acct_33fad3e4d6,0,1,0.0,0,0.0,5496.0,882.742,,0
acct_0519a2b1c4,0,1,0.0,0,0.0,9456.0,4438.379999999999,,0
acct_aa41919d83,0,1,0.0,0,0.0,2832.0,2676.09,,0
acct_df470bddb4,0,1,0.0,0,0.0,2304.0,2376.3050000000003,,0
acct_ef998889e7,0,1,0.0,0,0.0,3384.0,4412.93,,0
acct_4ef4717d48,0,1,0.0,0,0.0,7224.0,2504.874,,0
acct_8d85d82ade,0,1,0.0,0,0.0,1128.0,2987.63,,0
acct_c10b2d458e,0,1,0.0,0,0.0,4848.0,3161.42,,0
acct_1259ce6950,0,1,0.0,0,0.0,8064.0,1600.8700000000001,,0
acct_587de817ac,0,1,0.0,0,0.0,3792.0,2207.0875,,0
acct_04cd6eb543,0,1,0.0,0,0.0,0.0,3425.54,,0
acct_681380bb00,0,1,0.0,0,0.0,4392.0,1847.9539999999997,,0
acct_55628da685,0,1,0.0,0,0.0,9192.0,2795.358,,0
acct_78ae3808f1,0,1,0.0,0,0.0,576.0,1156.495,,0
acct_ebc5909930,0,1,0.0,0,0.0,4680.0,3055.535,,0
acct_6ec7274635,0,1,0.0,0,0.0,5952.0,2398.368,,0
acct_199d6ba2c6,0,1,0.0,0,0.0,3216.0,1171.8433333333332,,0
acct_3dd4fd4694,0,1,0.0,0,0.0,9024.0,2409.0919999999996,,0
acct_4841eb25be,0,1,0.0,0,0.0,7728.0,3835.468,,0
acct_13515299b7,0,1,0.0,0,0.0,5880.0,903.7549999999999,,0
acct_9633278c62,0,1,0.0,0,0.0,8208.0,3246.8920000000003,,0
acct_471e86861e,3,4,1.0,1,12.431944444444444,14.64861111111111,1921.6879999999996,ring_015,1
acct_80940b5c8a,0,1,0.0,0,0.0,3624.0,2718.22,,0
acct_99895d14ac,0,1,0.0,0,0.0,2448.0,3483.495,,0
acct_4d65dea29f,0,1,0.0,0,0.0,0.0,1552.1,,0
acct_63fc8bdb9c,0,1,0.0,0,0.0,6240.0,3121.4625,,0
acct_fa83a4dfc8,5,6,1.0,1,9.316944444444445,12.016944444444444,1664.0275,ring_028,1
acct_38813b672b,0,1,0.0,0,0.0,6552.0,3106.9399999999996,,0
acct_fb17058e5c,0,1,0.0,0,0.0,3528.0,3521.65,,0
acct_1ac04ee5c2,0,1,0.0,0,0.0,5832.0,2094.665,,0
acct_fdd26d2ea3,0,1,0.0,0,0.0,5736.0,3011.535,,0
acct_eb342fa6bb,0,1,0.0,0,0.0,1608.0,2499.675,,0
acct_8a6b1f3c46,3,4,1.0,1,7086.2025,14742.2025,2188.1133333333332,,0
acct_3052098ca8,0,1,0.0,0,0.0,0.0,1128.09,,0
acct_5f63577396,0,1,0.0,0,0.0,0.0,3004.22,,0
acct_b1c202d932,0,1,0.0,0,0.0,7296.0,1997.125,,0
acct_7a7e72e633,0,1,0.0,0,0.0,5184.0,2523.7966666666666,,0
acct_8b5d795198,2,3,1.0,1,18.574166666666667,20.7075,3071.771666666667,ring_032,1
acct_aafe49018d,0,1,0.0,0,0.0,4248.0,2851.22,,0
acct_d117532223,4,5,1.0,1,7797.651111111111,14126.962222222222,3032.8946153846146,,0
acct_7529e0f8dd,0,1,0.0,0,0.0,7776.0,2735.9675,,0
acct_566c7bd232,0,1,0.0,0,0.0,0.0,822.51,,0
acct_e014832498,0,1,0.0,0,0.0,4344.0,2402.3825,,0
acct_fe5dbfa3b2,0,1,0.0,0,0.0,0.0,1505.6,,0
acct_7c72dfeef6,0,1,0.0,0,0.0,4584.0,3902.5933333333337,,0
acct_d06781e5bf,7,8,1.0,2,9.45888888888889,11.975555555555555,2362.2805263157898,ring_011,1
acct_c262938f97,0,1,0.0,0,0.0,0.0,66.98,,0
acct_bb625256bd,0,1,0.0,0,0.0,8592.0,2339.8700000000003,,0
acct_ff082fc191,0,1,0.0,0,0.0,0.0,2067.84,,0
acct_d3445752fa,0,1,0.0,0,0.0,4656.0,2701.44,,0
acct_8bf952c56d,0,1,0.0,0,0.0,5064.0,984.1899999999999,,0
acct_9a02ddb286,0,1,0.0,0,0.0,6672.0,1760.405,,0
acct_86bee5ffb9,0,1,0.0,0,0.0,3792.0,2131.395,,0
acct_ccf04a22ee,0,1,0.0,0,0.0,8088.0,2027.6866666666665,,0
acct_65a787db08,0,1,0.0,0,0.0,0.0,1896.48,,0
acct_68157466f2,2,3,1.0,1,7113.663333333333,9681.663333333334,2094.375,,0
acct_68cad29976,0,1,0.0,0,0.0,5256.0,2479.045,,0
acct_dca88f061d,3,7,0.5238095238095238,3,50.87166666666667,51.02166666666667,2202.1116666666667,ring_029,1
acct_a70a6e16f9,0,1,0.0,0,0.0,8088.0,2298.942,,0
acct_05fdc5915a,0,1,0.0,0,0.0,5784.0,3646.935,,0
acct_2f3cc5bbb7,0,1,0.0,0,0.0,0.0,167.46,,0
acct_65b6d79e4f,0,1,0.0,0,0.0,7488.0,3129.8333333333335,,0
acct_383b2bfce9,0,1,0.0,0,0.0,5112.0,3650.5559999999996,,0
acct_4ac1ec4d1f,0,1,0.0,0,0.0,7440.0,2373.282,,0
acct_67eb25c289,0,1,0.0,0,0.0,7200.0,2286.578,,0
acct_c08eb45984,0,1,0.0,0,0.0,3792.0,1717.455,,0
acct_4fe6f23d15,0,1,0.0,0,0.0,6936.0,2135.15,,0
acct_47fe515fbd,0,1,0.0,0,0.0,4776.0,3352.1225,,0
acct_5ddfea1bcb,0,1,0.0,0,0.0,2544.0,3070.2999999999997,,0
acct_ffd998f763,0,1,0.0,0,0.0,6288.0,3520.986666666667,,0
acct_e97f5f2a59,0,1,0.0,0,0.0,0.0,3033.58,,0
acct_c427212fb0,0,1,0.0,0,0.0,6600.0,2382.245,,0
acct_32fadf013c,0,1,0.0,0,0.0,4824.0,2594.5275,,0
acct_ef4caed97b,0,1,0.0,0,0.0,4440.0,2915.906666666667,,0
acct_b3a72fbf05,0,1,0.0,0,0.0,0.0,2120.36,,0
acct_78179cfe84,0,1,0.0,0,0.0,6528.0,1602.634,,0
acct_63c7f8644f,0,1,0.0,0,0.0,4152.0,2503.025,,0
acct_9b93a391ec,0,1,0.0,0,0.0,9024.0,1509.8,,0
acct_896fd493f0,0,1,0.0,0,0.0,5904.0,860.5899999999998,,0
acct_4580eace67,0,1,0.0,0,0.0,7368.0,2145.2325,,0
acct_a1138a4d6b,0,1,0.0,0,0.0,1560.0,2604.1833333333334,,0
acct_6bcfb30da6,0,1,0.0,0,0.0,6744.0,2740.5275,,0
acct_f8c60a0ab0,0,1,0.0,0,0.0,0.0,4983.91,,0
acct_efdcabb480,0,1,0.0,0,0.0,4896.0,3643.67,,0
acct_91bd9f2b5d,0,1,0.0,0,0.0,2232.0,2444.462,,0
acct_ddcf0bad8a,0,1,0.0,0,0.0,0.0,3045.25,,0
acct_aa6095b0ce,0,1,0.0,0,0.0,7368.0,3081.94,,0
acct_3d28207e64,0,1,0.0,0,0.0,5760.0,459.06,,0
acct_e5c66a6cb3,0,1,0.0,0,0.0,0.0,2346.85,,0
acct_289962b970,0,1,0.0,0,0.0,1488.0,2400.065,,0
acct_6232712ea5,0,1,0.0,0,0.0,5784.0,3364.25,,0
acct_23064ed805,0,1,0.0,0,0.0,0.0,649.49,,0
acct_b35e53803d,0,1,0.0,0,0.0,6648.0,1185.93,,0
acct_f4d6d47648,6,7,1.0,1,41.07138888888889,41.18805555555556,2702.285333333333,ring_019,1
acct_23c39dd098,0,1,0.0,0,0.0,5400.0,1730.0940000000003,,0
acct_0805a1ba1b,7,8,1.0,2,4.161666666666667,6.3566666666666665,2494.8764285714283,ring_005,1
acct_6d8b910691,0,1,0.0,0,0.0,0.0,3558.23,,0
acct_677adb1d6d,0,1,0.0,0,0.0,3504.0,1139.3799999999999,,0
acct_e566e01ef4,0,1,0.0,0,0.0,4248.0,3683.3333333333335,,0
acct_fc67376af6,0,1,0.0,0,0.0,7080.0,3269.976666666667,,0
acct_9a58a29f20,0,1,0.0,0,0.0,6912.0,980.09,,0
acct_d28cf55339,0,1,0.0,0,0.0,4512.0,3321.27,,0
acct_89514a4764,0,1,0.0,0,0.0,6600.0,3214.609999999999,,0
acct_6ee24b96dc,0,1,0.0,0,0.0,6960.0,3229.334,,0
acct_e71d014560,0,1,0.0,0,0.0,8040.0,2788.2625000000003,,0
acct_5ff5e532ce,0,1,0.0,0,0.0,7128.0,1816.7325,,0
acct_ccbc3bf8f3,0,1,0.0,0,0.0,7608.0,1657.3559999999998,,0
acct_3d00caf9e0,0,1,0.0,0,0.0,2328.0,2307.965,,0
acct_44f6e634c3,7,8,1.0,2,8.493333333333334,10.026666666666667,2228.633333333333,ring_008,1
acct_d725088c8b,0,1,0.0,0,0.0,0.0,1810.89,,0
acct_3db3626431,0,1,0.0,0,0.0,3768.0,4227.155,,0
acct_7b5a8045c7,0,1,0.0,0,0.0,7824.0,2280.604,,0
acct_6b404cd83a,0,1,0.0,0,0.0,8904.0,755.085,,0
acct_126621d63c,0,1,0.0,0,0.0,2544.0,4288.086666666667,,0
acct_c50886020b,0,1,0.0,0,0.0,2088.0,2302.79,,0
acct_45d694036d,0,1,0.0,0,0.0,3432.0,2279.05,,0
acct_4166458b79,0,1,0.0,0,0.0,7728.0,4839.969999999999,,0
acct_96a5ecff10,0,1,0.0,0,0.0,7128.0,2012.7166666666665,,0
acct_32992c5778,0,1,0.0,0,0.0,2808.0,1875.8166666666668,,0
acct_8e85949bf7,0,1,0.0,0,0.0,0.0,3905.77,,0
acct_71184383b7,0,1,0.0,0,0.0,0.0,4028.95,,0
acct_c4a51ac6bf,0,1,0.0,0,0.0,5016.0,1564.6,,0
acct_177147df84,0,1,0.0,0,0.0,2760.0,2201.8825,,0
acct_2a7bb35306,0,1,0.0,0,0.0,1800.0,3554.41,,0
acct_6566f5931c,6,7,1.0,1,38.2225,38.55583333333333,2845.181428571428,ring_010,1
acct_e2dcdc0616,0,1,0.0,0,0.0,3672.0,1974.775,,0
acct_b4770e5f3d,0,1,0.0,0,0.0,3528.0,1127.4,,0
acct_5123c85038,0,1,0.0,0,0.0,3024.0,2451.9875,,0
acct_cd0fb49445,0,1,0.0,0,0.0,3096.0,2079.875,,0
acct_10e38086c5,0,1,0.0,0,0.0,6432.0,2611.2775,,0
acct_c6db5c8c3c,0,1,0.0,0,0.0,6288.0,3094.1299999999997,,0
acct_7efa2d8eb7,0,1,0.0,0,0.0,0.0,2213.58,,0
acct_17f083b9f2,0,1,0.0,0,0.0,6000.0,1601.3666666666668,,0
acct_d41d2b238c,0,1,0.0,0,0.0,0.0,4558.0,,0
acct_ea59f2e634,0,1,0.0,0,0.0,7200.0,1639.0300000000002,,0
acct_94b57b90a2,0,1,0.0,0,0.0,0.0,1189.38,,0
acct_3f74a0635d,0,1,0.0,0,0.0,6600.0,2670.028,,0
acct_4ffbe3020d,0,1,0.0,0,0.0,1560.0,1918.175,,0
acct_ab3e7fdab0,0,1,0.0,0,0.0,5520.0,2165.4866666666667,,0
acct_03391efdb9,0,1,0.0,0,0.0,0.0,1025.8,,0
acct_b288bf3b91,0,1,0.0,0,0.0,1848.0,1453.2350000000001,,0
acct_3d3e95f47d,0,1,0.0,0,0.0,0.0,383.45,,0
acct_f3b66cb270,0,1,0.0,0,0.0,1248.0,2323.06,,0
acct_22e0b7bcf1,0,1,0.0,0,0.0,6144.0,1850.9800000000002,,0
acct_88ca61b828,0,1,0.0,0,0.0,8208.0,2809.4950000000003,,0
acct_cd1b053e07,0,1,0.0,0,0.0,5304.0,2315.715,,0
acct_4e2afa0bc5,0,1,0.0,0,0.0,2112.0,3229.786666666667,,0
acct_a0f9f111c6,0,1,0.0,0,0.0,7008.0,2143.23,,0
acct_0f5b3935de,0,1,0.0,0,0.0,0.0,4656.12,,0
acct_521e3683a1,3,4,1.0,1,8870.653888888888,14246.653888888888,2550.432,,0
acct_d65858e80c,4,5,1.0,1,11618.520833333334,14330.520833333334,2731.6316666666667,,0
acct_3a9fe46deb,0,1,0.0,0,0.0,6360.0,3685.4880000000003,,0
acct_a001cc3c25,0,1,0.0,0,0.0,0.0,1313.64,,0
acct_1709647f86,4,5,1.0,1,47.17333333333333,45.60666666666667,1988.3085714285714,ring_031,1
acct_cf840a5ce4,0,1,0.0,0,0.0,3288.0,1351.4666666666665,,0
acct_b814fd8a2d,0,1,0.0,0,0.0,3720.0,2142.515,,0
acct_478e54e9b3,0,1,0.0,0,0.0,2400.0,2208.6666666666665,,0
acct_d5e9ed5304,2,4,0.6666666666666666,3,51.791666666666664,53.80833333333333,3266.021666666667,ring_018,1
acct_abb5f4ae90,0,1,0.0,0,0.0,0.0,4614.76,,0
acct_069672670f,0,1,0.0,0,0.0,7032.0,1207.062,,0
acct_bd52553052,0,1,0.0,0,0.0,5568.0,2227.25,,0
acct_7d3fb5590d,0,1,0.0,0,0.0,0.0,512.37,,0
acct_bd67360ae9,0,1,0.0,0,0.0,1128.0,4812.826666666667,,0
acct_fcdb73cb5c,0,1,0.0,0,0.0,0.0,2865.31,,0
acct_8ee1c3ff04,0,1,0.0,0,0.0,4680.0,1951.0225000000003,,0
acct_beabfe78bb,3,4,1.0,1,8434.702222222222,15754.702222222222,2628.825,,0
acct_9821134f21,5,6,1.0,2,4.826666666666667,5.793333333333333,2642.309333333333,ring_033,1
acct_7fba319df8,4,5,1.0,1,11618.520833333334,14330.520833333334,2731.6316666666667,,0
acct_99153b4282,0,1,0.0,0,0.0,4128.0,1244.6233333333332,,0
acct_cafb9e89a5,0,1,0.0,0,0.0,4248.0,3388.695,,0
acct_5a2e1b4712,0,1,0.0,0,0.0,7800.0,2066.324,,0
acct_67c088d6e1,3,6,0.7333333333333333,3,30.106666666666666,32.84,3027.1691666666666,ring_036,1
acct_966d4b5aba,0,1,0.0,0,0.0,3408.0,1760.7366666666667,,0
acct_6c87f41ac7,0,1,0.0,0,0.0,6240.0,1269.175,,0
acct_fbbf389c6a,0,1,0.0,0,0.0,3600.0,1443.47,,0
acct_ed16e973c7,0,1,0.0,0,0.0,8232.0,2756.852,,0
acct_3b45e2d4ef,0,1,0.0,0,0.0,4344.0,2488.166,,0
acct_e67dcc2a00,0,1,0.0,0,0.0,0.0,4584.68,,0
acct_82078dc2a5,0,1,0.0,0,0.0,9288.0,4033.005,,0
acct_8698bcefb5,0,1,0.0,0,0.0,168.0,3141.865,,0
acct_3ac7040c69,0,1,0.0,0,0.0,0.0,4400.16,,0
acct_9d673dce3a,0,1,0.0,0,0.0,8016.0,2314.066,,0
acct_7251c82fab,0,1,0.0,0,0.0,0.0,4541.63,,0
acct_0686867bb0,0,1,0.0,0,0.0,840.0,1941.835,,0
acct_8c808e48bb,0,1,0.0,0,0.0,6552.0,2314.0933333333332,,0
acct_27f67eeed5,0,1,0.0,0,0.0,0.0,3707.35,,0
acct_427515f535,0,1,0.0,0,0.0,2976.0,3135.9025,,0
acct_4b60546240,0,1,0.0,0,0.0,0.0,2919.14,,0
acct_708052d2f2,0,1,0.0,0,0.0,7392.0,3177.975,,0
acct_64e1749f0c,0,1,0.0,0,0.0,4608.0,1885.1025,,0
acct_fb5f546695,0,1,0.0,0,0.0,8568.0,2228.4633333333336,,0
acct_aa4c85c8b1,0,1,0.0,0,0.0,2976.0,3126.99,,0
acct_97a17a6af9,0,1,0.0,0,0.0,8256.0,1560.2650000000003,,0
acct_dd7cf3d220,0,1,0.0,0,0.0,9120.0,1424.8360000000002,,0
acct_b99e06508d,0,1,0.0,0,0.0,7608.0,2064.5750000000003,,0
acct_7885ab96cb,0,1,0.0,0,0.0,0.0,3558.75,,0
acct_04d472a170,0,1,0.0,0,0.0,1056.0,152.985,,0
acct_f7c15edf96,0,1,0.0,0,0.0,5616.0,2787.3849999999998,,0
acct_5682bc7b35,0,1,0.0,0,0.0,6264.0,2046.4280000000003,,0
acct_907addc530,0,1,0.0,0,0.0,3912.0,1499.71,,0
acct_b97102f532,0,1,0.0,0,0.0,6432.0,2806.492,,0
acct_418c81bb35,4,5,1.0,1,47.32416666666666,49.924166666666665,2303.9942857142855,ring_017,1
acct_ab3294931c,0,1,0.0,0,0.0,4872.0,2396.516666666667,,0
acct_ad72544ce0,0,1,0.0,0,0.0,8616.0,3045.178,,0
acct_13449fb9c1,0,1,0.0,0,0.0,7920.0,1524.445,,0
acct_48563c1f34,0,1,0.0,0,0.0,7992.0,1848.5,,0
acct_ca4aafefd0,0,1,0.0,0,0.0,2040.0,1872.626666666667,,0
acct_b31783f70d,0,1,0.0,0,0.0,1032.0,1913.91,,0
acct_10585b957c,0,1,0.0,0,0.0,2280.0,2934.08,,0
acct_55968f275b,0,1,0.0,0,0.0,4680.0,3591.4249999999997,,0
acct_8b0970f886,0,1,0.0,0,0.0,552.0,412.03,,0
acct_4317245974,0,1,0.0,0,0.0,0.0,309.46,,0
acct_de286fd884,0,1,0.0,0,0.0,5832.0,3243.8059999999996,,0
acct_0d77e40b5e,0,1,0.0,0,0.0,3624.0,2474.56,,0
acct_849c246f48,0,1,0.0,0,0.0,6864.0,2977.1733333333336,,0
acct_69a4f729fc,0,1,0.0,0,0.0,6240.0,1917.0200000000004,,0
acct_2dc08c2fed,0,1,0.0,0,0.0,6264.0,3584.385,,0
acct_bf13426e4e,0,1,0.0,0,0.0,0.0,4925.97,,0
acct_1cf9222b65,0,1,0.0,0,0.0,3192.0,2622.9049999999997,,0
acct_c7fad3b9ae,2,3,1.0,1,4002.493611111111,9594.493611111111,2368.1166666666663,,0
acct_2cbf24a497,0,1,0.0,0,0.0,5280.0,2000.605,,0
acct_adb13549ad,0,1,0.0,0,0.0,5880.0,2710.916,,0
acct_d3378b11d6,0,1,0.0,0,0.0,5736.0,2745.263333333333,,0
acct_2e855db341,0,1,0.0,0,0.0,2976.0,973.6199999999999,,0
acct_de663c1c47,0,1,0.0,0,0.0,0.0,2501.44,,0
acct_ac999ae4df,0,1,0.0,0,0.0,5112.0,2909.0,,0
acct_7c51dac282,0,1,0.0,0,0.0,9240.0,2419.3379999999997,,0
acct_5e2f1860fa,0,1,0.0,0,0.0,6360.0,2495.265,,0
acct_0f198053e9,4,5,1.0,1,47.32416666666666,49.924166666666665,2303.9942857142855,ring_017,1
acct_7fa97c1679,3,4,1.0,1,8434.702222222222,15754.702222222222,2628.825,,0
acct_ade0e1d23f,0,1,0.0,0,0.0,7128.0,2397.486,,0
acct_5d5196013b,0,1,0.0,0,0.0,5784.0,2594.3625,,0
acct_b09a9952de,0,1,0.0,0,0.0,2256.0,2281.36,,0
acct_8b53b40f36,0,1,0.0,0,0.0,8352.0,3333.936666666667,,0
acct_be9100ead0,0,1,0.0,0,0.0,8256.0,3023.175,,0
acct_6656dbb38e,0,1,0.0,0,0.0,2928.0,4566.055,,0
acct_66d1613523,0,1,0.0,0,0.0,4272.0,2452.69,,0
acct_93072ae4c5,5,6,1.0,1,9.385277777777778,11.440277777777778,3437.2266666666674,ring_014,1
acct_910cc27722,0,1,0.0,0,0.0,6288.0,1562.7633333333333,,0
acct_75a1cad180,0,1,0.0,0,0.0,480.0,4463.335,,0
acct_16d551c29a,0,1,0.0,0,0.0,7272.0,2366.875,,0
acct_4c2d90ed0a,0,1,0.0,0,0.0,0.0,553.29,,0
acct_8b6faf4d74,0,1,0.0,0,0.0,3408.0,3211.48,,0
acct_f7ed623fb4,0,1,0.0,0,0.0,5904.0,2324.0924999999997,,0
acct_7b99ad633a,0,1,0.0,0,0.0,5568.0,2129.984,,0
acct_8490b47f95,0,1,0.0,0,0.0,5976.0,4069.7149999999997,,0
acct_d69e2c34e5,0,1,0.0,0,0.0,6288.0,3143.4966666666664,,0
acct_c0d02780e0,0,1,0.0,0,0.0,8736.0,3154.474,,0
acct_2cf9788be5,0,1,0.0,0,0.0,0.0,3825.07,,0
acct_92c1140879,0,1,0.0,0,0.0,2520.0,3336.476666666667,,0
acct_5c1f64265c,0,1,0.0,0,0.0,2928.0,2558.8775,,0
acct_1c94cc8f58,0,1,0.0,0,0.0,1128.0,2235.0,,0
acct_c23527fd85,0,1,0.0,0,0.0,3792.0,3668.4625000000005,,0
acct_f2721e84c2,0,1,0.0,0,0.0,3408.0,2395.0,,0
acct_377491ff58,0,1,0.0,0,0.0,2928.0,3365.08,,0
acct_a295598bdc,0,1,0.0,0,0.0,1656.0,3753.155,,0
acct_a6420466be,0,1,0.0,0,0.0,6264.0,2130.74,,0
acct_218d9aa076,0,1,0.0,0,0.0,7416.0,3159.4700000000003,,0
acct_59b78bf81f,0,1,0.0,0,0.0,6480.0,2705.32,,0
acct_cdf21b158b,0,1,0.0,0,0.0,7032.0,2283.0325,,0
acct_89cb1b6692,0,1,0.0,0,0.0,0.0,4972.9,,0
acct_dd9e4c8d17,0,1,0.0,0,0.0,0.0,915.6,,0
acct_a683717734,0,1,0.0,0,0.0,8376.0,2927.76,,0
acct_e03f5024f7,3,5,0.5,3,11.275,12.625,2512.80875,ring_035,1
acct_b7583883e8,0,1,0.0,0,0.0,8520.0,2597.7740000000003,,0
acct_73455e5797,0,1,0.0,0,0.0,1536.0,2622.43,,0
acct_663931b2ef,0,1,0.0,0,0.0,0.0,731.65,,0
acct_b9292a90bc,0,1,0.0,0,0.0,8400.0,1838.714,,0
acct_707fc6bd87,0,1,0.0,0,0.0,4320.0,1133.14,,0
acct_64165777db,0,1,0.0,0,0.0,0.0,4548.84,,0
acct_41cec3ecd3,0,1,0.0,0,0.0,6456.0,3109.6540000000005,,0
acct_68c3f9b0b1,0,1,0.0,0,0.0,0.0,3638.17,,0
acct_63d8fe9d0c,0,1,0.0,0,0.0,0.0,754.07,,0
acct_921d93e4d3,0,1,0.0,0,0.0,5016.0,2220.106666666667,,0
acct_066b118a49,0,1,0.0,0,0.0,6456.0,2917.3566666666666,,0
acct_b35c3029a4,0,1,0.0,0,0.0,5088.0,2663.4466666666667,,0
acct_77dede1957,0,1,0.0,0,0.0,8808.0,2483.984,,0
acct_1a2c82f3ed,0,1,0.0,0,0.0,0.0,1199.14,,0
acct_f6ebce04dc,0,1,0.0,0,0.0,0.0,2409.35,,0
acct_c35a5a704a,0,1,0.0,0,0.0,1536.0,3800.8366666666666,,0
acct_aae3d4d9ae,0,1,0.0,0,0.0,0.0,2118.5,,0
acct_80c543023f,0,1,0.0,0,0.0,1752.0,2020.4350000000002,,0
acct_df3d4eb7de,0,1,0.0,0,0.0,4776.0,2629.82,,0
acct_4300dc37ed,0,1,0.0,0,0.0,7944.0,1683.2849999999999,,0
acct_bce6423ad1,0,1,0.0,0,0.0,7704.0,1396.9125000000001,,0
acct_1f18602c87,0,1,0.0,0,0.0,6624.0,2037.134,,0
acct_feb2b2ea5d,0,1,0.0,0,0.0,0.0,3736.42,,0
acct_86dd9ab63e,0,1,0.0,0,0.0,0.0,1711.15,,0
acct_123962e3b7,0,1,0.0,0,0.0,7320.0,3465.133333333333,,0
acct_f3dc57c641,0,1,0.0,0,0.0,8376.0,2054.3425,,0
acct_cab1d0ddc4,0,1,0.0,0,0.0,7512.0,2524.2079999999996,,0
acct_03f586447d,0,1,0.0,0,0.0,1560.0,2546.145,,0
acct_b318b3406b,0,1,0.0,0,0.0,8304.0,2771.7466666666664,,0
acct_bdc4ef1b95,0,1,0.0,0,0.0,1320.0,2276.57,,0
acct_35fc282c4b,0,1,0.0,0,0.0,6096.0,3001.435,,0
acct_480a3e89b7,0,1,0.0,0,0.0,7656.0,1672.3166666666666,,0
acct_bfc72c6caf,2,3,1.0,1,8458.760555555555,13066.760555555555,2776.433333333333,,0
acct_5e547f6b85,0,1,0.0,0,0.0,2232.0,3675.795,,0
acct_76321eefc1,0,1,0.0,0,0.0,0.0,128.21,,0
acct_356a4f9b80,0,1,0.0,0,0.0,120.0,3813.67,,0
acct_df39897d40,0,1,0.0,0,0.0,8832.0,3245.9659999999994,,0
acct_528760b9bd,0,1,0.0,0,0.0,7968.0,3456.175,,0
acct_be3a26d5ba,0,1,0.0,0,0.0,4824.0,901.7349999999999,,0
acct_ce40f4db49,0,1,0.0,0,0.0,5616.0,1943.5939999999998,,0
acct_60cfadf12b,0,1,0.0,0,0.0,2976.0,1828.934,,0
acct_2ef1fa6933,3,4,1.0,1,9137.618333333334,14742.035277777777,2471.5384615384614,,0
acct_091033e42b,0,1,0.0,0,0.0,7848.0,1307.83,,0
acct_e26aafbf8e,0,1,0.0,0,0.0,6144.0,2748.9440000000004,,0
acct_059fc16d68,0,1,0.0,0,0.0,6432.0,2434.15,,0
acct_2bbed89181,0,1,0.0,0,0.0,0.0,92.12,,0
acct_1f66e746aa,0,1,0.0,0,0.0,5136.0,2196.63,,0
acct_3f71f43a55,0,1,0.0,0,0.0,4800.0,2651.2433333333333,,0
acct_dd09d65b87,0,1,0.0,0,0.0,7632.0,1959.18,,0
acct_15809335fd,0,1,0.0,0,0.0,8352.0,946.0500000000001,,0
acct_bcd0fcd696,0,1,0.0,0,0.0,2280.0,993.885,,0
acct_45ca205615,0,1,0.0,0,0.0,6864.0,1585.86,,0
acct_80d1a5240e,0,1,0.0,0,0.0,7056.0,2375.06,,0
acct_1142cac04e,0,1,0.0,0,0.0,0.0,3376.99,,0
acct_348a2be004,0,1,0.0,0,0.0,6816.0,3199.062,,0
acct_3307b60796,0,1,0.0,0,0.0,0.0,4695.14,,0
acct_fe35948de0,0,1,0.0,0,0.0,6192.0,1989.715,,0
acct_1aa4e9abd9,0,1,0.0,0,0.0,4704.0,1724.3825000000002,,0
acct_7b5735b4e8,0,1,0.0,0,0.0,0.0,299.25,,0
acct_5cf246e196,0,1,0.0,0,0.0,6792.0,2349.0725,,0
acct_fafebfd8b1,0,1,0.0,0,0.0,9504.0,2441.154,,0
acct_477a9c799e,3,4,1.0,1,12587.503611111111,17891.50361111111,3164.084,,0
acct_81e1deeaf9,0,1,0.0,0,0.0,1344.0,1405.68,,0
acct_b7e08d1d65,0,1,0.0,0,0.0,4608.0,2033.1999999999998,,0
acct_57b2d44fda,0,1,0.0,0,0.0,7584.0,3296.66,,0
acct_ae8a9a860e,0,1,0.0,0,0.0,6144.0,2545.54,,0
acct_4e13decd41,0,1,0.0,0,0.0,6384.0,1280.18,,0
acct_8b8d36a08d,0,1,0.0,0,0.0,8784.0,3033.5860000000002,,0
acct_068b1754be,0,1,0.0,0,0.0,3960.0,3031.6699999999996,,0
acct_860fe8af04,0,1,0.0,0,0.0,0.0,4759.57,,0
acct_1b09e1c037,0,1,0.0,0,0.0,0.0,4037.4,,0
acct_0e92b7c214,4,5,1.0,1,8583.65361111111,16021.240555555556,1834.6740000000002,,0
acct_d4a6942119,0,1,0.0,0,0.0,5160.0,3361.7650000000003,,0
acct_c92c394431,0,1,0.0,0,0.0,4776.0,2781.535,,0
acct_aa5e5ddfb0,0,1,0.0,0,0.0,6672.0,2380.7700000000004,,0
acct_c1ea28715c,0,1,0.0,0,0.0,5040.0,2262.0860000000002,,0
acct_f667d5485f,0,1,0.0,0,0.0,912.0,2988.95,,0
acct_06e54405e8,2,4,0.6666666666666666,3,51.791666666666664,53.80833333333333,3266.021666666667,ring_018,1
acct_2077b6aa2d,0,1,0.0,0,0.0,6648.0,1825.9719999999998,,0
acct_13f3f613bc,0,1,0.0,0,0.0,7824.0,1046.98,,0
acct_8f78fafc86,5,8,0.6785714285714286,3,45.07944444444445,47.26277777777778,2400.7042857142856,ring_037,1
acct_2a306c4ac3,0,1,0.0,0,0.0,0.0,1003.27,,0
acct_e275dd870d,0,1,0.0,0,0.0,0.0,615.35,,0
acct_65836d2c6c,0,1,0.0,0,0.0,4560.0,3308.536,,0
acct_ac97381efb,0,1,0.0,0,0.0,7344.0,2278.242,,0
acct_c895dd3493,0,1,0.0,0,0.0,48.0,1954.495,,0
acct_fdce8f13a7,0,1,0.0,0,0.0,5400.0,3416.5325,,0
acct_1a79f6558d,0,1,0.0,0,0.0,0.0,431.0,,0
acct_7890ccbb26,0,1,0.0,0,0.0,912.0,2807.575,,0
acct_13933061ce,0,1,0.0,0,0.0,1296.0,4560.055,,0
acct_c808777e65,0,1,0.0,0,0.0,2832.0,3252.16,,0
acct_862d1b1d77,0,1,0.0,0,0.0,7056.0,2731.0049999999997,,0
acct_1b8d5b7c25,2,4,0.6666666666666666,2,8.039722222222222,10.339722222222223,2570.98375,ring_000,1
acct_15d0846bac,0,1,0.0,0,0.0,2256.0,3621.2349999999997,,0
acct_dae3f8d0f7,0,1,0.0,0,0.0,6504.0,3333.028,,0
acct_3a5aae5e7c,0,1,0.0,0,0.0,7440.0,2350.145,,0
acct_f7e9fdf46d,0,1,0.0,0,0.0,2208.0,2519.565,,0
acct_b54b08cfb7,0,1,0.0,0,0.0,6840.0,2017.666,,0
acct_dc788f3ceb,0,1,0.0,0,0.0,3744.0,1853.85,,0
acct_acf6b5e28d,5,6,0.7333333333333333,3,30.106666666666666,32.84,3027.1691666666666,ring_036,1
acct_59e2b4caed,0,1,0.0,0,0.0,1152.0,2886.005,,0
acct_928cd93822,0,1,0.0,0,0.0,0.0,2435.05,,0
acct_990572ead5,0,1,0.0,0,0.0,5064.0,1946.0966666666666,,0
acct_b395fcebc8,0,1,0.0,0,0.0,6072.0,2043.61,,0
acct_9136bc5234,0,1,0.0,0,0.0,3144.0,2987.825,,0
acct_2c99abfbc5,0,1,0.0,0,0.0,4752.0,4325.400000000001,,0
acct_2a33877697,0,1,0.0,0,0.0,8208.0,815.725,,0
acct_797b8af1b1,0,1,0.0,0,0.0,4800.0,1601.404,,0
acct_ca90098a55,0,1,0.0,0,0.0,1512.0,2747.585,,0
acct_20c556b9a6,0,1,0.0,0,0.0,6528.0,2925.368,,0
acct_1462880234,0,1,0.0,0,0.0,0.0,2956.36,,0
acct_b9058927fc,0,1,0.0,0,0.0,5448.0,3432.413333333334,,0
acct_1dbc3e59ff,0,1,0.0,0,0.0,0.0,4927.09,,0
acct_274f0e5c2e,0,1,0.0,0,0.0,7032.0,2885.6159999999995,,0
acct_f6083fd06b,2,3,1.0,1,3798.8547222222223,8682.932222222222,3613.54,,0
acct_5fb6db4fd6,0,1,0.0,0,0.0,3120.0,1430.3874999999998,,0
acct_cc2815861e,0,1,0.0,0,0.0,0.0,4603.41,,0
acct_b7d436eb49,0,1,0.0,0,0.0,6312.0,1560.1633333333336,,0
acct_217d8e885a,0,1,0.0,0,0.0,8112.0,2168.1980000000003,,0
acct_0df0e549eb,0,1,0.0,0,0.0,6504.0,848.9533333333334,,0
acct_6ddb48b129,0,1,0.0,0,0.0,3168.0,4092.6549999999997,,0
acct_18fd77dbbb,0,1,0.0,0,0.0,6600.0,1666.5566666666666,,0
acct_a8447f3a49,2,3,1.0,1,15.0025,17.669166666666666,2601.3412500000004,ring_009,1
acct_451ba91768,0,1,0.0,0,0.0,7920.0,2569.906666666667,,0
acct_48f4f8915a,0,1,0.0,0,0.0,0.0,2111.82,,0
acct_9e9defe55c,0,1,0.0,0,0.0,6960.0,2347.936666666667,,0
acct_de384a304c,0,1,0.0,0,0.0,1056.0,1545.16,,0
acct_49e2793eaf,0,1,0.0,0,0.0,1920.0,2202.63,,0
acct_cbbb492bca,0,1,0.0,0,0.0,2544.0,3819.79,,0
acct_c2f6542662,0,1,0.0,0,0.0,8904.0,1863.4299999999998,,0
acct_4d5ea8e190,0,1,0.0,0,0.0,6840.0,3750.2525,,0
acct_360b048c0e,0,1,0.0,0,0.0,5784.0,2183.175,,0
