txn_id,account_id,timestamp,amount,merchant_id
txn_3ec6705b9ccf,acct_5bddbfb4cc,2026-09-11T21:27:29,4849.39,merchant_demo_001
txn_89c6c48d3617,acct_5bddbfb4cc,2026-11-14T21:27:29,4662.02,merchant_demo_001
txn_a04e9b6304cb,acct_5bddbfb4cc,2026-10-10T21:27:29,1766.17,merchant_demo_001
txn_909e0f309fdd,acct_c24cc6f461,2026-07-31T04:27:43,3241.19,merchant_demo_001
txn_1052e3dfcb00,acct_c24cc6f461,2025-12-15T04:27:43,985.85,merchant_demo_001
txn_71773f560f83,acct_c24cc6f461,2025-07-30T04:27:43,4365.38,merchant_demo_001
txn_bfa53d0e03e2,acct_c24cc6f461,2025-11-14T04:27:43,4182.99,merchant_demo_001
txn_c053ecb6aec6,acct_5786b5ad34,2026-07-22T04:42:01,1712.59,merchant_demo_001
txn_90b30983aa92,acct_5786b5ad34,2026-06-18T04:42:01,1746.82,merchant_demo_001
txn_aa7006d17b4e,acct_5786b5ad34,2026-07-22T04:42:01,3944.78,merchant_demo_001
txn_4e7566190345,acct_5786b5ad34,2026-05-01T04:42:01,2987.12,merchant_demo_001
txn_531e2363a9ce,acct_5786b5ad34,2026-08-17T04:42:01,2674.32,merchant_demo_001
txn_5891b772cf77,acct_7be2602a2b,2026-08-16T16:52:17,2317.14,merchant_demo_001
txn_3e7fa20498f2,acct_7be2602a2b,2026-10-18T16:52:17,703.17,merchant_demo_001
txn_fb917b384ed8,acct_7be2602a2b,2026-06-06T16:52:17,900.1,merchant_demo_001
txn_c656efd61014,acct_7be2602a2b,2026-05-14T16:52:17,1172.57,merchant_demo_001
txn_e74dbbce2391,acct_7be2602a2b,2026-07-10T16:52:17,4855.08,merchant_demo_001
txn_953580a71092,acct_bbab1471b1,2026-04-13T16:09:18,1797.95,merchant_demo_001
txn_35b252a450f0,acct_01f28f58a1,2025-11-03T16:31:39,3112.22,merchant_demo_001
txn_6f17b98eb167,acct_01f28f58a1,2025-10-31T16:31:39,3573.47,merchant_demo_001
txn_58ef7f9a9b22,acct_01f28f58a1,2026-01-03T16:31:39,952.29,merchant_demo_001
txn_de9e70453305,acct_01f28f58a1,2025-11-07T16:31:39,4204.69,merchant_demo_001
txn_bbb467633f42,acct_22e7a3ecb5,2025-08-29T11:15:52,1227.63,merchant_demo_001
txn_fc839d5741c3,acct_22e7a3ecb5,2025-06-29T11:15:52,4969.18,merchant_demo_001
txn_30140b59e7ff,acct_0291586fbf,2026-01-21T13:52:35,2232.4,merchant_demo_001
txn_2b3325fa1734,acct_0291586fbf,2026-05-26T13:52:35,963.26,merchant_demo_001
txn_3d2bdb66fe7d,acct_0291586fbf,2026-09-01T13:52:35,3550.32,merchant_demo_001
txn_2a797c0a2515,acct_0291586fbf,2026-10-24T13:52:35,1618.87,merchant_demo_001
txn_1c66514aff2c,acct_0291586fbf,2026-05-13T13:52:35,782.32,merchant_demo_001
txn_881831b3342c,acct_4d45f764ba,2027-01-24T00:18:06,4878.56,merchant_demo_001
txn_a2c061725bf4,acct_4d45f764ba,2027-01-21T00:18:06,1542.72,merchant_demo_001
txn_d2a16c1ef62c,acct_4d45f764ba,2026-05-05T00:18:06,2052.58,merchant_demo_001
txn_4baf33fa9441,acct_4d45f764ba,2027-01-03T00:18:06,3854.16,merchant_demo_001
txn_ac133ea82d5c,acct_bf980f887b,2025-07-05T11:43:35,822.46,merchant_demo_001
txn_ab8f9c664a96,acct_bf980f887b,2026-02-05T11:43:35,2753.42,merchant_demo_001
txn_5ed362cc4be6,acct_bf980f887b,2025-10-09T11:43:35,1689.84,merchant_demo_001
txn_cfe63bec121d,acct_bf980f887b,2026-01-19T11:43:35,1513.01,merchant_demo_001
txn_0d20e83a1cca,acct_63e65f2017,2026-12-11T02:36:32,4904.41,merchant_demo_001
txn_ac153c3b5b4c,acct_63e65f2017,2026-09-09T02:36:32,3351.09,merchant_demo_001
txn_8e33e4685d40,acct_63e65f2017,2026-09-05T02:36:32,3656.29,merchant_demo_001
txn_e8fbf649ca6a,acct_b6f8e5293a,2026-01-14T09:27:21,3461.28,merchant_demo_001
txn_826ec8d2f03b,acct_b6f8e5293a,2026-02-08T09:27:21,2420.96,merchant_demo_001
txn_022740e4a7f8,acct_ed603feb6f,2025-12-15T08:42:44,3406.14,merchant_demo_001
txn_b50e556f3a31,acct_67714e4b65,2026-10-18T06:53:33,172.74,merchant_demo_001
txn_09e2f4bc2937,acct_2f8cf551c8,2026-05-05T11:31:07,2257.56,merchant_demo_001
txn_1661e9c940c7,acct_2f8cf551c8,2026-03-01T11:31:07,1665.51,merchant_demo_001
txn_80549b787591,acct_2f8cf551c8,2026-11-20T11:31:07,3224.5,merchant_demo_001
txn_c795d2f3b671,acct_2f8cf551c8,2026-11-07T11:31:07,2655.85,merchant_demo_001
txn_f7daf266dd3b,acct_2f8cf551c8,2027-02-17T11:31:07,4681.54,merchant_demo_001
txn_92a341414030,acct_7c3faa7a9e,2025-05-03T11:36:57,161.62,merchant_demo_001
txn_8bef3d833669,acct_7c3faa7a9e,2025-10-25T11:36:57,4254.78,merchant_demo_001
txn_43a0a27dcbc1,acct_7c3faa7a9e,2026-01-04T11:36:57,3374.21,merchant_demo_001
txn_0f4b56fc25a3,acct_948e2464a8,2027-03-14T23:24:09,2002.4,merchant_demo_001
txn_adfa7738b905,acct_7bd50b4ae3,2026-10-14T03:40:39,3035.7,merchant_demo_001
txn_c9aed241088a,acct_7bd50b4ae3,2027-01-21T03:40:39,4719.84,merchant_demo_001
txn_bd7d344c3590,acct_7bd50b4ae3,2027-04-11T03:40:39,1837.27,merchant_demo_001
txn_9aed765f1d99,acct_7bd50b4ae3,2026-07-19T03:40:39,3594.02,merchant_demo_001
txn_40abb6c96023,acct_1a03d56349,2026-03-29T09:00:29,1961.26,merchant_demo_001
txn_046e739f59b8,acct_1a03d56349,2025-09-27T09:00:29,1459.02,merchant_demo_001
txn_d82cb279446c,acct_1a03d56349,2026-03-19T09:00:29,1575.02,merchant_demo_001
txn_a7e0bae87a1b,acct_1a03d56349,2026-05-07T09:00:29,4377.79,merchant_demo_001
txn_ade8006b57bd,acct_8928b0213f,2026-07-29T02:33:25,3652.87,merchant_demo_001
txn_14ac0191edc9,acct_eb2e03fa5c,2026-05-30T23:26:38,4963.36,merchant_demo_001
txn_fd5373f32987,acct_eb2e03fa5c,2025-12-28T23:26:38,1478.74,merchant_demo_001
txn_c322a8d3fb41,acct_eb2e03fa5c,2026-05-23T23:26:38,4853.29,merchant_demo_001
txn_f0eac806d662,acct_eb2e03fa5c,2025-12-19T23:26:38,3656.6,merchant_demo_001
txn_963c55b4c80e,acct_73bf46c1bc,2025-07-11T20:13:10,4185.78,merchant_demo_001
txn_d557b249a45f,acct_73bf46c1bc,2026-03-03T20:13:10,476.09,merchant_demo_001
txn_c455c1eafb0a,acct_73bf46c1bc,2025-08-15T20:13:10,1550.99,merchant_demo_001
txn_7d5b5925c9d7,acct_73bf46c1bc,2026-01-24T20:13:10,4933.86,merchant_demo_001
txn_f8e70052123b,acct_e3e94784f6,2025-12-10T08:46:49,3792.76,merchant_demo_001
txn_37d35a117c8e,acct_be94d29af8,2025-09-17T22:23:48,2076.83,merchant_demo_001
txn_2c266e2a7b86,acct_d7b41bb7ab,2027-01-22T00:44:12,915.72,merchant_demo_001
txn_14feca0382ae,acct_d7b41bb7ab,2027-02-15T00:44:12,3565.72,merchant_demo_001
txn_3a1f7937d5f1,acct_d7b41bb7ab,2027-07-15T00:44:12,4578.62,merchant_demo_001
txn_9f2d92f0b9fd,acct_ec9abf4708,2025-12-03T02:38:17,4169.8,merchant_demo_001
txn_fe5c296d7909,acct_ec9abf4708,2026-01-25T02:38:17,2791.64,merchant_demo_001
txn_fe55f763dedf,acct_b88ad98571,2025-10-18T00:43:09,4181.2,merchant_demo_001
txn_79a01133ca4e,acct_b1b1e5e18d,2026-06-27T11:08:50,2818.44,merchant_demo_001
txn_85082b7e33b4,acct_b1b1e5e18d,2026-06-12T11:08:50,1161.38,merchant_demo_001
txn_5819cac4ebd3,acct_b1b1e5e18d,2025-10-19T11:08:50,812.42,merchant_demo_001
txn_ce20853e218a,acct_a6e7ab3b94,2026-10-04T21:30:48,4179.5,merchant_demo_001
txn_8d7aaf378666,acct_a6e7ab3b94,2026-07-10T21:30:48,664.68,merchant_demo_001
txn_7fd17efba2cd,acct_a6e7ab3b94,2026-10-17T21:30:48,4468.8,merchant_demo_001
txn_c3b0ae0b682c,acct_fb7ba70f1a,2026-07-31T18:27:50,2484.84,merchant_demo_001
txn_8f6593ec938c,acct_fb7ba70f1a,2027-04-18T18:27:50,3241.69,merchant_demo_001
txn_db9881f1cba1,acct_fb7ba70f1a,2026-05-15T18:27:50,640.81,merchant_demo_001
txn_036082c32f3f,acct_fb7ba70f1a,2026-09-19T18:27:50,2490.6,merchant_demo_001
txn_ecdc84fa3cf4,acct_681936b051,2026-12-31T18:32:24,3740.55,merchant_demo_001
txn_b4d5f33e0159,acct_c91dd19204,2026-10-21T12:54:31,2849.59,merchant_demo_001
txn_124aa5c3539b,acct_c91dd19204,2026-06-29T12:54:31,3158.58,merchant_demo_001
txn_9e0f8184ff9e,acct_c91dd19204,2026-10-18T12:54:31,4872.58,merchant_demo_001
txn_636a7f977ee7,acct_c91dd19204,2026-04-19T12:54:31,1897.35,merchant_demo_001
txn_61d7d3cd66be,acct_c91dd19204,2027-02-27T12:54:31,2897.56,merchant_demo_001
txn_be507897d8e7,acct_2b104bdfa9,2026-03-26T07:21:46,2929.19,merchant_demo_001
txn_1fc399af59dd,acct_2b104bdfa9,2026-03-17T07:21:46,1632.42,merchant_demo_001
txn_a8d8aa9ae567,acct_2b104bdfa9,2026-12-22T07:21:46,720.71,merchant_demo_001
txn_c76660a6fe9a,acct_4457fa39c2,2026-08-12T20:16:08,1399.72,merchant_demo_001
txn_fc8714271b59,acct_4457fa39c2,2027-02-15T20:16:08,3199.42,merchant_demo_001
txn_cb24b24e5fed,acct_747d4961fb,2026-05-21T08:14:18,1484.79,merchant_demo_001
txn_e6f2b6ea9659,acct_747d4961fb,2027-01-23T08:14:18,3212.79,merchant_demo_001
txn_a34a5c281f0b,acct_747d4961fb,2026-06-05T08:14:18,2593.64,merchant_demo_001
txn_5a2e5b406866,acct_b3a0b3e535,2026-02-02T08:26:16,517.82,merchant_demo_001
txn_3b40b668899a,acct_b3a0b3e535,2026-01-27T08:26:16,877.32,merchant_demo_001
txn_5241aec983a0,acct_dc7216e275,2025-11-12T06:07:18,4142.77,merchant_demo_001
txn_f5f1f36712b5,acct_dc7216e275,2025-11-12T07:42:18,4009.39,merchant_demo_001
txn_92883baf550b,acct_bb77926ce5,2026-01-10T04:41:24,3504.94,merchant_demo_001
txn_60911c213ffd,acct_bb77926ce5,2025-07-29T04:41:24,524.38,merchant_demo_001
txn_9db5c9d2f9fa,acct_bb77926ce5,2025-11-17T04:41:24,1790.57,merchant_demo_001
txn_61914344eaf3,acct_7cbfeb4002,2025-10-29T07:34:49,727.9,merchant_demo_001
txn_c55615e9fb7e,acct_7cbfeb4002,2026-03-16T07:34:49,1896.42,merchant_demo_001
txn_8e634264b78f,acct_0ec2a8ae51,2026-04-27T22:35:52,1734.55,merchant_demo_001
txn_72f3107e4436,acct_0ec2a8ae51,2025-12-21T22:35:52,556.97,merchant_demo_001
txn_717bd1b9e4f8,acct_0ec2a8ae51,2025-12-17T22:35:52,2541.75,merchant_demo_001
txn_89c7f938040e,acct_0ec2a8ae51,2026-01-03T22:35:52,3985.78,merchant_demo_001
txn_e38bbe804c3b,acct_d092ab1080,2026-05-18T23:44:52,3463.78,merchant_demo_001
txn_38a8b5121b50,acct_d092ab1080,2026-04-03T23:44:52,4238.05,merchant_demo_001
txn_d32d89d12477,acct_d092ab1080,2026-07-07T23:44:52,2778.01,merchant_demo_001
txn_3d0b45e5eab9,acct_d092ab1080,2026-07-30T23:44:52,4022.77,merchant_demo_001
txn_e4f8bd098c3e,acct_d092ab1080,2026-02-06T23:44:52,2329.43,merchant_demo_001
txn_00ec9b1017b2,acct_2796013426,2026-05-05T13:12:21,4103.28,merchant_demo_001
txn_727fbc596f65,acct_f2ea507e52,2026-12-20T00:01:39,1773.64,merchant_demo_001
txn_3360248abe84,acct_b7db7f36b8,2025-11-28T01:27:56,738.12,merchant_demo_001
txn_eddcb58223ef,acct_b7db7f36b8,2025-11-28T01:48:56,4454.15,merchant_demo_001
txn_2ca2df157831,acct_b7db7f36b8,2025-11-28T02:27:56,2639.45,merchant_demo_001
txn_93982894c941,acct_a7d42846d8,2025-05-21T08:25:59,3563.98,merchant_demo_001
txn_3f156defa3d4,acct_a7d42846d8,2025-03-08T08:25:59,3735.08,merchant_demo_001
txn_7b6a77bef152,acct_a7d42846d8,2025-04-23T08:25:59,1150.67,merchant_demo_001
txn_87a1dec5c4b9,acct_35eb8de9d6,2026-04-04T05:44:59,1171.54,merchant_demo_001
txn_fea8fc598afa,acct_35eb8de9d6,2025-06-20T05:44:59,1088.71,merchant_demo_001
txn_43e09fb07b4f,acct_400dd527cb,2026-07-09T16:36:42,3469.55,merchant_demo_001
txn_556553588f85,acct_62bd9af5a5,2026-04-06T03:15:04,143.09,merchant_demo_001
txn_331417a51d28,acct_55635fbda0,2026-02-20T21:41:03,2184.67,merchant_demo_001
txn_267697b3fec9,acct_55635fbda0,2025-05-09T21:41:03,583.7,merchant_demo_001
txn_f1cf3b288388,acct_55635fbda0,2026-01-01T21:41:03,2591.72,merchant_demo_001
txn_530db8efb9e6,acct_55635fbda0,2025-02-28T21:41:03,2371.96,merchant_demo_001
txn_9c2febd5de12,acct_e0b63a33d1,2026-05-22T02:03:54,377.92,merchant_demo_001
txn_30d13c7288f1,acct_e0b63a33d1,2027-04-06T02:03:54,100.85,merchant_demo_001
txn_ff43c00d92a8,acct_e0b63a33d1,2026-06-18T02:03:54,3922.74,merchant_demo_001
txn_9fff0c10c951,acct_954eee506a,2025-08-28T00:43:52,2958.64,merchant_demo_001
txn_24331109fdb0,acct_954eee506a,2025-08-25T00:43:52,964.67,merchant_demo_001
txn_97b940a40fcc,acct_954eee506a,2025-11-10T00:43:52,194.83,merchant_demo_001
txn_13986608be38,acct_954eee506a,2025-07-28T00:43:52,4237.01,merchant_demo_001
txn_5fe7f77ef16e,acct_954eee506a,2025-10-04T00:43:52,4746.52,merchant_demo_001
txn_ac6444062b72,acct_cf7ab182c9,2026-01-05T17:47:29,844.76,merchant_demo_001
txn_cd6674aa505d,acct_cf7ab182c9,2026-03-22T17:47:29,3914.97,merchant_demo_001
txn_2113fb3b57e5,acct_cf7ab182c9,2026-05-18T17:47:29,1247.02,merchant_demo_001
txn_b4f533327125,acct_876b41f88c,2026-03-31T05:16:10,540.57,merchant_demo_001
txn_2bc1ce52c3dd,acct_876b41f88c,2026-12-18T05:16:10,3828.06,merchant_demo_001
txn_98c5d596c7a5,acct_876b41f88c,2026-11-22T05:16:10,1124.14,merchant_demo_001
txn_a2ef50fff5c7,acct_876b41f88c,2026-06-03T05:16:10,4823.11,merchant_demo_001
txn_5679c4a95df7,acct_876b41f88c,2026-05-23T05:16:10,4513.22,merchant_demo_001
txn_2b65612bfbc5,acct_763aad3b5f,2026-06-15T18:01:23,4869.22,merchant_demo_001
txn_c09374f31db6,acct_763aad3b5f,2026-08-02T18:01:23,4624.95,merchant_demo_001
txn_3a726553eb85,acct_763aad3b5f,2027-02-26T18:01:23,4263.92,merchant_demo_001
txn_3425c3473e51,acct_763aad3b5f,2027-02-11T18:01:23,1863.99,merchant_demo_001
txn_71cea8744b71,acct_763aad3b5f,2027-04-10T18:01:23,966.37,merchant_demo_001
txn_afa833cd91e4,acct_f8c8ba02f3,2025-06-02T15:56:24,4181.97,merchant_demo_001
txn_f4683ec04524,acct_1b5ce1d0cc,2026-03-02T11:15:19,1110.66,merchant_demo_001
txn_23a905a22179,acct_1b5ce1d0cc,2025-11-21T11:15:19,2067.51,merchant_demo_001
txn_b7676dc1b004,acct_1b5ce1d0cc,2026-08-21T11:15:19,4923.83,merchant_demo_001
txn_e81319cb94f6,acct_1b5ce1d0cc,2025-09-29T11:15:19,2356.21,merchant_demo_001
txn_651e26dc1a7c,acct_63c77914cd,2026-07-06T11:14:51,2504.29,merchant_demo_001
txn_269c1d4415fb,acct_63c77914cd,2026-10-29T11:14:51,3538.42,merchant_demo_001
txn_035e029e85cf,acct_63c77914cd,2027-02-07T11:14:51,3624.58,merchant_demo_001
txn_bbc0958abb9e,acct_63c77914cd,2026-06-09T11:14:51,1674.17,merchant_demo_001
txn_282bb1d8418c,acct_63c77914cd,2026-06-26T11:14:51,1954.67,merchant_demo_001
txn_f79d80e4e636,acct_332c78fda2,2026-08-09T23:14:55,3694.06,merchant_demo_001
txn_88ba185fe982,acct_332c78fda2,2026-09-22T23:14:55,4882.09,merchant_demo_001
txn_54d42e556351,acct_332c78fda2,2026-05-21T23:14:55,1168.07,merchant_demo_001
txn_14771c10e38e,acct_332c78fda2,2026-05-02T23:14:55,1488.42,merchant_demo_001
txn_766a0cdc9ad4,acct_6be2b2a338,2026-07-25T01:24:27,4291.03,merchant_demo_001
txn_3f0174c8b187,acct_6be2b2a338,2026-12-19T01:24:27,4698.46,merchant_demo_001
txn_2d46a2f9f035,acct_6be2b2a338,2026-10-25T01:24:27,937.52,merchant_demo_001
txn_042e6ce6907f,acct_6be2b2a338,2027-03-31T01:24:27,2483.66,merchant_demo_001
txn_5a4174af16bc,acct_5c4802df1f,2025-04-05T23:41:15,2218.39,merchant_demo_001
txn_4020fa2bdcaf,acct_8694216600,2026-06-16T14:39:30,759.67,merchant_demo_001
txn_e336804ffad1,acct_c0e00c4e71,2026-03-08T21:05:50,2973.26,merchant_demo_001
txn_9ec4bf5e9b45,acct_c0e00c4e71,2026-03-08T18:34:50,3720.09,merchant_demo_001
txn_11423002a511,acct_71a2fb24b1,2025-08-09T18:19:13,1850.36,merchant_demo_001
txn_24d99768c648,acct_71a2fb24b1,2025-10-16T18:19:13,1726.23,merchant_demo_001
txn_060d56fb28da,acct_8f27c03596,2026-09-26T02:04:44,657.67,merchant_demo_001
txn_53d92c59be8e,acct_8f27c03596,2026-10-07T02:04:44,3639.74,merchant_demo_001
txn_ce6a4b12d662,acct_8f27c03596,2026-07-24T02:04:44,3835.84,merchant_demo_001
txn_a82c57a53679,acct_8f27c03596,2027-03-31T02:04:44,2930.5,merchant_demo_001
txn_8fbffa9b9ac8,acct_8f27c03596,2026-07-21T02:04:44,3793.7,merchant_demo_001
txn_31555f313ac9,acct_affe5f0164,2025-07-16T13:22:03,2405.34,merchant_demo_001
txn_498381ac926f,acct_affe5f0164,2025-11-19T13:22:03,4753.19,merchant_demo_001
txn_c765590e719f,acct_affe5f0164,2025-09-20T13:22:03,2581.5,merchant_demo_001
txn_bcc87717151f,acct_affe5f0164,2025-03-31T13:22:03,3851.6,merchant_demo_001
txn_da5132965fd0,acct_60a9f16147,2026-02-12T01:39:17,1290.91,merchant_demo_001
txn_12fde6b7ffbb,acct_6b8d3320b7,2026-02-12T01:23:22,3160.44,merchant_demo_001
txn_fd68bb078486,acct_6b8d3320b7,2026-02-12T00:58:22,197.13,merchant_demo_001
txn_38aadc959a8d,acct_681e463018,2025-08-13T05:06:54,2515.77,merchant_demo_001
txn_2a42baec4330,acct_51f2d78de3,2025-09-21T18:27:54,1944.03,merchant_demo_001
txn_c36281c2ba27,acct_fd9af601b5,2025-04-23T00:36:29,1548.63,merchant_demo_001
txn_9a01edd7ab29,acct_fd9af601b5,2025-12-20T00:36:29,526.85,merchant_demo_001
txn_b3e0dcc84c3e,acct_fd9af601b5,2025-03-15T00:36:29,3322.35,merchant_demo_001
txn_1fbba1ca7d2a,acct_1da3b320b7,2025-05-11T03:06:41,3974.02,merchant_demo_001
txn_8e47fdfbdcf5,acct_1da3b320b7,2025-05-11T01:51:41,1503.14,merchant_demo_001
txn_03467e04e54a,acct_1da3b320b7,2025-05-11T03:07:41,2476.74,merchant_demo_001
txn_4f514ef94cf4,acct_f62437ebd2,2026-09-16T23:59:09,1750.9,merchant_demo_001
txn_6dfcbfdf3429,acct_f62437ebd2,2026-09-15T23:59:09,2755.77,merchant_demo_001
txn_0c0e21dfacdc,acct_f62437ebd2,2027-01-08T23:59:09,206.41,merchant_demo_001
txn_02781a0b12d5,acct_f15111541e,2025-08-22T08:56:59,1948.97,merchant_demo_001
txn_4c5975ee4337,acct_f15111541e,2025-12-01T08:56:59,4271.73,merchant_demo_001
txn_b9c70a3f5438,acct_f15111541e,2026-02-04T08:56:59,2325.3,merchant_demo_001
txn_f6c910f8d512,acct_f15111541e,2025-07-09T08:56:59,925.5,merchant_demo_001
txn_6ae60f70ed37,acct_ec5a167ca2,2026-08-31T10:35:28,862.51,merchant_demo_001
txn_b4aa3437d73b,acct_ec5a167ca2,2026-04-12T10:35:28,715.72,merchant_demo_001
txn_c8157152e58b,acct_ec5a167ca2,2026-09-05T10:35:28,1975.95,merchant_demo_001
txn_2b948b019911,acct_bad3bdef78,2027-03-04T07:55:44,3391.37,merchant_demo_001
txn_b624c00b3e4d,acct_1ea2a4ecd1,2026-06-27T13:17:44,2719.99,merchant_demo_001
txn_85825753cdb7,acct_1ea2a4ecd1,2026-03-09T13:17:44,2405.76,merchant_demo_001
txn_08609f8e7ade,acct_1ea2a4ecd1,2025-09-30T13:17:44,2558.09,merchant_demo_001
txn_4bec8535c037,acct_1ea2a4ecd1,2026-01-28T13:17:44,1353.79,merchant_demo_001
txn_956530d71e20,acct_1ea2a4ecd1,2026-05-10T13:17:44,4855.81,merchant_demo_001
txn_c96bd3169067,acct_0e5d24405b,2026-02-24T09:43:06,1796.18,merchant_demo_001
txn_e2eec0619652,acct_0e5d24405b,2025-08-07T09:43:06,1636.39,merchant_demo_001
txn_da0f41a172ff,acct_0e5d24405b,2025-03-29T09:43:06,2972.79,merchant_demo_001
txn_c84b41ce7480,acct_0e5d24405b,2025-05-19T09:43:06,4192.82,merchant_demo_001
txn_625161a394df,acct_0e5d24405b,2025-09-09T09:43:06,4057.29,merchant_demo_001
txn_0f2457807379,acct_35d53ecdf6,2025-12-26T08:28:20,3837.71,merchant_demo_001
txn_b143743c7868,acct_35d53ecdf6,2026-10-29T08:28:20,1739.22,merchant_demo_001
txn_429603d65e53,acct_35d53ecdf6,2026-01-31T08:28:20,2169.33,merchant_demo_001
txn_029f3a915676,acct_35d53ecdf6,2026-06-13T08:28:20,2089.05,merchant_demo_001
txn_f7eb5bd70456,acct_35d53ecdf6,2026-01-10T08:28:20,3323.14,merchant_demo_001
txn_d74162a89921,acct_ae7b93b123,2025-05-16T01:19:50,3258.01,merchant_demo_001
txn_7b4a5869fb7e,acct_ae7b93b123,2025-11-15T01:19:50,470.46,merchant_demo_001
txn_cadabc9b0780,acct_dd64befe88,2026-07-18T06:19:00,616.63,merchant_demo_001
txn_4c7e46f2545f,acct_b0725aebb5,2025-02-13T21:38:40,2715.16,merchant_demo_001
txn_3c24e4523814,acct_b0725aebb5,2025-02-22T21:38:40,2331.5,merchant_demo_001
txn_010b00c29d4e,acct_65702b2409,2026-09-06T12:52:24,2598.06,merchant_demo_001
txn_45ede65c4da2,acct_65702b2409,2026-06-23T12:52:24,1369.76,merchant_demo_001
txn_4e43baa04df0,acct_65702b2409,2026-11-11T12:52:24,2375.01,merchant_demo_001
txn_45d67718e61c,acct_65702b2409,2025-12-01T12:52:24,4929.54,merchant_demo_001
txn_3a5d5c77ea69,acct_1cd021b6c9,2027-05-01T12:52:59,1981.99,merchant_demo_001
txn_cb5de89ec61e,acct_1cd021b6c9,2027-05-02T12:52:59,533.74,merchant_demo_001
txn_ccd2078da693,acct_1cd021b6c9,2027-03-20T12:52:59,545.28,merchant_demo_001
txn_8a2b81ef9328,acct_1cd021b6c9,2027-06-23T12:52:59,1069.25,merchant_demo_001
txn_f15522d7dedc,acct_3106d52524,2026-10-06T13:11:23,4066.71,merchant_demo_001
txn_490b6a2da5a8,acct_3106d52524,2026-12-29T13:11:23,1730.72,merchant_demo_001
txn_990d6c6ed2d5,acct_3106d52524,2026-12-02T13:11:23,1532.63,merchant_demo_001
txn_fdc16d4a44bc,acct_3106d52524,2026-09-02T13:11:23,1048.71,merchant_demo_001
txn_3d4c48ff866f,acct_9824e154ba,2026-08-11T22:22:08,1109.7,merchant_demo_001
txn_baf4e3b655e2,acct_9cae875e03,2025-12-02T03:22:57,1521.74,merchant_demo_001
txn_5b8a2563694d,acct_9cae875e03,2026-08-28T03:22:57,2040.04,merchant_demo_001
txn_bf3d5ba9e7bc,acct_9cae875e03,2026-03-03T03:22:57,3141.63,merchant_demo_001
txn_0f179ee7029b,acct_e0c6c8b9f5,2026-07-11T09:56:38,4228.73,merchant_demo_001
txn_86e584edcd25,acct_bc913cf605,2025-11-12T00:58:06,1717.35,merchant_demo_001
txn_df8e2265bc7e,acct_cdee05d761,2025-12-13T10:07:10,4015.87,merchant_demo_001
txn_60ef744692ff,acct_7dce27f8ec,2027-01-01T10:38:48,1088.21,merchant_demo_001
txn_286cbc9b444b,acct_7dce27f8ec,2026-07-06T10:38:48,3275.11,merchant_demo_001
txn_7123c02830d9,acct_7dce27f8ec,2026-10-29T10:38:48,2547.97,merchant_demo_001
txn_e86cc0b72ee9,acct_7dce27f8ec,2026-10-28T10:38:48,2192.91,merchant_demo_001
txn_0017fe3edcc6,acct_0cc060cf5b,2026-08-26T11:31:09,1040.38,merchant_demo_001
txn_7e0cb29f08ee,acct_0cc060cf5b,2026-10-10T11:31:09,1293.76,merchant_demo_001
txn_6112a7d9a539,acct_0cc060cf5b,2026-12-07T11:31:09,2293.48,merchant_demo_001
txn_15200ecf8020,acct_0cc060cf5b,2027-04-13T11:31:09,2760.43,merchant_demo_001
txn_4dba6899acf3,acct_0cc060cf5b,2026-03-28T11:31:09,3157.83,merchant_demo_001
txn_d3519aa62066,acct_b931c7406a,2025-07-03T02:50:07,2905.37,merchant_demo_001
txn_a7c01fe96890,acct_b931c7406a,2025-07-17T02:50:07,3320.99,merchant_demo_001
txn_809c42090bcf,acct_b931c7406a,2026-04-14T02:50:07,4693.61,merchant_demo_001
txn_2c9ce25f2cfe,acct_b931c7406a,2025-08-14T02:50:07,4688.96,merchant_demo_001
txn_3115b81f3224,acct_b931c7406a,2025-12-27T02:50:07,4054.22,merchant_demo_001
txn_8e93e88dc5ea,acct_6d8abeb3f5,2026-07-21T22:02:51,3646.74,merchant_demo_001
txn_2a109b6f4d46,acct_6d8abeb3f5,2025-11-04T22:02:51,2635.23,merchant_demo_001
txn_1083d97420d6,acct_6d8abeb3f5,2026-04-09T22:02:51,2339.31,merchant_demo_001
txn_c618d322802a,acct_6d8abeb3f5,2026-02-05T22:02:51,794.84,merchant_demo_001
txn_fdb5ee91b9c0,acct_16f61b9ed8,2026-08-23T00:46:55,2080.79,merchant_demo_001
txn_d85344a1734d,acct_16f61b9ed8,2026-02-14T00:46:55,3187.94,merchant_demo_001
txn_a64c7bb43313,acct_16f61b9ed8,2026-08-12T00:46:55,1371.33,merchant_demo_001
txn_9cdbd487987a,acct_bf86c41d32,2026-07-07T05:29:37,844.89,merchant_demo_001
txn_63f2513f0614,acct_bf86c41d32,2026-07-28T05:29:37,3026.1,merchant_demo_001
txn_a74f3b845606,acct_bf86c41d32,2026-03-06T05:29:37,1230.49,merchant_demo_001
txn_3d7efb579d70,acct_d915ab61d0,2025-04-17T21:10:39,187.14,merchant_demo_001
txn_7818f9e1c38f,acct_d915ab61d0,2025-06-16T21:10:39,2347.59,merchant_demo_001
txn_a40d8b806834,acct_ce6335a62c,2026-02-11T00:41:08,2138.99,merchant_demo_001
txn_65b01fcbb6a1,acct_ce6335a62c,2025-07-21T00:41:08,1049.85,merchant_demo_001
txn_ff510007688a,acct_ce6335a62c,2025-11-19T00:41:08,725.33,merchant_demo_001
txn_5c13dbe11326,acct_ce6335a62c,2025-11-12T00:41:08,3958.87,merchant_demo_001
txn_84ba8fea216c,acct_ce6335a62c,2025-11-22T00:41:08,3310.42,merchant_demo_001
txn_a4c134ad47ae,acct_209ced80d5,2026-05-29T20:33:56,4269.98,merchant_demo_001
txn_9f960ca0bea4,acct_209ced80d5,2026-07-08T20:33:56,2454.92,merchant_demo_001
txn_f2c4440ea178,acct_37aa29b96c,2026-01-24T14:34:26,4304.94,merchant_demo_001
txn_4d796c731f0a,acct_35c37ac4e6,2025-06-12T04:51:30,3027.92,merchant_demo_001
txn_21833615f04c,acct_23f080a515,2026-07-31T08:59:39,4489.03,merchant_demo_001
txn_19096c1c878a,acct_9dc74e783a,2025-12-20T00:47:14,4718.65,merchant_demo_001
txn_205064d0ef09,acct_bb1d6357a8,2026-01-31T04:35:07,604.07,merchant_demo_001
txn_2f67b7484deb,acct_bb1d6357a8,2026-10-14T04:35:07,2526.23,merchant_demo_001
txn_af5544eba315,acct_42695a534d,2026-06-06T17:43:35,3337.87,merchant_demo_001
txn_a38eb2b6ed7a,acct_737726a7ff,2026-11-08T07:18:38,4661.2,merchant_demo_001
txn_4f65cbcd6031,acct_737726a7ff,2026-02-13T07:18:38,2507.43,merchant_demo_001
txn_1a704aa67c62,acct_737726a7ff,2025-11-23T07:18:38,1228.48,merchant_demo_001
txn_343a07e140ce,acct_737726a7ff,2025-12-09T07:18:38,3877.29,merchant_demo_001
txn_847caecf93db,acct_737726a7ff,2026-03-17T07:18:38,1679.97,merchant_demo_001
txn_9f944e372353,acct_8170a84e91,2026-06-18T22:49:14,1980.26,merchant_demo_001
txn_5e1ad54ba190,acct_8170a84e91,2026-06-24T22:49:14,3732.6,merchant_demo_001
txn_69854f7c23fd,acct_8170a84e91,2026-01-08T22:49:14,1129.14,merchant_demo_001
txn_ac780cd2aacc,acct_8170a84e91,2025-07-30T22:49:14,917.01,merchant_demo_001
txn_ec7d2f04fca3,acct_8170a84e91,2025-10-24T22:49:14,2225.4,merchant_demo_001
txn_92840bcf080f,acct_235d3da1ee,2027-04-04T13:17:56,326.83,merchant_demo_001
txn_4d124d7c16d3,acct_235d3da1ee,2027-03-07T13:17:56,1904.79,merchant_demo_001
txn_6c5643ebdd0e,acct_235d3da1ee,2026-08-03T13:17:56,1616.63,merchant_demo_001
txn_c90dff965db0,acct_29802d1ee6,2026-04-20T18:26:02,3429.56,merchant_demo_001
txn_687b27c0dcdd,acct_29802d1ee6,2026-01-09T18:26:02,4403.2,merchant_demo_001
txn_905f95a1da11,acct_29802d1ee6,2025-11-02T18:26:02,1846.84,merchant_demo_001
txn_62d16f79d5a7,acct_29802d1ee6,2026-08-21T18:26:02,1870.31,merchant_demo_001
txn_aeccf5b1efa6,acct_a0a0fc08a7,2025-04-12T19:52:15,3244.72,merchant_demo_001
txn_768f9b17ebda,acct_a0a0fc08a7,2026-02-06T19:52:15,222.31,merchant_demo_001
txn_1cdf908f9cc7,acct_a0a0fc08a7,2026-04-15T19:52:15,3328.01,merchant_demo_001
txn_84d166aee21f,acct_bbf2f73c10,2026-07-29T19:32:19,4591.41,merchant_demo_001
txn_b7240d1b3706,acct_bd3182e32d,2026-06-02T05:29:31,2786.0,merchant_demo_001
txn_e902a16c822f,acct_bd3182e32d,2026-07-01T05:29:31,3212.8,merchant_demo_001
txn_8af0e8319cf3,acct_c9e20b5db2,2026-04-19T00:22:58,654.17,merchant_demo_001
txn_1d10861c2b47,acct_c9e20b5db2,2025-09-02T00:22:58,4295.35,merchant_demo_001
txn_108184c07bf5,acct_c9e20b5db2,2025-11-18T00:22:58,88.94,merchant_demo_001
txn_ec3551dd8406,acct_294e90bbdc,2025-09-08T00:30:56,1539.4,merchant_demo_001
txn_1bfe49dde621,acct_294e90bbdc,2026-05-23T00:30:56,1215.53,merchant_demo_001
txn_460406e548d7,acct_294e90bbdc,2025-08-16T00:30:56,4304.11,merchant_demo_001
txn_a95c79d40cea,acct_294e90bbdc,2025-07-22T00:30:56,4583.66,merchant_demo_001
txn_5990aa19c045,acct_a3478fb5f1,2027-07-28T10:56:05,3239.93,merchant_demo_001
txn_1f4b350f3b7e,acct_a3478fb5f1,2026-07-18T10:56:05,1406.48,merchant_demo_001
txn_06d362009755,acct_a3478fb5f1,2026-08-11T10:56:05,4124.83,merchant_demo_001
txn_566326cf0311,acct_92110231a6,2026-03-15T23:29:24,3697.86,merchant_demo_001
txn_af1fb03db38e,acct_92110231a6,2026-01-03T23:29:24,3601.06,merchant_demo_001
txn_fe8475c5ae35,acct_92110231a6,2025-09-06T23:29:24,4130.78,merchant_demo_001
txn_de844e5b4d5d,acct_92110231a6,2026-07-09T23:29:24,1341.8,merchant_demo_001
txn_b40363e05bf5,acct_f03e3cf3df,2025-09-16T01:35:26,2133.31,merchant_demo_001
txn_260a4430a60d,acct_8c05fb699d,2027-03-03T08:45:04,1667.5,merchant_demo_001
txn_b59967d33d4b,acct_8c05fb699d,2027-02-09T08:45:04,185.39,merchant_demo_001
txn_054b49897d33,acct_8c05fb699d,2026-03-17T08:45:04,3224.8,merchant_demo_001
txn_5c566619bf6c,acct_8c05fb699d,2026-05-24T08:45:04,3169.27,merchant_demo_001
txn_b9b767bc629c,acct_8c05fb699d,2027-01-13T08:45:04,723.66,merchant_demo_001
txn_1647acaaa0d7,acct_5e6a2ffc80,2026-01-13T22:43:33,3160.07,merchant_demo_001
txn_cdb59df2e8ba,acct_5e6a2ffc80,2026-03-12T22:43:33,2900.26,merchant_demo_001
txn_f2dfe978f33b,acct_5e6a2ffc80,2025-11-28T22:43:33,831.22,merchant_demo_001
txn_171f12beef76,acct_5e6a2ffc80,2026-06-24T22:43:33,3582.14,merchant_demo_001
txn_3e489a6657d8,acct_b4e366a783,2026-04-22T02:51:22,3444.48,merchant_demo_001
txn_78c9bac09e47,acct_b4e366a783,2025-12-02T02:51:22,2284.88,merchant_demo_001
txn_dd244a50a542,acct_b372af926e,2025-12-06T15:13:22,908.72,merchant_demo_001
txn_f785a77e41e9,acct_b372af926e,2026-05-25T15:13:22,4142.5,merchant_demo_001
txn_9117422f5e16,acct_76fb3afd29,2026-06-01T15:57:41,467.77,merchant_demo_001
txn_1f60b01e9360,acct_76fb3afd29,2026-08-27T15:57:41,950.35,merchant_demo_001
txn_f7a0f44d939f,acct_76fb3afd29,2026-09-01T15:57:41,4726.55,merchant_demo_001
txn_7d501e8d8d54,acct_e39e83d083,2026-10-03T16:29:33,152.64,merchant_demo_001
txn_cd0f12fe58ac,acct_e39e83d083,2026-06-22T16:29:33,4619.41,merchant_demo_001
txn_3549218e6f37,acct_e39e83d083,2027-05-08T16:29:33,3079.42,merchant_demo_001
txn_e02676dd9a6f,acct_e39e83d083,2026-10-06T16:29:33,4538.88,merchant_demo_001
txn_b69763ba4445,acct_e39e83d083,2027-02-02T16:29:33,1031.42,merchant_demo_001
txn_e24b0afff640,acct_5928ad85dc,2026-06-27T22:48:43,2035.12,merchant_demo_001
txn_5bdb579b88b7,acct_5928ad85dc,2027-01-07T22:48:43,3021.94,merchant_demo_001
txn_bd0f14dcb6bd,acct_5b1b6b06a3,2026-03-18T10:05:10,4792.26,merchant_demo_001
txn_62388ee04a65,acct_5b1b6b06a3,2026-04-29T10:05:10,4738.86,merchant_demo_001
txn_faa6f78cb4bc,acct_2b898feae1,2026-01-03T19:50:15,3606.99,merchant_demo_001
txn_96f9d0b92c84,acct_a41e515794,2027-03-06T08:33:53,4603.95,merchant_demo_001
txn_2228ed0d4a41,acct_a41e515794,2026-09-24T08:33:53,4144.92,merchant_demo_001
txn_5d2a54821185,acct_a41e515794,2026-10-15T08:33:53,636.64,merchant_demo_001
txn_4b21f60b96cd,acct_a41e515794,2027-02-04T08:33:53,1055.57,merchant_demo_001
txn_8ee400fda407,acct_f0256e9758,2025-09-18T10:33:23,3744.89,merchant_demo_001
txn_70afcd3e4c4e,acct_f0256e9758,2025-11-05T10:33:23,694.49,merchant_demo_001
txn_305d5a339684,acct_f0256e9758,2025-08-07T10:33:23,3020.41,merchant_demo_001
txn_2408d7bf11c3,acct_c525d65b1a,2027-04-27T06:19:25,3402.08,merchant_demo_001
txn_1b42465bc5cb,acct_c525d65b1a,2026-11-20T06:19:25,942.83,merchant_demo_001
txn_b806d0d3ea4a,acct_c525d65b1a,2026-07-03T06:19:25,192.43,merchant_demo_001
txn_2be6d39b4a25,acct_48039aa393,2026-10-17T21:53:17,3107.52,merchant_demo_001
txn_4996e1a468c1,acct_48039aa393,2026-10-24T21:53:17,1879.71,merchant_demo_001
txn_a67060600317,acct_48039aa393,2027-06-04T21:53:17,3253.82,merchant_demo_001
txn_a2831e9e7b6d,acct_112414d4e2,2026-04-02T00:02:07,2370.96,merchant_demo_001
txn_823f036a4a8b,acct_e3497c9a8f,2027-01-19T01:16:25,2017.9,merchant_demo_001
txn_53dcf2b6e688,acct_e3497c9a8f,2026-05-18T01:16:25,3581.01,merchant_demo_001
txn_fdc51c8f2e1e,acct_e3497c9a8f,2027-01-27T01:16:25,2145.29,merchant_demo_001
txn_722735bdc47a,acct_6f9f1ed4bd,2026-05-10T01:04:34,411.63,merchant_demo_001
txn_cb73e67f6786,acct_6f9f1ed4bd,2026-10-11T01:04:34,340.82,merchant_demo_001
txn_2f7c83dd191c,acct_6f9f1ed4bd,2026-06-18T01:04:34,4658.77,merchant_demo_001
txn_50d29c38cfdd,acct_6f9f1ed4bd,2026-08-28T01:04:34,4545.72,merchant_demo_001
txn_49fb79ec2d2d,acct_6f9f1ed4bd,2026-11-05T01:04:34,4699.64,merchant_demo_001
txn_50152e326797,acct_24ffb9dee1,2026-03-19T20:24:55,3753.8,merchant_demo_001
txn_a4a593ec6663,acct_24ffb9dee1,2025-04-13T20:24:55,76.54,merchant_demo_001
txn_bfb66d4ce036,acct_24ffb9dee1,2025-12-04T20:24:55,3117.31,merchant_demo_001
txn_147d4cf2763e,acct_24ffb9dee1,2025-08-22T20:24:55,4888.74,merchant_demo_001
txn_e21e3f7fb5f4,acct_24ffb9dee1,2026-02-27T20:24:55,1885.96,merchant_demo_001
txn_60700a1331c7,acct_31d0417ceb,2026-03-06T20:40:59,2923.41,merchant_demo_001
txn_63b676469cba,acct_31d0417ceb,2026-06-26T20:40:59,890.84,merchant_demo_001
txn_0ede8a9e9a70,acct_31d0417ceb,2026-10-23T20:40:59,4655.12,merchant_demo_001
txn_215e83a9bf95,acct_31d0417ceb,2026-10-10T20:40:59,703.0,merchant_demo_001
txn_36bc0fb8967b,acct_31d0417ceb,2026-07-25T20:40:59,3565.77,merchant_demo_001
txn_a65d25ecf9e1,acct_b1edab489a,2026-02-02T12:50:28,1339.01,merchant_demo_001
txn_d21276a9aa75,acct_b1edab489a,2026-02-02T13:34:28,268.6,merchant_demo_001
txn_2a1609bdd23a,acct_e45c537dbc,2026-06-21T00:03:21,4364.81,merchant_demo_001
txn_a001cde5bae2,acct_e45c537dbc,2026-03-01T00:03:21,3751.73,merchant_demo_001
txn_87a651c0b108,acct_0e2c6ff5ac,2026-06-23T07:31:19,4518.82,merchant_demo_001
txn_f389b78cdf31,acct_0e2c6ff5ac,2026-06-13T07:31:19,3084.01,merchant_demo_001
txn_38e94fd70300,acct_0e2c6ff5ac,2027-02-23T07:31:19,4637.25,merchant_demo_001
txn_436f79f60991,acct_0e2c6ff5ac,2026-10-21T07:31:19,1599.4,merchant_demo_001
txn_276bb3bc14e4,acct_66c299242a,2026-07-28T13:39:28,3697.5,merchant_demo_001
txn_b4c316465c6d,acct_66c299242a,2026-10-26T13:39:28,3830.19,merchant_demo_001
txn_88477c66d936,acct_8993f73bae,2027-03-16T18:46:08,4272.52,merchant_demo_001
txn_e90a960d8fc3,acct_8993f73bae,2027-05-07T18:46:08,3201.43,merchant_demo_001
txn_758bcd42ce3d,acct_a197720eb4,2025-03-16T21:02:28,985.15,merchant_demo_001
txn_1cc539d56a0c,acct_a197720eb4,2025-03-16T21:02:28,1187.81,merchant_demo_001
txn_df134f7cda7d,acct_a197720eb4,2025-03-07T21:02:28,2377.73,merchant_demo_001
txn_869ff21fb0cc,acct_a197720eb4,2025-05-11T21:02:28,3544.52,merchant_demo_001
txn_6a748af0f08b,acct_37d28be401,2025-03-25T04:30:11,4976.25,merchant_demo_001
txn_c076d6bbba17,acct_37d28be401,2025-10-05T04:30:11,251.92,merchant_demo_001
txn_f74ce874e9bb,acct_37d28be401,2025-07-26T04:30:11,4944.65,merchant_demo_001
txn_bd345e845861,acct_37d28be401,2025-11-08T04:30:11,2451.74,merchant_demo_001
txn_9e108684d28a,acct_814dde1ff5,2026-02-05T08:14:26,4236.9,merchant_demo_001
txn_db3e22a6eba4,acct_814dde1ff5,2026-02-23T08:14:26,662.09,merchant_demo_001
txn_11e53b25fb7e,acct_814dde1ff5,2026-01-26T08:14:26,1058.48,merchant_demo_001
txn_efa89cfd5492,acct_814dde1ff5,2026-05-04T08:14:26,944.24,merchant_demo_001
txn_2588c74a0b05,acct_8c57e38197,2026-10-03T06:45:12,2568.25,merchant_demo_001
txn_37e776bffae6,acct_8c57e38197,2026-02-01T06:45:12,2838.07,merchant_demo_001
txn_bed5bdc8b2b9,acct_7254d187d9,2026-01-11T19:35:03,2938.56,merchant_demo_001
txn_3659d01e34d1,acct_7254d187d9,2025-09-27T19:35:03,2653.78,merchant_demo_001
txn_c8681fc96042,acct_7254d187d9,2026-07-14T19:35:03,943.82,merchant_demo_001
txn_917c9a5ca557,acct_7254d187d9,2025-11-03T19:35:03,1268.48,merchant_demo_001
txn_c3d3a99d1980,acct_7254d187d9,2026-06-07T19:35:03,3400.7,merchant_demo_001
txn_009875601b73,acct_030ed5c18f,2025-05-05T06:24:04,1457.19,merchant_demo_001
txn_436f34f0ce3b,acct_030ed5c18f,2026-04-05T06:24:04,653.86,merchant_demo_001
txn_6e9c9961cff6,acct_030ed5c18f,2025-10-30T06:24:04,2972.18,merchant_demo_001
txn_2dc422af517e,acct_255c83f8cf,2026-05-22T07:24:57,811.19,merchant_demo_001
txn_ec4201fd1677,acct_0906e5aaa8,2026-07-13T13:22:58,4161.96,merchant_demo_001
txn_48977287ed98,acct_7daa6beb21,2025-09-27T19:23:32,3160.37,merchant_demo_001
txn_2757347a3326,acct_7daa6beb21,2025-06-24T19:23:32,2991.31,merchant_demo_001
txn_05fb8dbfe4d2,acct_7daa6beb21,2025-02-09T19:23:32,1680.66,merchant_demo_001
txn_6a810e3d9219,acct_7daa6beb21,2025-03-01T19:23:32,3298.06,merchant_demo_001
txn_352331e4985a,acct_495ebd8b66,2026-09-27T13:26:35,4739.72,merchant_demo_001
txn_0bd24f480dac,acct_495ebd8b66,2027-04-24T13:26:35,4539.05,merchant_demo_001
txn_6654b870a77d,acct_495ebd8b66,2027-01-30T13:26:35,690.13,merchant_demo_001
txn_ec3d38b713a7,acct_495ebd8b66,2026-05-08T13:26:35,4017.71,merchant_demo_001
txn_9fb154062f0e,acct_f3f0a91b36,2025-09-07T12:44:15,4000.83,merchant_demo_001
txn_1618069bd989,acct_f3f0a91b36,2025-09-07T11:40:15,2758.42,merchant_demo_001
txn_823632a20549,acct_69819d87cb,2026-07-01T00:17:06,508.13,merchant_demo_001
txn_3a2a66adfe96,acct_69819d87cb,2026-04-27T00:17:06,931.15,merchant_demo_001
txn_85a3bbfa23ea,acct_69819d87cb,2027-01-16T00:17:06,4334.3,merchant_demo_001
txn_5e56ae0e8d97,acct_69819d87cb,2026-02-01T00:17:06,151.53,merchant_demo_001
txn_756474b86088,acct_69819d87cb,2026-04-03T00:17:06,856.56,merchant_demo_001
txn_c68373457b4f,acct_8aaa61526f,2026-01-06T12:44:42,3253.48,merchant_demo_001
txn_4b666395b961,acct_8aaa61526f,2026-07-14T12:44:42,812.97,merchant_demo_001
txn_a79074ec69d6,acct_8aaa61526f,2026-01-13T12:44:42,2479.68,merchant_demo_001
txn_6f6740d04f2f,acct_8aaa61526f,2026-03-23T12:44:42,3692.65,merchant_demo_001
txn_34a703ad99d5,acct_1739272920,2026-07-21T17:03:22,3037.39,merchant_demo_001
txn_8bd6c8d8b500,acct_1739272920,2026-02-04T17:03:22,3344.33,merchant_demo_001
txn_e9e95ee8afdb,acct_1739272920,2026-02-09T17:03:22,2587.63,merchant_demo_001
txn_1c0c53fe785d,acct_93104d8967,2026-12-29T07:37:38,4432.79,merchant_demo_001
txn_c4bee347d71a,acct_93104d8967,2027-01-13T07:37:38,1378.97,merchant_demo_001
txn_87e094e78bfe,acct_93104d8967,2027-03-18T07:37:38,2144.2,merchant_demo_001
txn_4ff62f3ad4b3,acct_93104d8967,2027-06-06T07:37:38,2141.55,merchant_demo_001
txn_74229aa6b9cb,acct_7a862aeb4c,2027-01-17T22:47:49,972.46,merchant_demo_001
txn_08cad42442af,acct_7a862aeb4c,2027-01-25T22:47:49,2158.78,merchant_demo_001
txn_dace990ca52b,acct_7a862aeb4c,2026-03-29T22:47:49,2591.04,merchant_demo_001
txn_534a1855c3c0,acct_3f1e4e2c97,2026-09-27T12:46:14,1159.94,merchant_demo_001
txn_700d828a0d28,acct_3f1e4e2c97,2026-10-02T12:46:14,3582.5,merchant_demo_001
txn_d1debbafd808,acct_3f1e4e2c97,2026-06-26T12:46:14,2660.03,merchant_demo_001
txn_480793ba6a08,acct_3f1e4e2c97,2026-09-12T12:46:14,2647.16,merchant_demo_001
txn_208690759099,acct_a1edc84f06,2025-12-14T10:53:52,2214.91,merchant_demo_001
txn_35e75c9e3f93,acct_a1edc84f06,2025-12-19T10:53:52,1536.95,merchant_demo_001
txn_ff541299b569,acct_a1edc84f06,2025-06-23T10:53:52,3437.35,merchant_demo_001
txn_1f9ef48791a1,acct_7f9c0aed24,2026-01-06T15:22:08,2639.31,merchant_demo_001
txn_a58ba6ee2ab4,acct_7f9c0aed24,2026-01-30T15:22:08,2864.25,merchant_demo_001
txn_4fbe5fa03efb,acct_7f9c0aed24,2026-06-10T15:22:08,428.84,merchant_demo_001
txn_7aed2f464c6a,acct_bc0c8100eb,2025-08-22T09:01:12,582.78,merchant_demo_001
txn_a685337a42b5,acct_ab3bf0906f,2026-07-17T02:41:11,517.7,merchant_demo_001
txn_c695887e0a74,acct_ab3bf0906f,2026-11-21T02:41:11,3615.53,merchant_demo_001
txn_fccc5f3c341c,acct_ab3bf0906f,2026-04-26T02:41:11,1809.52,merchant_demo_001
txn_2e94a89e4eb5,acct_ab3bf0906f,2026-10-13T02:41:11,454.76,merchant_demo_001
txn_55806c17b23f,acct_c36e5edaca,2025-11-14T16:52:09,613.98,merchant_demo_001
txn_34979fae4ee2,acct_c36e5edaca,2026-10-10T16:52:09,2341.25,merchant_demo_001
txn_ddf8eb4e4612,acct_c36e5edaca,2026-02-07T16:52:09,4222.4,merchant_demo_001
txn_4b8a4574e209,acct_c36e5edaca,2025-11-29T16:52:09,462.29,merchant_demo_001
txn_ba3b0d911bfa,acct_c36e5edaca,2026-11-01T16:52:09,1523.36,merchant_demo_001
txn_fac8b61e6d8f,acct_ee5ce6992a,2026-11-10T17:37:34,2302.24,merchant_demo_001
txn_698cd0910336,acct_ee5ce6992a,2026-10-14T17:37:34,2277.24,merchant_demo_001
txn_6f5a0677811a,acct_ee5ce6992a,2026-03-20T17:37:34,1739.61,merchant_demo_001
txn_154b8dbe688a,acct_ee5ce6992a,2026-02-08T17:37:34,1094.79,merchant_demo_001
txn_1da0c16db514,acct_ee5ce6992a,2025-12-15T17:37:34,3747.8,merchant_demo_001
txn_df60a9c32a35,acct_f88eae8598,2026-05-06T14:20:18,4364.5,merchant_demo_001
txn_6383a87fc3a8,acct_f88eae8598,2026-02-17T14:20:18,2197.3,merchant_demo_001
txn_1562058ce913,acct_f88eae8598,2026-01-03T14:20:18,78.94,merchant_demo_001
txn_bea8396c3c2a,acct_f88eae8598,2026-02-22T14:20:18,115.86,merchant_demo_001
txn_72e96a7148fc,acct_f88eae8598,2026-11-25T14:20:18,2411.74,merchant_demo_001
txn_de539b8ccdd4,acct_3e3e3c719d,2026-05-18T05:00:11,4830.73,merchant_demo_001
txn_d8e9785f122c,acct_3e3e3c719d,2026-04-20T05:00:11,3643.26,merchant_demo_001
txn_0835a1525aef,acct_3e3e3c719d,2025-11-18T05:00:11,3111.57,merchant_demo_001
txn_bf8cec25fcbc,acct_3e3e3c719d,2026-04-27T05:00:11,1835.61,merchant_demo_001
txn_860a1adaede1,acct_978f0b0e8b,2026-12-26T06:28:31,483.79,merchant_demo_001
txn_d96c8bb0124d,acct_978f0b0e8b,2026-10-02T06:28:31,118.69,merchant_demo_001
txn_846b7680c2be,acct_978f0b0e8b,2026-09-20T06:28:31,4089.04,merchant_demo_001
txn_e410c3692bf7,acct_978f0b0e8b,2027-07-16T06:28:31,4854.08,merchant_demo_001
txn_4aa8e72d231a,acct_3c8354111f,2025-07-09T05:25:54,2431.53,merchant_demo_001
txn_1b0c782df08b,acct_a73fcd6ecc,2027-05-27T16:46:22,1246.81,merchant_demo_001
txn_4091a0f48bf6,acct_a73fcd6ecc,2027-05-15T16:46:22,4298.04,merchant_demo_001
txn_440c6f0d039c,acct_5145b7f6f1,2026-01-17T02:35:21,476.16,merchant_demo_001
txn_f3178efc98a3,acct_5145b7f6f1,2026-11-10T02:35:21,2343.96,merchant_demo_001
txn_512376a2a8d2,acct_5145b7f6f1,2026-06-11T02:35:21,2138.3,merchant_demo_001
txn_d09e26fee850,acct_5145b7f6f1,2025-12-10T02:35:21,872.22,merchant_demo_001
txn_b089f8db2531,acct_5145b7f6f1,2025-12-29T02:35:21,3706.97,merchant_demo_001
txn_f0d3d5c40d07,acct_a94bac9ece,2027-02-15T19:08:08,2383.87,merchant_demo_001
txn_f25d85a01443,acct_a94bac9ece,2027-01-28T19:08:08,2946.87,merchant_demo_001
txn_900bae3743ca,acct_a94bac9ece,2026-09-23T19:08:08,1509.42,merchant_demo_001
txn_bf64435c23d3,acct_a94bac9ece,2026-12-29T19:08:08,302.06,merchant_demo_001
txn_1c3302c49425,acct_b483149177,2026-02-12T23:03:40,3170.53,merchant_demo_001
txn_a70166808587,acct_28451b581a,2027-02-10T02:38:13,4250.65,merchant_demo_001
txn_c3929693ab47,acct_28451b581a,2027-07-25T02:38:13,2914.37,merchant_demo_001
txn_fe8d26087434,acct_28451b581a,2027-07-22T02:38:13,2793.81,merchant_demo_001
txn_708fded58bd6,acct_28451b581a,2026-12-08T02:38:13,233.24,merchant_demo_001
txn_5c145c6c7ff0,acct_1d87786fe5,2026-08-15T04:24:39,2591.11,merchant_demo_001
txn_9fd6342d7eac,acct_1d87786fe5,2026-12-16T04:24:39,3076.9,merchant_demo_001
txn_7a56663287d1,acct_1d87786fe5,2026-11-22T04:24:39,4530.11,merchant_demo_001
txn_cb23ce351ac1,acct_1d87786fe5,2026-08-16T04:24:39,1197.93,merchant_demo_001
txn_ca76ecef337b,acct_be9c9724a0,2026-09-09T15:08:01,144.15,merchant_demo_001
txn_08e5186ad4ca,acct_1848dc17b2,2026-10-23T16:16:50,2788.62,merchant_demo_001
txn_dd3aa335c8f6,acct_1848dc17b2,2026-09-29T16:16:50,4469.74,merchant_demo_001
txn_b1dc55021a1b,acct_1848dc17b2,2026-12-14T16:16:50,4451.25,merchant_demo_001
txn_815be55e37cb,acct_1848dc17b2,2026-07-13T16:16:50,2499.2,merchant_demo_001
txn_157d7bae6864,acct_1848dc17b2,2027-04-10T16:16:50,1766.48,merchant_demo_001
txn_22a40f229287,acct_7cbef35982,2025-11-13T11:24:10,848.6,merchant_demo_001
txn_50dbd401bf7d,acct_7cbef35982,2026-11-09T11:24:10,1001.4,merchant_demo_001
txn_06cc06a2eafd,acct_7cbef35982,2026-04-28T11:24:10,2218.65,merchant_demo_001
txn_24b3111abaec,acct_7cbef35982,2026-07-20T11:24:10,1137.53,merchant_demo_001
txn_021a2379fab4,acct_0d4c5a6df8,2025-12-23T08:43:01,4274.6,merchant_demo_001
txn_d1dba2736d20,acct_0d4c5a6df8,2026-02-19T08:43:01,3301.94,merchant_demo_001
txn_8e09dc113350,acct_0d4c5a6df8,2025-04-26T08:43:01,4421.71,merchant_demo_001
txn_a47c210d5ee2,acct_c153063819,2025-11-23T17:55:05,4173.75,merchant_demo_001
txn_1b1b6b8b6d00,acct_c153063819,2026-04-03T17:55:05,3279.88,merchant_demo_001
txn_c10e3136e143,acct_c153063819,2025-10-25T17:55:05,3990.06,merchant_demo_001
txn_09102186dceb,acct_c153063819,2025-07-15T17:55:05,3128.12,merchant_demo_001
txn_db164a21cce2,acct_5029082b6d,2026-10-01T00:26:34,3758.81,merchant_demo_001
txn_2285e26e9b80,acct_5029082b6d,2026-09-19T00:26:34,2440.3,merchant_demo_001
txn_27969c952f1c,acct_5029082b6d,2026-01-09T00:26:34,1037.45,merchant_demo_001
txn_1d7f6f7b86d0,acct_ca2dd43b66,2026-12-10T02:54:13,549.47,merchant_demo_001
txn_e15d9b790c1e,acct_ca2dd43b66,2026-11-01T02:54:13,4718.12,merchant_demo_001
txn_3cf02b65d3f5,acct_ca2dd43b66,2026-12-11T02:54:13,1553.08,merchant_demo_001
txn_cf7a7777b0d3,acct_ca2dd43b66,2026-07-19T02:54:13,2806.31,merchant_demo_001
txn_c6e6c63bcdbc,acct_ca2dd43b66,2026-04-12T02:54:13,1825.99,merchant_demo_001
txn_d482ba399f22,acct_cffb079f6e,2026-04-20T07:47:21,3400.79,merchant_demo_001
txn_814e7085dacd,acct_cffb079f6e,2026-04-20T07:00:21,4148.35,merchant_demo_001
txn_9ba57f706487,acct_d49a1656c1,2025-06-07T03:40:28,4043.74,merchant_demo_001
txn_a9a909d3c290,acct_d49a1656c1,2025-11-10T03:40:28,2181.57,merchant_demo_001
txn_0f73fcf7be6a,acct_d49a1656c1,2026-04-03T03:40:28,1172.12,merchant_demo_001
txn_33a398f8fdc9,acct_d49a1656c1,2026-03-05T03:40:28,1159.27,merchant_demo_001
txn_11cc7786ad55,acct_d49a1656c1,2025-10-01T03:40:28,4968.63,merchant_demo_001
txn_5b1dfe7458aa,acct_bcba05d4a0,2026-07-17T15:29:15,281.05,merchant_demo_001
txn_f67a18bfb7e6,acct_bcba05d4a0,2026-03-31T15:29:15,1374.08,merchant_demo_001
txn_6906673ea6ee,acct_bcba05d4a0,2025-09-04T15:29:15,4274.37,merchant_demo_001
txn_28271dc6184f,acct_708aaf8311,2026-07-06T01:20:29,3363.96,merchant_demo_001
txn_6f1998376444,acct_708aaf8311,2026-08-27T01:20:29,299.59,merchant_demo_001
txn_3a4f23f90b35,acct_708aaf8311,2026-04-12T01:20:29,4004.99,merchant_demo_001
txn_86ff23d55902,acct_708aaf8311,2026-09-21T01:20:29,599.11,merchant_demo_001
txn_3c27abaac9de,acct_708aaf8311,2025-10-24T01:20:29,3919.18,merchant_demo_001
txn_3cc436697978,acct_fc0aba0f1a,2027-06-26T01:01:01,4299.02,merchant_demo_001
txn_5e69cadbe2f1,acct_fc0aba0f1a,2026-07-13T01:01:01,4126.87,merchant_demo_001
txn_1051b90cbdb5,acct_fc0aba0f1a,2026-06-12T01:01:01,2561.16,merchant_demo_001
txn_69ed610ea0ca,acct_fc0aba0f1a,2026-08-15T01:01:01,3168.13,merchant_demo_001
txn_d0216707cb53,acct_fc0aba0f1a,2026-09-04T01:01:01,4559.38,merchant_demo_001
txn_eca2eac1f4b1,acct_10fe85463e,2026-09-09T00:48:42,1496.01,merchant_demo_001
txn_ad8ad0e00d1b,acct_10fe85463e,2026-04-16T00:48:42,3821.73,merchant_demo_001
txn_7d82a68208fd,acct_f9ef7ae5f6,2026-06-13T01:00:03,4358.94,merchant_demo_001
txn_17b8ad1d337c,acct_f9ef7ae5f6,2025-08-20T01:00:03,3253.11,merchant_demo_001
txn_1c0f5d0134eb,acct_f9ef7ae5f6,2025-11-21T01:00:03,4104.85,merchant_demo_001
txn_f22eca4eab4f,acct_f9ef7ae5f6,2025-08-04T01:00:03,4250.55,merchant_demo_001
txn_35e2c12ab69a,acct_c17581b8e6,2026-07-05T07:41:49,3857.64,merchant_demo_001
txn_fa058be53b2e,acct_c17581b8e6,2025-12-08T07:41:49,1264.31,merchant_demo_001
txn_d884030eedc2,acct_c17581b8e6,2026-08-04T07:41:49,1739.53,merchant_demo_001
txn_14ddb6992cb5,acct_c17581b8e6,2026-08-20T07:41:49,897.75,merchant_demo_001
txn_6e34c7c93692,acct_740b8167f3,2025-04-02T16:57:18,3590.24,merchant_demo_001
txn_ab7a8194a57f,acct_740b8167f3,2025-04-05T16:57:18,1835.18,merchant_demo_001
txn_1854a32a26cf,acct_b609847917,2026-03-15T21:27:30,3778.37,merchant_demo_001
txn_f9e1285999dd,acct_b609847917,2026-09-25T21:27:30,2137.52,merchant_demo_001
txn_aead9f24526a,acct_29f6b5d0ae,2025-05-03T06:23:36,4018.75,merchant_demo_001
txn_2b80d6859957,acct_29f6b5d0ae,2025-09-21T06:23:36,4594.2,merchant_demo_001
txn_7893b7052003,acct_b8ccca501a,2027-01-28T16:09:54,3983.31,merchant_demo_001
txn_6929e46a308d,acct_b8ccca501a,2026-11-10T16:09:54,4721.51,merchant_demo_001
txn_2a968ee8dbe0,acct_b8ccca501a,2026-12-21T16:09:54,770.64,merchant_demo_001
txn_d85ddeda89c4,acct_b8ccca501a,2026-05-14T16:09:54,3602.25,merchant_demo_001
txn_628d9a8f025b,acct_4ed5c25356,2026-05-28T05:46:23,469.65,merchant_demo_001
txn_49c531f6a9b5,acct_4ed5c25356,2026-10-01T05:46:23,2038.17,merchant_demo_001
txn_6b877cc03e95,acct_4ed5c25356,2027-05-23T05:46:23,863.41,merchant_demo_001
txn_0b7e59c0fd04,acct_4ed5c25356,2026-05-24T05:46:23,1996.67,merchant_demo_001
txn_ac56e3b0a801,acct_4ed5c25356,2026-05-11T05:46:23,3317.87,merchant_demo_001
txn_09715b4340e5,acct_804f58a4c2,2027-05-18T16:35:19,336.16,merchant_demo_001
txn_b27f4e8fe052,acct_804f58a4c2,2027-06-16T16:35:19,4901.23,merchant_demo_001
txn_6b7b50ccb5f3,acct_fba5b399c7,2026-06-11T02:44:38,2125.56,merchant_demo_001
txn_83b7e618dcfe,acct_fba5b399c7,2026-12-25T02:44:38,3518.91,merchant_demo_001
txn_0620bdedce59,acct_fba5b399c7,2026-06-15T02:44:38,3621.68,merchant_demo_001
txn_457bb9939009,acct_fba5b399c7,2026-06-20T02:44:38,4550.69,merchant_demo_001
txn_704896f3e48b,acct_fba5b399c7,2026-01-15T02:44:38,4143.67,merchant_demo_001
txn_fe615342b967,acct_c1fc807c32,2026-03-02T18:30:46,4606.23,merchant_demo_001
txn_c46bf7a0525d,acct_c1fc807c32,2026-04-17T18:30:46,2049.49,merchant_demo_001
txn_dfac5a0ee878,acct_c1fc807c32,2026-03-19T18:30:46,1065.41,merchant_demo_001
txn_c431f28f768c,acct_c1fc807c32,2026-01-27T18:30:46,3140.58,merchant_demo_001
txn_4449f1d0d4d2,acct_c1fc807c32,2026-03-06T18:30:46,3277.58,merchant_demo_001
txn_f88085493069,acct_c89ddf6418,2027-02-09T22:10:20,3261.35,merchant_demo_001
txn_f04b8960f89c,acct_c89ddf6418,2027-02-06T22:10:20,1026.61,merchant_demo_001
txn_f1bbabba25cb,acct_c89ddf6418,2026-06-08T22:10:20,467.19,merchant_demo_001
txn_16a92d94adde,acct_9d65392662,2025-06-29T22:01:18,1980.47,merchant_demo_001
txn_e37a64f32572,acct_9d65392662,2026-01-12T22:01:18,3713.26,merchant_demo_001
txn_9c8494035758,acct_9d65392662,2025-03-14T22:01:18,2626.33,merchant_demo_001
txn_3511d705b34a,acct_9d65392662,2025-10-12T22:01:18,1455.44,merchant_demo_001
txn_628308b71606,acct_9d65392662,2025-02-25T22:01:18,2582.77,merchant_demo_001
txn_7d53cc157331,acct_d3935db106,2026-08-04T01:00:32,1736.51,merchant_demo_001
txn_4160abc4d28c,acct_d3935db106,2026-10-02T01:00:32,842.14,merchant_demo_001
txn_4230d75a07df,acct_d3935db106,2025-11-25T01:00:32,4457.08,merchant_demo_001
txn_cced3e42eff7,acct_dd6805ef75,2025-12-30T04:23:39,1330.52,merchant_demo_001
txn_3313ccaa7488,acct_dd6805ef75,2026-04-02T04:23:39,1554.51,merchant_demo_001
txn_d7673939e1c9,acct_dd6805ef75,2025-10-04T04:23:39,4935.43,merchant_demo_001
txn_955341893c4c,acct_dd6805ef75,2025-04-27T04:23:39,3673.33,merchant_demo_001
txn_b72f6a08599d,acct_dd6805ef75,2025-09-08T04:23:39,1335.79,merchant_demo_001
txn_7e016bf0dac6,acct_d5bdc7e9a9,2025-11-02T01:01:02,662.87,merchant_demo_001
txn_96aff93c6658,acct_d5bdc7e9a9,2026-05-27T01:01:02,3272.26,merchant_demo_001
txn_317165fcea46,acct_d5bdc7e9a9,2025-07-07T01:01:02,2271.25,merchant_demo_001
txn_6e2a277992d7,acct_d5bdc7e9a9,2026-02-22T01:01:02,3697.45,merchant_demo_001
txn_4806801b365f,acct_d5bdc7e9a9,2025-12-23T01:01:02,1727.95,merchant_demo_001
txn_84bff3cab436,acct_4a26f4593c,2027-03-23T05:50:44,4945.55,merchant_demo_001
txn_11bfce984d70,acct_4a26f4593c,2026-12-21T05:50:44,3587.5,merchant_demo_001
txn_90700731e62d,acct_e5c9dd507c,2026-12-04T15:26:56,1207.5,merchant_demo_001
txn_4578f970c50a,acct_e5c9dd507c,2026-07-06T15:26:56,1458.45,merchant_demo_001
txn_1894a71cb66e,acct_e5c9dd507c,2027-02-04T15:26:56,2885.19,merchant_demo_001
txn_7a8436f7907e,acct_e5c9dd507c,2026-04-15T15:26:56,3586.04,merchant_demo_001
txn_3128dcc9c4e8,acct_e5c9dd507c,2026-10-27T15:26:56,3700.69,merchant_demo_001
txn_920ef214569b,acct_aaa5ccfd72,2026-04-11T20:34:57,2606.44,merchant_demo_001
txn_68817195d32c,acct_3f1323b1af,2026-09-15T20:03:19,1838.27,merchant_demo_001
txn_fbd50f54a808,acct_3f1323b1af,2025-10-02T20:03:19,775.44,merchant_demo_001
txn_08ea0705f905,acct_8098c78fc1,2026-01-16T04:51:11,455.64,merchant_demo_001
txn_8e2e8b81232e,acct_8098c78fc1,2025-07-21T04:51:11,2153.19,merchant_demo_001
txn_60fd262fdf67,acct_8098c78fc1,2025-08-25T04:51:11,2407.45,merchant_demo_001
txn_5645228e6679,acct_8098c78fc1,2026-02-03T04:51:11,436.46,merchant_demo_001
txn_6a172c924498,acct_eb01d1fba7,2025-10-30T22:55:41,2961.79,merchant_demo_001
txn_b3e3df1165e9,acct_eb01d1fba7,2025-12-28T22:55:41,3905.18,merchant_demo_001
txn_27ef0a1e4b2b,acct_eb01d1fba7,2025-08-20T22:55:41,2942.3,merchant_demo_001
txn_22b0d9a93ab7,acct_eb01d1fba7,2026-02-26T22:55:41,2145.94,merchant_demo_001
txn_d7c7ff3e89ae,acct_eb01d1fba7,2025-11-18T22:55:41,3460.64,merchant_demo_001
txn_218649e69754,acct_ecb8cf51c3,2026-05-16T22:02:35,4867.7,merchant_demo_001
txn_5118af9c8fe4,acct_ecb8cf51c3,2025-07-29T22:02:35,764.51,merchant_demo_001
txn_69df978fd153,acct_ecb8cf51c3,2025-07-11T22:02:35,2449.58,merchant_demo_001
txn_7685feed1b3a,acct_ecb8cf51c3,2025-12-27T22:02:35,690.46,merchant_demo_001
txn_d42555b08e8a,acct_cfc5416a5e,2025-11-26T13:30:43,4323.19,merchant_demo_001
txn_35f0f3c8c857,acct_cfc5416a5e,2025-11-26T11:49:43,3487.63,merchant_demo_001
txn_7d1db37a90e3,acct_cfc5416a5e,2025-11-26T13:15:43,2393.11,merchant_demo_001
txn_4158ec5803e1,acct_9bb4c2d621,2027-04-03T09:53:28,1878.19,merchant_demo_001
txn_d8bab6e9813d,acct_9bb4c2d621,2026-08-20T09:53:28,3027.92,merchant_demo_001
txn_6449e052a6d4,acct_dbc787791f,2025-07-09T23:16:23,648.29,merchant_demo_001
txn_b13b2b5fe5ee,acct_dbc787791f,2026-03-02T23:16:23,1483.47,merchant_demo_001
txn_77fff8f000ac,acct_dbc787791f,2026-02-05T23:16:23,808.86,merchant_demo_001
txn_88c8b4b8ee20,acct_dbc787791f,2025-11-20T23:16:23,1559.38,merchant_demo_001
txn_92b649adddb8,acct_4d54731e88,2026-12-25T04:28:27,1505.21,merchant_demo_001
txn_3a750300b484,acct_4d54731e88,2026-08-06T04:28:27,3966.46,merchant_demo_001
txn_c9c6a26c7fa2,acct_4d54731e88,2026-10-03T04:28:27,3929.77,merchant_demo_001
txn_aa206045e9a3,acct_7a455cf6e3,2025-06-21T10:17:16,4687.26,merchant_demo_001
txn_174139669814,acct_7a455cf6e3,2025-10-31T10:17:16,4450.83,merchant_demo_001
txn_cc71372cdb1f,acct_7a455cf6e3,2025-09-15T10:17:16,956.23,merchant_demo_001
txn_a0532692dbac,acct_7a455cf6e3,2026-06-10T10:17:16,2469.53,merchant_demo_001
txn_096662911ab0,acct_d59c28b414,2026-09-01T18:02:26,1775.81,merchant_demo_001
txn_ced0ac10a040,acct_7e0c5a6722,2025-02-10T19:55:59,2431.82,merchant_demo_001
txn_01474d89bdfb,acct_57608573a3,2027-01-29T22:07:34,2289.25,merchant_demo_001
txn_1d7b1776e28a,acct_57608573a3,2026-10-04T22:07:34,3917.68,merchant_demo_001
txn_2c2f3c086b76,acct_57608573a3,2026-12-14T22:07:34,4180.58,merchant_demo_001
txn_5a6c58f777dd,acct_f8ca72453b,2025-04-26T01:24:33,3821.66,merchant_demo_001
txn_8c796d9eda21,acct_f8ca72453b,2025-11-03T01:24:33,3200.48,merchant_demo_001
txn_9ae8f7e0ed73,acct_f8ca72453b,2026-03-14T01:24:33,2277.15,merchant_demo_001
txn_c83f277508bf,acct_f8ca72453b,2025-10-05T01:24:33,787.46,merchant_demo_001
txn_1e66a8bad308,acct_f8ca72453b,2026-02-25T01:24:33,1659.82,merchant_demo_001
txn_84273f1bd48c,acct_7c65c66c22,2027-02-07T06:32:38,3136.77,merchant_demo_001
txn_a91f41e503a7,acct_7c65c66c22,2026-09-18T06:32:38,1202.47,merchant_demo_001
txn_465372f97aff,acct_7c65c66c22,2026-09-22T06:32:38,1728.04,merchant_demo_001
txn_fcf6f2458998,acct_7c65c66c22,2026-03-27T06:32:38,4792.49,merchant_demo_001
txn_b3fc8a8a5ad1,acct_7c65c66c22,2026-10-16T06:32:38,3692.77,merchant_demo_001
txn_d4061e98781d,acct_f0c9f211ea,2025-06-23T19:47:37,3550.68,merchant_demo_001
txn_c70dd3da7d0f,acct_fb4de2426c,2026-09-01T09:46:01,3990.99,merchant_demo_001
txn_d1dccd943840,acct_fb4de2426c,2026-10-11T09:46:01,1578.8,merchant_demo_001
txn_ed906062ddf3,acct_fb4de2426c,2026-09-09T09:46:01,662.72,merchant_demo_001
txn_dca878a0c4de,acct_fb4de2426c,2026-07-27T09:46:01,471.5,merchant_demo_001
txn_54907852541c,acct_fb4de2426c,2026-08-26T09:46:01,2732.08,merchant_demo_001
txn_6e620921be3e,acct_aa47eed698,2026-06-27T18:42:24,2632.68,merchant_demo_001
txn_50b30a452324,acct_f8dcef9182,2025-04-04T20:36:52,4489.48,merchant_demo_001
txn_17319dc290d4,acct_f8dcef9182,2025-03-10T20:36:52,3308.36,merchant_demo_001
txn_5e2bbf088578,acct_062407b54f,2025-05-11T02:25:28,4813.76,merchant_demo_001
txn_a11e9c468e65,acct_062407b54f,2025-05-11T02:49:28,3944.45,merchant_demo_001
txn_6fb81d65c814,acct_062407b54f,2025-05-11T02:41:28,4156.97,merchant_demo_001
txn_4505a77b52cd,acct_c53aa54c21,2026-07-15T10:26:20,469.01,merchant_demo_001
txn_4a51a96998c9,acct_c53aa54c21,2026-08-30T10:26:20,3053.93,merchant_demo_001
txn_0db7e2b33e6e,acct_c53aa54c21,2026-06-23T10:26:20,2965.02,merchant_demo_001
txn_cbeacefe77d3,acct_c53aa54c21,2026-08-08T10:26:20,4316.77,merchant_demo_001
txn_e8a86a348fed,acct_c53aa54c21,2025-12-11T10:26:20,1732.78,merchant_demo_001
txn_4167e9a1c7bb,acct_6b87f1600b,2025-12-22T19:23:33,169.08,merchant_demo_001
txn_cb3c6cffeb77,acct_8c48c0ef5e,2026-09-17T20:09:55,1940.95,merchant_demo_001
txn_d872d63ae41d,acct_8c48c0ef5e,2026-05-24T20:09:55,617.49,merchant_demo_001
txn_cb47c2b429c2,acct_8c48c0ef5e,2026-05-28T20:09:55,2731.81,merchant_demo_001
txn_6a4732b5b8f3,acct_8c48c0ef5e,2026-09-01T20:09:55,762.97,merchant_demo_001
txn_e2fea4e027b9,acct_8c48c0ef5e,2026-08-16T20:09:55,3853.11,merchant_demo_001
txn_20b723c01704,acct_270600dfe8,2026-06-08T12:04:40,4763.22,merchant_demo_001
txn_f8b7f871f625,acct_4a672ecad1,2025-12-11T14:20:58,3091.65,merchant_demo_001
txn_c762eb7f7183,acct_4a672ecad1,2026-04-26T14:20:58,948.22,merchant_demo_001
txn_8245472a1c71,acct_40b7998062,2025-12-31T05:07:36,1980.2,merchant_demo_001
txn_2baac97fbc8b,acct_a3bc9191bd,2025-06-22T08:11:45,2093.47,merchant_demo_001
txn_053506832679,acct_a3bc9191bd,2025-09-23T08:11:45,1326.77,merchant_demo_001
txn_4c002bd19bff,acct_a3bc9191bd,2025-06-11T08:11:45,306.8,merchant_demo_001
txn_f303e0a42f7a,acct_f919bf944b,2026-12-25T13:29:06,3005.17,merchant_demo_001
txn_d31848c71464,acct_f919bf944b,2026-04-05T13:29:06,2490.25,merchant_demo_001
txn_e6898314726f,acct_309b324dce,2026-06-14T18:35:07,4749.32,merchant_demo_001
txn_e680e4fb7e6f,acct_309b324dce,2026-04-15T18:35:07,350.13,merchant_demo_001
txn_be82e64b820a,acct_309b324dce,2026-07-24T18:35:07,2787.95,merchant_demo_001
txn_67e41350964d,acct_309b324dce,2026-01-01T18:35:07,2446.65,merchant_demo_001
txn_8cbbb1e6ee81,acct_309b324dce,2026-06-25T18:35:07,3186.03,merchant_demo_001
txn_a3cb92ae446d,acct_713d6fe8fe,2026-06-12T03:23:08,2792.67,merchant_demo_001
txn_23119af89bbf,acct_4e9550ca01,2026-08-23T20:38:38,552.47,merchant_demo_001
txn_789857ecf021,acct_4e9550ca01,2026-10-07T20:38:38,2795.8,merchant_demo_001
txn_f09891517c97,acct_4e9550ca01,2025-11-15T20:38:38,1557.83,merchant_demo_001
txn_0ad3671a05bc,acct_4e9550ca01,2026-04-08T20:38:38,2257.61,merchant_demo_001
txn_cac1f1745c06,acct_4e9550ca01,2026-08-03T20:38:38,2527.14,merchant_demo_001
txn_29aa528c037e,acct_08b23faae3,2026-07-03T12:40:27,2725.18,merchant_demo_001
txn_dc48204eb58a,acct_08b23faae3,2026-03-20T12:40:27,3921.02,merchant_demo_001
txn_871aad5d4a54,acct_beeb07de5d,2026-03-08T19:53:50,4808.69,merchant_demo_001
txn_c2144a317cb0,acct_beeb07de5d,2026-05-15T19:53:50,2286.12,merchant_demo_001
txn_20d30502ac1d,acct_beeb07de5d,2025-08-04T19:53:50,4072.59,merchant_demo_001
txn_c1e7859c96ee,acct_beeb07de5d,2026-06-17T19:53:50,1481.78,merchant_demo_001
txn_a06f3798eaaf,acct_beeb07de5d,2025-10-28T19:53:50,52.69,merchant_demo_001
txn_71006386be2f,acct_ff4c0c90ca,2025-12-02T18:06:39,3009.45,merchant_demo_001
txn_86ea55e9bf74,acct_ff4c0c90ca,2026-06-29T18:06:39,1931.76,merchant_demo_001
txn_8b3ce420fd7b,acct_ff4c0c90ca,2026-01-11T18:06:39,4220.07,merchant_demo_001
txn_aa5d3784fde5,acct_ff4c0c90ca,2025-11-01T18:06:39,2946.54,merchant_demo_001
txn_d799ae1eb7ec,acct_cfcd5d4a5d,2026-07-13T20:47:10,275.15,merchant_demo_001
txn_7f68b866951d,acct_cfcd5d4a5d,2027-03-04T20:47:10,2693.74,merchant_demo_001
txn_91fe6b561fe5,acct_cfcd5d4a5d,2026-03-26T20:47:10,1538.16,merchant_demo_001
txn_1f7209fed5eb,acct_cfcd5d4a5d,2026-09-09T20:47:10,3507.23,merchant_demo_001
txn_98fd143f7974,acct_cfcd5d4a5d,2026-05-01T20:47:10,3639.12,merchant_demo_001
txn_82bb1f3b9f24,acct_c5face56d4,2025-08-26T08:06:25,1093.71,merchant_demo_001
txn_d9b993fa4e75,acct_c5face56d4,2025-10-02T08:06:25,4789.22,merchant_demo_001
txn_30ed3fd4784f,acct_c5face56d4,2025-06-28T08:06:25,4425.46,merchant_demo_001
txn_cdf17f0b2596,acct_efe34af008,2026-02-14T16:54:50,1343.73,merchant_demo_001
txn_31fd72261713,acct_efe34af008,2026-04-15T16:54:50,3553.38,merchant_demo_001
txn_f10935fa0386,acct_efe34af008,2025-08-12T16:54:50,1267.35,merchant_demo_001
txn_b79645e844e9,acct_8b18ceae0f,2026-11-24T12:33:03,1092.59,merchant_demo_001
txn_d435f7a33076,acct_8b18ceae0f,2027-04-05T12:33:03,1675.86,merchant_demo_001
txn_b9d652a39348,acct_8b18ceae0f,2027-05-23T12:33:03,711.94,merchant_demo_001
txn_134cb04f1e37,acct_b0fa8ca2e0,2026-12-19T23:22:11,2408.82,merchant_demo_001
txn_5dde56edd582,acct_e797a24e36,2026-08-10T18:19:24,909.0,merchant_demo_001
txn_dc7b70df1961,acct_de42209480,2026-08-24T10:01:15,3531.33,merchant_demo_001
txn_ff320b9228cb,acct_de42209480,2026-09-27T10:01:15,1994.32,merchant_demo_001
txn_43c6b19d92b9,acct_de42209480,2025-10-13T10:01:15,3947.16,merchant_demo_001
txn_aa1feae41ffd,acct_de42209480,2026-07-31T10:01:15,3273.77,merchant_demo_001
txn_14b15611a877,acct_de42209480,2026-06-04T10:01:15,203.19,merchant_demo_001
txn_be96f335eabe,acct_7fbb5e1b1d,2026-03-07T21:21:55,660.91,merchant_demo_001
txn_876331f58cfe,acct_7fbb5e1b1d,2025-10-06T21:21:55,4145.96,merchant_demo_001
txn_79ac3de85496,acct_7fbb5e1b1d,2025-09-27T21:21:55,1964.42,merchant_demo_001
txn_14fcd253dc0b,acct_7fbb5e1b1d,2026-04-25T21:21:55,4068.76,merchant_demo_001
txn_b8411256e2a6,acct_9cbaab142a,2026-02-15T07:06:03,2340.33,merchant_demo_001
txn_af767fee8db1,acct_ab0779e4c5,2025-08-23T12:15:22,96.35,merchant_demo_001
txn_57e1d5cd3194,acct_ab0779e4c5,2026-01-23T12:15:22,147.92,merchant_demo_001
txn_f8c3d9202d21,acct_43ceadbede,2026-01-01T00:59:01,4610.92,merchant_demo_001
txn_b2073ec76dc3,acct_43ceadbede,2025-07-20T00:59:01,997.98,merchant_demo_001
txn_50631bf3c4f5,acct_43ceadbede,2025-11-28T00:59:01,3144.92,merchant_demo_001
txn_338db60acdfa,acct_2634d14a07,2025-10-22T05:10:00,4901.59,merchant_demo_001
txn_a51787f80236,acct_2634d14a07,2025-12-27T05:10:00,232.14,merchant_demo_001
txn_3280f79e288e,acct_78e66ae4e0,2027-02-19T12:40:04,3549.49,merchant_demo_001
txn_182678c70059,acct_78e66ae4e0,2026-06-11T12:40:04,85.32,merchant_demo_001
txn_4d2cea6415bd,acct_78e66ae4e0,2027-01-16T12:40:04,2010.63,merchant_demo_001
txn_5f57c2dda6a6,acct_78e66ae4e0,2026-07-16T12:40:04,2867.06,merchant_demo_001
txn_0698df559923,acct_bf500b8cba,2026-04-14T22:25:59,2781.34,merchant_demo_001
txn_95194461b71d,acct_bf500b8cba,2026-12-20T22:25:59,3707.13,merchant_demo_001
txn_45924dc0b9e4,acct_bf500b8cba,2026-12-27T22:25:59,3427.8,merchant_demo_001
txn_c9b3845b349e,acct_bf500b8cba,2026-11-02T22:25:59,918.87,merchant_demo_001
txn_2adfd67506cf,acct_1cc9665db4,2026-03-08T18:29:50,3742.57,merchant_demo_001
txn_715d61c78561,acct_1cc9665db4,2026-03-08T18:29:50,1335.14,merchant_demo_001
txn_6e529044523e,acct_1cc9665db4,2026-03-08T20:22:50,4284.62,merchant_demo_001
txn_3f709c056bb9,acct_641907d3ca,2027-05-27T01:06:55,3922.15,merchant_demo_001
txn_1577423eabff,acct_641907d3ca,2026-08-25T01:06:55,4245.95,merchant_demo_001
txn_9484fc9e9be9,acct_641907d3ca,2026-05-30T01:06:55,4960.16,merchant_demo_001
txn_931109a4f171,acct_641907d3ca,2027-05-08T01:06:55,3404.79,merchant_demo_001
txn_e8cede482dd9,acct_641907d3ca,2027-03-29T01:06:55,1301.96,merchant_demo_001
txn_1d98cbbb7610,acct_d3dc9fac93,2026-03-05T01:03:20,59.68,merchant_demo_001
txn_c8ddb1b67b71,acct_d3dc9fac93,2026-02-19T01:03:20,3222.78,merchant_demo_001
txn_8177836ae313,acct_d3dc9fac93,2026-06-13T01:03:20,306.72,merchant_demo_001
txn_d1e6415a1e41,acct_d3dc9fac93,2025-12-28T01:03:20,2191.11,merchant_demo_001
txn_59cdd1837d11,acct_d3dc9fac93,2026-02-09T01:03:20,1406.48,merchant_demo_001
txn_8d930f994b23,acct_280d8e4644,2026-03-02T11:12:10,2503.09,merchant_demo_001
txn_663ee82fa7c0,acct_280d8e4644,2026-03-28T11:12:10,3807.16,merchant_demo_001
txn_e932391e8cd1,acct_280d8e4644,2026-07-11T11:12:10,1161.51,merchant_demo_001
txn_785f425a02d3,acct_280d8e4644,2025-11-26T11:12:10,4596.04,merchant_demo_001
txn_e673eb8acc28,acct_280d8e4644,2026-04-05T11:12:10,2271.86,merchant_demo_001
txn_f9ddcd5471ab,acct_fab67e22af,2026-02-12T09:08:05,1013.31,merchant_demo_001
txn_00e3eac12fd2,acct_b9be59c1b5,2026-08-21T10:33:56,4047.98,merchant_demo_001
txn_23316f537697,acct_795987365c,2026-06-22T11:53:01,2147.91,merchant_demo_001
txn_36ee680176c4,acct_795987365c,2025-08-11T11:53:01,4589.13,merchant_demo_001
txn_1f76a53608b5,acct_03b87f28d5,2025-10-17T10:00:07,1679.66,merchant_demo_001
txn_41a9e17e57d2,acct_03b87f28d5,2025-08-26T10:00:07,3148.67,merchant_demo_001
txn_b716c2c779e5,acct_a141b77d83,2026-07-25T20:19:10,2425.83,merchant_demo_001
txn_d4b13b271c64,acct_0f713c6082,2025-12-05T08:28:26,3996.24,merchant_demo_001
txn_ffbd8770f54e,acct_a827f2d136,2026-11-19T21:25:47,1273.41,merchant_demo_001
txn_72aae1d967fa,acct_a827f2d136,2027-03-13T21:25:47,1229.88,merchant_demo_001
txn_12118e08500d,acct_a827f2d136,2027-01-04T21:25:47,4170.96,merchant_demo_001
txn_e83b07bbea83,acct_df9eb7ccac,2026-07-24T02:53:30,3980.85,merchant_demo_001
txn_5e84c224b161,acct_df9eb7ccac,2025-12-07T02:53:30,3889.96,merchant_demo_001
txn_ab9b3cfd7b7e,acct_df9eb7ccac,2026-09-13T02:53:30,2220.72,merchant_demo_001
txn_b40770fb7e49,acct_1daab0b04e,2026-02-09T01:20:12,2259.96,merchant_demo_001
txn_b6d9f4bab122,acct_31a099656c,2025-08-01T23:29:40,4873.9,merchant_demo_001
txn_94da2b02b840,acct_f3a3a36a3e,2025-08-20T11:11:38,1600.73,merchant_demo_001
txn_f7d9c51a259f,acct_780971da78,2027-07-23T11:56:42,681.3,merchant_demo_001
txn_da343ec1dcc4,acct_8260439cd2,2025-04-28T10:55:08,1542.28,merchant_demo_001
txn_bf43c75c2921,acct_8260439cd2,2026-02-14T10:55:08,2187.6,merchant_demo_001
txn_24963b624f2d,acct_8260439cd2,2025-05-22T10:55:08,3403.94,merchant_demo_001
txn_15f0111edd43,acct_8260439cd2,2026-01-11T10:55:08,308.41,merchant_demo_001
txn_ffacc4943601,acct_a9c7014ee6,2026-01-07T15:52:57,524.36,merchant_demo_001
txn_824d9813d787,acct_a9c7014ee6,2026-07-06T15:52:57,2084.98,merchant_demo_001
txn_3bf4b5e93dff,acct_a9c7014ee6,2026-04-18T15:52:57,3948.0,merchant_demo_001
txn_91f2966b8795,acct_a9c7014ee6,2026-05-01T15:52:57,102.5,merchant_demo_001
txn_5a96dab1df35,acct_55158064aa,2026-08-24T12:32:22,3986.07,merchant_demo_001
txn_d1973e21def4,acct_55158064aa,2026-11-12T12:32:22,3115.19,merchant_demo_001
txn_3ea51bd95e2e,acct_55158064aa,2026-06-21T12:32:22,3272.06,merchant_demo_001
txn_8994af567935,acct_55158064aa,2026-12-10T12:32:22,3925.5,merchant_demo_001
txn_6244507b47b4,acct_23f5ddf55e,2026-09-26T15:55:20,1674.56,merchant_demo_001
txn_771a9078734f,acct_23f5ddf55e,2026-04-13T15:55:20,584.63,merchant_demo_001
txn_7c90021ed0a1,acct_23f5ddf55e,2026-01-11T15:55:20,2996.12,merchant_demo_001
txn_df935bc9ca39,acct_23f5ddf55e,2026-02-08T15:55:20,2984.79,merchant_demo_001
txn_bba6b7128328,acct_8f3e9e836f,2026-06-22T04:34:09,673.61,merchant_demo_001
txn_2574ad8f6ae0,acct_8f3e9e836f,2026-05-20T04:34:09,1318.62,merchant_demo_001
txn_92d7df3c9079,acct_5808fd0031,2026-08-22T06:40:31,3636.88,merchant_demo_001
txn_dd00644f151c,acct_5808fd0031,2026-08-03T06:40:31,970.32,merchant_demo_001
txn_19e8f2d948bc,acct_5808fd0031,2026-02-27T06:40:31,3995.28,merchant_demo_001
txn_926375d181a1,acct_5808fd0031,2026-01-18T06:40:31,682.02,merchant_demo_001
txn_ce3ca3e3695c,acct_df73a14e39,2026-04-03T15:57:22,2589.97,merchant_demo_001
txn_a377eae48aed,acct_df73a14e39,2026-07-22T15:57:22,3784.15,merchant_demo_001
txn_76bd24f55c7a,acct_df73a14e39,2026-01-29T15:57:22,2939.15,merchant_demo_001
txn_62bca88c49e1,acct_df73a14e39,2026-05-27T15:57:22,3888.7,merchant_demo_001
txn_6128aa01e18a,acct_df73a14e39,2025-11-06T15:57:22,2374.14,merchant_demo_001
txn_00e497693cca,acct_90b03bcdf8,2026-01-08T00:23:00,1490.77,merchant_demo_001
txn_7a71bcc8dc97,acct_90b03bcdf8,2025-07-21T00:23:00,2612.52,merchant_demo_001
txn_f3f46c9f4b08,acct_90b03bcdf8,2026-06-18T00:23:00,3407.59,merchant_demo_001
txn_17b3a67e3337,acct_90b03bcdf8,2025-08-15T00:23:00,1225.07,merchant_demo_001
txn_e600eeaf6679,acct_90b03bcdf8,2026-04-29T00:23:00,4300.58,merchant_demo_001
txn_6937cbbae6e9,acct_961a16b61d,2025-07-15T10:14:03,1017.27,merchant_demo_001
txn_aad6ab377a5d,acct_961a16b61d,2025-05-02T10:14:03,3220.75,merchant_demo_001
txn_c549f97fde19,acct_961a16b61d,2025-05-03T10:14:03,3937.06,merchant_demo_001
txn_c8519aeb9567,acct_961a16b61d,2025-07-13T10:14:03,987.31,merchant_demo_001
txn_0a3154297b68,acct_262d1aff9c,2026-02-03T03:09:06,3474.61,merchant_demo_001
txn_cfbde6641854,acct_262d1aff9c,2026-02-03T02:11:06,3018.82,merchant_demo_001
txn_2bdf78258182,acct_25615fb835,2025-12-15T03:27:20,2852.18,merchant_demo_001
txn_b37a0fe89a64,acct_25615fb835,2025-08-12T03:27:20,3099.71,merchant_demo_001
txn_b8251efbe070,acct_25615fb835,2025-09-24T03:27:20,1676.66,merchant_demo_001
txn_54dd09a77a10,acct_c827044858,2027-02-22T11:52:03,4386.72,merchant_demo_001
txn_51a9c57da758,acct_d8da180785,2026-08-07T05:09:53,1136.06,merchant_demo_001
txn_047e25223785,acct_9dbd6a39b0,2027-02-03T09:01:31,1153.97,merchant_demo_001
txn_42e61daa5edb,acct_96ba063999,2026-06-20T01:56:12,3138.4,merchant_demo_001
txn_17139c90d926,acct_96ba063999,2026-02-24T01:56:12,2429.69,merchant_demo_001
txn_d50fc5730804,acct_1da7c54491,2026-08-13T22:03:06,1910.76,merchant_demo_001
txn_bf5c07cee460,acct_1da7c54491,2026-02-20T22:03:06,962.01,merchant_demo_001
txn_725751b1049a,acct_1da7c54491,2025-08-03T22:03:06,1845.94,merchant_demo_001
txn_0733067ef344,acct_2dcfe94843,2026-01-30T21:11:54,198.59,merchant_demo_001
txn_e52b736edc2a,acct_87adfc4af5,2026-07-25T06:05:10,1488.35,merchant_demo_001
txn_c88e50c34509,acct_b664434db0,2027-06-01T22:02:57,2949.15,merchant_demo_001
txn_51eb9a97652a,acct_b664434db0,2027-08-08T22:02:57,1831.55,merchant_demo_001
txn_e3d5e8a3be04,acct_1c28edc53d,2026-08-26T20:40:55,1029.23,merchant_demo_001
txn_98455c84a019,acct_69ede3cc83,2025-05-27T05:50:12,4432.64,merchant_demo_001
txn_654140bf9979,acct_69ede3cc83,2026-02-07T05:50:12,912.71,merchant_demo_001
txn_85d9d7bf607d,acct_fa7b18511f,2026-02-23T21:35:27,933.78,merchant_demo_001
txn_47937b9c934d,acct_fa7b18511f,2025-11-01T21:35:27,921.58,merchant_demo_001
txn_eebdb8e3aef3,acct_fa7b18511f,2026-03-04T21:35:27,4557.71,merchant_demo_001
txn_32f553dc9d89,acct_fa7b18511f,2025-10-31T21:35:27,4165.66,merchant_demo_001
txn_3b11a7b22676,acct_fa7b18511f,2025-12-30T21:35:27,1925.67,merchant_demo_001
txn_8429b2fba9e6,acct_0cd8fdb731,2025-10-01T23:13:44,4683.76,merchant_demo_001
txn_fbbec83f9433,acct_d02985ab5e,2025-10-27T11:56:28,1238.74,merchant_demo_001
txn_61d144bed69d,acct_d02985ab5e,2025-09-14T11:56:28,3321.5,merchant_demo_001
txn_575099da2eeb,acct_d02985ab5e,2025-12-02T11:56:28,4886.65,merchant_demo_001
txn_f13c921a6ef9,acct_291bab8f28,2026-08-29T13:00:36,4398.02,merchant_demo_001
txn_a66b3059724f,acct_291bab8f28,2026-02-21T13:00:36,636.54,merchant_demo_001
txn_ba75510405f0,acct_291bab8f28,2026-03-26T13:00:36,3984.75,merchant_demo_001
txn_31e86b7d73f3,acct_291bab8f28,2026-04-27T13:00:36,2686.15,merchant_demo_001
txn_50f1f425c53a,acct_291bab8f28,2027-01-09T13:00:36,1902.56,merchant_demo_001
txn_ab73c03c6584,acct_da590e8c15,2025-12-13T13:58:58,4886.06,merchant_demo_001
txn_d18fe8d703c7,acct_da590e8c15,2025-12-13T13:11:58,4609.02,merchant_demo_001
txn_1bc0c5edc7db,acct_da590e8c15,2025-12-13T14:46:58,2957.26,merchant_demo_001
txn_55a9325fd567,acct_f15636fbee,2025-05-21T13:39:46,3958.46,merchant_demo_001
txn_8c607071191b,acct_f15636fbee,2025-05-21T13:47:46,1273.5,merchant_demo_001
txn_485d1a44a25c,acct_f15636fbee,2025-05-21T15:05:46,3988.28,merchant_demo_001
txn_b2478620a084,acct_fccf89f206,2026-09-23T20:17:07,4843.5,merchant_demo_001
txn_588fb7796bc2,acct_fccf89f206,2026-09-13T20:17:07,1085.73,merchant_demo_001
txn_d46aa7ed56c9,acct_5814bcfc5d,2025-12-16T05:11:43,3965.44,merchant_demo_001
txn_f67762488385,acct_c743eb0d5a,2026-05-15T08:29:01,878.8,merchant_demo_001
txn_4280d7cce3da,acct_c743eb0d5a,2026-10-27T08:29:01,3768.97,merchant_demo_001
txn_e06c488a8964,acct_c743eb0d5a,2027-03-08T08:29:01,3768.12,merchant_demo_001
txn_a81f96374ac7,acct_c743eb0d5a,2026-10-20T08:29:01,2518.01,merchant_demo_001
txn_3b0b75626e15,acct_c743eb0d5a,2026-12-05T08:29:01,936.04,merchant_demo_001
txn_b2c671dcb67d,acct_674087faae,2026-09-14T15:45:26,3487.82,merchant_demo_001
txn_669ad7171e10,acct_674087faae,2026-12-20T15:45:26,4780.97,merchant_demo_001
txn_be06b8c12d31,acct_674087faae,2026-08-18T15:45:26,1378.26,merchant_demo_001
txn_5f2ad251f6e0,acct_605a73c226,2025-02-06T06:33:14,4609.87,merchant_demo_001
txn_74b6d38e9cef,acct_605a73c226,2025-02-06T06:19:14,3266.2,merchant_demo_001
txn_539dbf82d00d,acct_4645c6badd,2026-05-11T22:32:27,4479.68,merchant_demo_001
txn_63c3c5877b08,acct_4645c6badd,2026-09-07T22:32:27,4322.68,merchant_demo_001
txn_f45e8a0e7507,acct_000ed48d00,2026-03-15T10:32:16,1564.7,merchant_demo_001
txn_58273b91b917,acct_000ed48d00,2026-06-05T10:32:16,2878.28,merchant_demo_001
txn_f0bc1437836b,acct_000ed48d00,2026-06-03T10:32:16,1309.92,merchant_demo_001
txn_964fa6875fb4,acct_000ed48d00,2026-01-06T10:32:16,714.94,merchant_demo_001
txn_950809d7073d,acct_fcd608f7fa,2026-01-27T05:35:48,2250.3,merchant_demo_001
txn_04993d19e3f7,acct_0250598ee7,2026-08-12T12:43:01,2940.61,merchant_demo_001
txn_2103dd9422c4,acct_0250598ee7,2026-12-11T12:43:01,2585.7,merchant_demo_001
txn_a2689ae1763b,acct_0250598ee7,2026-10-06T12:43:01,2159.21,merchant_demo_001
txn_d0327df6df06,acct_1ecca825b7,2026-01-12T11:35:41,2074.32,merchant_demo_001
txn_08ae1f23826d,acct_1ecca825b7,2026-02-14T11:35:41,1619.25,merchant_demo_001
txn_f35f032e1261,acct_1ecca825b7,2025-12-17T11:35:41,172.36,merchant_demo_001
txn_084ee3a7d0b9,acct_1ecca825b7,2026-01-17T11:35:41,1207.26,merchant_demo_001
txn_3cd47c69e659,acct_c65fb5316a,2026-06-10T02:56:00,4512.31,merchant_demo_001
txn_09d77d388e05,acct_8c9b9d1eab,2026-12-01T01:23:17,2588.32,merchant_demo_001
txn_f4416b5e3bd4,acct_8c9b9d1eab,2027-02-12T01:23:17,436.89,merchant_demo_001
txn_57754908f9c5,acct_8c9b9d1eab,2026-08-08T01:23:17,4636.7,merchant_demo_001
txn_5134a3f80e9a,acct_1048a2e4d4,2026-01-18T19:45:03,403.18,merchant_demo_001
txn_f9491c1ce1fa,acct_561e6b63d5,2025-11-24T06:04:53,1041.52,merchant_demo_001
txn_1261c003bf73,acct_a9e3179502,2026-04-07T05:48:41,1679.74,merchant_demo_001
txn_5516a935c83b,acct_a9e3179502,2025-09-28T05:48:41,3738.8,merchant_demo_001
txn_0e658e0ec2c9,acct_8c01e9c21c,2026-03-08T15:27:56,993.68,merchant_demo_001
txn_b4bdb28b81e9,acct_8c01e9c21c,2026-03-08T16:51:56,4990.08,merchant_demo_001
txn_fab5f5385566,acct_8c01e9c21c,2026-03-08T16:36:56,4566.29,merchant_demo_001
txn_d939f869eb53,acct_f51d0ac92a,2026-09-03T03:04:45,1532.4,merchant_demo_001
txn_ece9cc988e09,acct_eae90da10b,2027-04-09T12:04:06,4984.37,merchant_demo_001
txn_c500a31d4e78,acct_eae90da10b,2026-09-28T12:04:06,4118.21,merchant_demo_001
txn_5abd0a0fb5a5,acct_eae90da10b,2027-03-27T12:04:06,3293.78,merchant_demo_001
txn_8e94a000c891,acct_5786ca2461,2027-06-13T23:04:44,2587.6,merchant_demo_001
txn_6d6a64060eb7,acct_5786ca2461,2027-08-07T23:04:44,4759.87,merchant_demo_001
txn_bc414eb29cc5,acct_5786ca2461,2027-02-02T23:04:44,1176.51,merchant_demo_001
txn_03486926f651,acct_5786ca2461,2027-07-19T23:04:44,3758.23,merchant_demo_001
txn_36fe8c1ca7bd,acct_604a401301,2025-11-25T08:02:58,2603.34,merchant_demo_001
txn_29d20d470e2e,acct_604a401301,2026-05-07T08:02:58,3800.23,merchant_demo_001
txn_5c277ee685b3,acct_604a401301,2026-08-02T08:02:58,4081.27,merchant_demo_001
txn_7443bbf101e9,acct_604a401301,2026-01-19T08:02:58,3969.98,merchant_demo_001
txn_b32b011946ef,acct_55fb7a2a01,2025-08-13T06:11:22,2172.53,merchant_demo_001
txn_cfcce62e8c49,acct_55fb7a2a01,2026-05-01T06:11:22,2117.55,merchant_demo_001
txn_3e00be289d7a,acct_55fb7a2a01,2025-12-19T06:11:22,2277.36,merchant_demo_001
txn_a7417b07cd31,acct_a252a94a25,2025-02-05T19:25:50,1904.77,merchant_demo_001
txn_661f1ab50822,acct_a252a94a25,2025-02-05T21:45:50,4375.06,merchant_demo_001
txn_811468aae9a9,acct_a252a94a25,2025-02-05T20:36:50,4719.6,merchant_demo_001
txn_b072b0162afd,acct_abfa0c289e,2026-11-04T12:03:21,4061.49,merchant_demo_001
txn_02f538e33115,acct_429f54e78c,2025-12-03T04:06:37,1166.18,merchant_demo_001
txn_7502c2b01f1c,acct_429f54e78c,2026-01-16T04:06:37,3444.53,merchant_demo_001
txn_843dd4c5d6df,acct_429f54e78c,2026-01-05T04:06:37,3826.07,merchant_demo_001
txn_03fd44f5d33a,acct_f9b83979d4,2026-04-28T10:19:10,1664.09,merchant_demo_001
txn_23cfb746bee5,acct_f9b83979d4,2025-12-07T10:19:10,2859.51,merchant_demo_001
txn_8c3696f8ec06,acct_f9b83979d4,2025-12-12T10:19:10,4614.61,merchant_demo_001
txn_78ae0f01fae3,acct_f9b83979d4,2026-02-12T10:19:10,4887.35,merchant_demo_001
txn_8a81764d27d2,acct_f9b83979d4,2026-05-14T10:19:10,2862.54,merchant_demo_001
txn_9633c3e9b701,acct_1324ac9b37,2027-04-11T23:37:02,2890.7,merchant_demo_001
txn_2d90d6f843e5,acct_1324ac9b37,2026-12-21T23:37:02,4901.85,merchant_demo_001
txn_36ab69ba2511,acct_1324ac9b37,2026-09-16T23:37:02,4746.03,merchant_demo_001
txn_4fdbd36e3d55,acct_1324ac9b37,2026-07-06T23:37:02,2695.73,merchant_demo_001
txn_04b2dff14a40,acct_1324ac9b37,2026-09-08T23:37:02,2400.15,merchant_demo_001
txn_707d7305f070,acct_13c58ea31c,2025-11-27T07:21:03,4811.59,merchant_demo_001
txn_42a7a6d5d299,acct_13c58ea31c,2026-01-02T07:21:03,4478.98,merchant_demo_001
txn_c73f7f29a96b,acct_13c58ea31c,2025-03-28T07:21:03,898.55,merchant_demo_001
txn_5a59e9501ef4,acct_975c0c0c1e,2025-07-24T14:36:33,208.69,merchant_demo_001
txn_70a2e9e0e56d,acct_975c0c0c1e,2026-04-12T14:36:33,3036.65,merchant_demo_001
txn_7d1c1d6d38ed,acct_975c0c0c1e,2025-05-08T14:36:33,974.13,merchant_demo_001
txn_a679ef506eaf,acct_975c0c0c1e,2025-05-30T14:36:33,4561.16,merchant_demo_001
txn_a6ecac46931c,acct_975c0c0c1e,2025-11-08T14:36:33,1454.9,merchant_demo_001
txn_5e5003b23c86,acct_62e884141e,2025-09-27T04:22:46,3314.87,merchant_demo_001
txn_2a356f832e10,acct_62e884141e,2025-06-05T04:22:46,2300.59,merchant_demo_001
txn_6f2b6854b971,acct_6d20b2e77a,2026-07-18T09:04:18,104.68,merchant_demo_001
txn_72ea516a001c,acct_6d20b2e77a,2026-04-11T09:04:18,4305.55,merchant_demo_001
txn_6a7016b5fb06,acct_6d20b2e77a,2026-05-24T09:04:18,1985.97,merchant_demo_001
txn_cf1dfed9fda5,acct_e96f26a443,2025-06-30T10:46:40,2705.44,merchant_demo_001
txn_1cc5161ee982,acct_b437a0b36c,2026-12-04T16:04:31,390.38,merchant_demo_001
txn_ec0f41338ad5,acct_b437a0b36c,2026-03-04T16:04:31,693.16,merchant_demo_001
txn_f883fa97aeb4,acct_b437a0b36c,2026-03-04T16:04:31,1583.3,merchant_demo_001
txn_8609acfe15fb,acct_b437a0b36c,2026-11-17T16:04:31,3340.72,merchant_demo_001
txn_f48bdf5a09ce,acct_7407a82f27,2026-07-17T08:29:24,2896.7,merchant_demo_001
txn_69571290f8b1,acct_7407a82f27,2026-02-16T08:29:24,2958.09,merchant_demo_001
txn_031a22123195,acct_b64eaa4b55,2026-07-24T15:02:34,3439.94,merchant_demo_001
txn_57f33d27ff3f,acct_b64eaa4b55,2025-12-11T15:02:34,1048.43,merchant_demo_001
txn_343921d2e35a,acct_b64eaa4b55,2025-10-04T15:02:34,2256.37,merchant_demo_001
txn_4900afaaafa7,acct_b64eaa4b55,2026-02-12T15:02:34,3044.0,merchant_demo_001
txn_1fd1bdf141cc,acct_b64eaa4b55,2025-11-26T15:02:34,2652.99,merchant_demo_001
txn_6c283b660d2b,acct_183ed1ce47,2025-05-21T03:00:14,2328.01,merchant_demo_001
txn_828fb4bd06b5,acct_183ed1ce47,2025-05-21T03:22:14,243.47,merchant_demo_001
txn_6178c02249bd,acct_183ed1ce47,2025-05-21T01:18:14,1475.16,merchant_demo_001
txn_da8d9c30282d,acct_f7c50ea7a8,2026-11-29T10:09:47,3516.57,merchant_demo_001
txn_dd298636170d,acct_f7c50ea7a8,2027-06-04T10:09:47,3972.12,merchant_demo_001
txn_4486a9ac7463,acct_f7c50ea7a8,2026-12-22T10:09:47,3084.49,merchant_demo_001
txn_44bf46a34c61,acct_f7c50ea7a8,2026-09-02T10:09:47,2104.51,merchant_demo_001
txn_5cab8a034eb4,acct_4fa661aab3,2027-05-25T05:51:49,3679.56,merchant_demo_001
txn_1b5f9345f0eb,acct_4fa661aab3,2027-03-04T05:51:49,1954.09,merchant_demo_001
txn_82495290e9e2,acct_d347b4015e,2026-06-03T09:26:50,2864.65,merchant_demo_001
txn_a12e656d245e,acct_d347b4015e,2025-12-29T09:26:50,3508.29,merchant_demo_001
txn_536ce690cdac,acct_ab4e00f67a,2026-03-08T05:51:39,4433.43,merchant_demo_001
txn_04cf89db5eaa,acct_211fca7968,2026-12-02T01:32:43,4418.65,merchant_demo_001
txn_79938ee0422f,acct_211fca7968,2027-04-16T01:32:43,1494.85,merchant_demo_001
txn_a39893e0458d,acct_4281968ef4,2026-10-03T05:35:48,3646.36,merchant_demo_001
txn_b906a64d08ed,acct_8b3bd96e5d,2026-02-12T01:34:23,2085.83,merchant_demo_001
txn_52d8115274c2,acct_5cadb11a65,2026-02-23T23:00:54,4976.82,merchant_demo_001
txn_45a4d18ea8d9,acct_5cadb11a65,2026-01-31T23:00:54,3789.21,merchant_demo_001
txn_5ac1a1d11ffa,acct_5cadb11a65,2026-09-07T23:00:54,3844.37,merchant_demo_001
txn_91ec97a39aa9,acct_5cadb11a65,2026-06-07T23:00:54,2079.98,merchant_demo_001
txn_0608b11ecd0b,acct_5cadb11a65,2026-03-17T23:00:54,1301.19,merchant_demo_001
txn_ec68d2831bbf,acct_60596919b6,2026-03-18T21:17:22,2337.73,merchant_demo_001
txn_6f9afe6d10b8,acct_60596919b6,2026-04-02T21:17:22,3212.39,merchant_demo_001
txn_92671a977b0b,acct_60596919b6,2027-02-04T21:17:22,3761.19,merchant_demo_001
txn_96adfa31b108,acct_60596919b6,2026-09-07T21:17:22,1751.11,merchant_demo_001
txn_a60838f50cc0,acct_60596919b6,2026-09-16T21:17:22,4286.08,merchant_demo_001
txn_5fface3c5a60,acct_222752c2a1,2026-06-25T10:43:54,103.15,merchant_demo_001
txn_4fc4c100468c,acct_222752c2a1,2026-08-03T10:43:54,3560.04,merchant_demo_001
txn_326c66933cb9,acct_222752c2a1,2026-08-14T10:43:54,1669.2,merchant_demo_001
txn_c38c60e4609e,acct_222752c2a1,2027-06-24T10:43:54,2348.02,merchant_demo_001
txn_41f0797845e5,acct_728f048aa5,2025-05-22T11:28:46,458.62,merchant_demo_001
txn_453cb2913f1c,acct_728f048aa5,2026-03-20T11:28:46,1249.35,merchant_demo_001
txn_865e97820b95,acct_728f048aa5,2025-11-28T11:28:46,744.27,merchant_demo_001
txn_ca216f4e547b,acct_728f048aa5,2025-09-07T11:28:46,4215.73,merchant_demo_001
txn_6a4995607fc9,acct_7a01c55a5d,2026-03-21T15:41:14,3054.59,merchant_demo_001
txn_5b1f4a8ffe80,acct_7a01c55a5d,2026-06-10T15:41:14,1506.02,merchant_demo_001
txn_40266bd3201f,acct_7e2d4e4280,2026-11-26T16:22:09,1984.71,merchant_demo_001
txn_5346650bf76f,acct_7e2d4e4280,2025-12-21T16:22:09,3373.39,merchant_demo_001
txn_603806279b77,acct_7e2d4e4280,2025-11-17T16:22:09,3403.05,merchant_demo_001
txn_26f9fce2e2f3,acct_7e2d4e4280,2026-01-29T16:22:09,2231.26,merchant_demo_001
txn_888af2844afd,acct_7e2d4e4280,2026-02-11T16:22:09,1122.53,merchant_demo_001
txn_309df086252e,acct_70656f7925,2026-07-05T08:04:05,2684.88,merchant_demo_001
txn_58d99f76d7c4,acct_6d21343307,2027-06-06T22:15:07,286.39,merchant_demo_001
txn_c8ba7b64d57c,acct_6d21343307,2027-05-06T22:15:07,4066.98,merchant_demo_001
txn_68e702b3c9ef,acct_6d21343307,2027-05-09T22:15:07,3329.57,merchant_demo_001
txn_41ffdb2e376d,acct_6d21343307,2027-05-18T22:15:07,4490.2,merchant_demo_001
txn_ed451acdccae,acct_f4c313812d,2026-07-24T11:09:13,1576.21,merchant_demo_001
txn_1c189218cabe,acct_f4c313812d,2025-08-31T11:09:13,3011.12,merchant_demo_001
txn_89da43e78f5a,acct_f4c313812d,2025-08-29T11:09:13,3873.43,merchant_demo_001
txn_332c5385e449,acct_f4c313812d,2026-09-01T11:09:13,1048.6,merchant_demo_001
txn_07bf9c844083,acct_7340bc7f09,2025-09-30T05:52:59,4548.34,merchant_demo_001
txn_7d8cdf5f601d,acct_7340bc7f09,2025-07-03T05:52:59,502.36,merchant_demo_001
txn_7608ee87321f,acct_612a250ef2,2025-04-13T03:04:06,4946.99,merchant_demo_001
txn_a3d719f5cd87,acct_612a250ef2,2025-09-18T03:04:06,4111.61,merchant_demo_001
txn_8567d399ff86,acct_612a250ef2,2026-03-13T03:04:06,3361.3,merchant_demo_001
txn_0bde3f602292,acct_612a250ef2,2025-07-20T03:04:06,4795.79,merchant_demo_001
txn_9e5b3c1159a3,acct_374e2b1597,2025-12-14T05:39:09,881.02,merchant_demo_001
txn_5ed0f255ed56,acct_0e69619709,2026-04-12T03:04:50,2107.62,merchant_demo_001
txn_34873d139182,acct_0e69619709,2026-05-15T03:04:50,4087.34,merchant_demo_001
txn_37e3b3e366f1,acct_ebde857e04,2027-04-09T16:48:08,3152.59,merchant_demo_001
txn_4ccad942086b,acct_ebde857e04,2027-05-11T16:48:08,1075.24,merchant_demo_001
txn_d9571c2ba5d2,acct_ebde857e04,2027-03-30T16:48:08,2005.57,merchant_demo_001
txn_e7ca63956420,acct_cd34ccc982,2026-09-25T01:20:49,1200.42,merchant_demo_001
txn_1c352b86d5e0,acct_cd34ccc982,2026-09-18T01:20:49,1815.05,merchant_demo_001
txn_435781b503f4,acct_cd34ccc982,2026-10-22T01:20:49,124.22,merchant_demo_001
txn_82238473b2ee,acct_cd34ccc982,2027-06-25T01:20:49,1615.39,merchant_demo_001
txn_c92fe940c2e0,acct_6850b64277,2026-10-11T05:29:17,2320.94,merchant_demo_001
txn_2a63b7efc47f,acct_6850b64277,2026-07-28T05:29:17,3306.91,merchant_demo_001
txn_1632c9c77890,acct_6850b64277,2026-11-14T05:29:17,3267.23,merchant_demo_001
txn_27647d4d9e2d,acct_6850b64277,2026-12-30T05:29:17,267.5,merchant_demo_001
txn_20248ba5c235,acct_1c853cf7d7,2026-05-14T22:49:55,1542.59,merchant_demo_001
txn_3a25fa0353c4,acct_1c853cf7d7,2026-08-18T22:49:55,2522.9,merchant_demo_001
txn_497bc13d4f80,acct_8ea5b5715a,2027-02-22T07:52:10,2704.1,merchant_demo_001
txn_b4e46f2c88eb,acct_d5230b5da1,2025-07-03T10:31:51,1297.1,merchant_demo_001
txn_2e9a9691ba9a,acct_d5230b5da1,2025-05-25T10:31:51,3019.34,merchant_demo_001
txn_3c703285fee1,acct_d5230b5da1,2026-02-24T10:31:51,3496.76,merchant_demo_001
txn_8d6bda32a1b0,acct_d5230b5da1,2026-03-20T10:31:51,4626.54,merchant_demo_001
txn_af48679adc9e,acct_d5230b5da1,2026-05-06T10:31:51,3483.92,merchant_demo_001
txn_a5aae762f311,acct_1f361e06e3,2025-07-31T06:19:59,3195.0,merchant_demo_001
txn_a7574df6cab3,acct_1f361e06e3,2026-04-20T06:19:59,1623.94,merchant_demo_001
txn_1f136404184d,acct_1f361e06e3,2026-04-09T06:19:59,2436.55,merchant_demo_001
txn_2242ad3d740a,acct_c311972385,2025-11-28T23:55:26,3062.24,merchant_demo_001
txn_54a140d2f963,acct_c311972385,2026-09-14T23:55:26,2272.11,merchant_demo_001
txn_a1fc94b387ae,acct_c311972385,2026-08-07T23:55:26,3220.93,merchant_demo_001
txn_a3c167e413a3,acct_c9cb05ca29,2027-01-06T09:26:18,2957.97,merchant_demo_001
txn_d6d300475740,acct_c9cb05ca29,2026-04-30T09:26:18,1201.4,merchant_demo_001
txn_6707cc53b18d,acct_d20093011f,2027-08-21T20:15:52,4489.06,merchant_demo_001
txn_ff84b8a0681c,acct_d20093011f,2027-01-03T20:15:52,1220.16,merchant_demo_001
txn_04e380e4c3ce,acct_d20093011f,2027-03-05T20:15:52,3798.37,merchant_demo_001
txn_8dc3be618605,acct_d20093011f,2027-06-11T20:15:52,442.98,merchant_demo_001
txn_a7f7e661bc4a,acct_d20093011f,2026-10-07T20:15:52,1903.89,merchant_demo_001
txn_232418429788,acct_a0638944f9,2025-07-18T03:58:26,800.77,merchant_demo_001
txn_6799af985b4b,acct_a0638944f9,2025-07-19T03:58:26,3228.09,merchant_demo_001
txn_fefd372de836,acct_a0638944f9,2025-08-05T03:58:26,4620.88,merchant_demo_001
txn_0e64d362f1a2,acct_c857a76dcc,2025-09-05T16:44:20,3709.32,merchant_demo_001
txn_6bbb886d72e3,acct_c857a76dcc,2025-07-08T16:44:20,714.62,merchant_demo_001
txn_5cdfda9687ba,acct_c857a76dcc,2025-07-02T16:44:20,3235.83,merchant_demo_001
txn_268c1cf1fa1f,acct_c857a76dcc,2026-02-14T16:44:20,246.06,merchant_demo_001
txn_4fa50e2c9d17,acct_c857a76dcc,2025-08-21T16:44:20,3257.83,merchant_demo_001
txn_426e40ea874a,acct_2b8c0844bd,2026-10-11T08:22:33,167.28,merchant_demo_001
txn_8591d25fe06d,acct_2b8c0844bd,2026-10-02T08:22:33,1689.79,merchant_demo_001
txn_a08a0eb9d59d,acct_2b8c0844bd,2026-01-24T08:22:33,1068.8,merchant_demo_001
txn_b32631ae91f2,acct_da8a77edfc,2027-02-13T11:29:21,4942.46,merchant_demo_001
txn_341ae8af0759,acct_89aa3a0b08,2025-08-10T01:45:39,3611.54,merchant_demo_001
txn_f76d4bc39f76,acct_89aa3a0b08,2025-08-10T01:22:39,4369.89,merchant_demo_001
txn_132a5ca30dfd,acct_89aa3a0b08,2025-08-10T01:00:39,1642.1,merchant_demo_001
txn_7ea4f0f3b259,acct_2e733b358d,2026-10-16T02:18:58,79.91,merchant_demo_001
txn_f77b4ecdc5d3,acct_2e733b358d,2026-08-06T02:18:58,396.43,merchant_demo_001
txn_a09c459a0cec,acct_2e733b358d,2026-03-06T02:18:58,307.93,merchant_demo_001
txn_79d4ade60970,acct_2e733b358d,2026-02-08T02:18:58,4694.46,merchant_demo_001
txn_01a636d58458,acct_6a5c8b3f76,2025-07-09T04:47:16,909.7,merchant_demo_001
txn_aedfa136ed25,acct_6a5c8b3f76,2026-03-01T04:47:16,4164.54,merchant_demo_001
txn_e8c3a601d978,acct_c6132f3f62,2025-11-20T09:50:49,2561.75,merchant_demo_001
txn_f865c8068e45,acct_c6132f3f62,2026-02-26T09:50:49,3638.7,merchant_demo_001
txn_8c5da9f75f50,acct_637ed3a00f,2025-04-13T00:02:15,3622.29,merchant_demo_001
txn_cb935049910b,acct_637ed3a00f,2025-05-24T00:02:15,2148.88,merchant_demo_001
txn_52f497bc65cf,acct_637ed3a00f,2025-11-25T00:02:15,1282.4,merchant_demo_001
txn_2a2651404251,acct_106c0b7d45,2026-11-21T10:36:33,2268.94,merchant_demo_001
txn_9a2e560b2cc4,acct_106c0b7d45,2026-12-21T10:36:33,1046.93,merchant_demo_001
txn_e1261de89b72,acct_106c0b7d45,2027-03-06T10:36:33,2431.79,merchant_demo_001
txn_a6b066e94994,acct_0f916bd51f,2025-09-10T17:31:45,1919.7,merchant_demo_001
txn_1e17a13dad41,acct_0f916bd51f,2025-10-18T17:31:45,2234.81,merchant_demo_001
txn_2b11fd7d5158,acct_0f916bd51f,2025-11-04T17:31:45,3066.5,merchant_demo_001
txn_e316f0df1b9b,acct_83901eb2da,2026-02-12T23:19:20,821.6,merchant_demo_001
txn_8ed78c5f7c91,acct_83901eb2da,2025-09-22T23:19:20,148.06,merchant_demo_001
txn_26fdd07bd202,acct_83901eb2da,2025-08-02T23:19:20,2165.62,merchant_demo_001
txn_d98df01e52f0,acct_83901eb2da,2025-03-02T23:19:20,3806.35,merchant_demo_001
txn_b61a0b6e4232,acct_0b63338fbc,2026-06-28T13:21:15,2709.13,merchant_demo_001
txn_2ad5fcb8e6cf,acct_0b63338fbc,2026-06-07T13:21:15,3646.91,merchant_demo_001
txn_d4158c78181c,acct_0b63338fbc,2026-01-06T13:21:15,1933.23,merchant_demo_001
txn_ac0a20056d99,acct_244004fc03,2026-08-05T22:21:34,1451.97,merchant_demo_001
txn_23962542f17e,acct_244004fc03,2026-09-29T22:21:34,3049.83,merchant_demo_001
txn_7d89a278be9a,acct_244004fc03,2026-01-21T22:21:34,1699.51,merchant_demo_001
txn_92e67f382a5a,acct_e60f967e41,2026-04-17T19:52:46,815.89,merchant_demo_001
txn_0243cf7a358f,acct_e60f967e41,2026-04-14T19:52:46,70.69,merchant_demo_001
txn_9f2306d69207,acct_e60f967e41,2026-09-20T19:52:46,3665.32,merchant_demo_001
txn_4fd9da11d934,acct_e60f967e41,2026-07-17T19:52:46,2482.7,merchant_demo_001
txn_9f3df0eb5783,acct_9ad9e48327,2025-12-07T09:50:16,4853.94,merchant_demo_001
txn_43cccc3e6937,acct_9ad9e48327,2025-12-05T09:50:16,1950.99,merchant_demo_001
txn_7fe18c27f702,acct_f486be179c,2026-03-09T00:43:41,4938.23,merchant_demo_001
txn_a8817bf5a184,acct_f486be179c,2025-05-21T00:43:41,2073.5,merchant_demo_001
txn_f53cf6b9127b,acct_f486be179c,2025-05-04T00:43:41,4962.74,merchant_demo_001
txn_e622c70c08de,acct_75e06a2dca,2025-12-07T18:54:01,4664.04,merchant_demo_001
txn_4fa8700f6bfd,acct_38cfed7458,2025-11-09T06:04:58,3826.61,merchant_demo_001
txn_91bd8e06ac8f,acct_38cfed7458,2025-12-10T06:04:58,3867.79,merchant_demo_001
txn_65b3da28d54d,acct_2d4ad8ebae,2027-03-30T23:49:12,3560.19,merchant_demo_001
txn_2c76c902c9a6,acct_2d4ad8ebae,2027-06-03T23:49:12,3458.02,merchant_demo_001
txn_fba5bb0e02ba,acct_2d4ad8ebae,2027-07-04T23:49:12,335.64,merchant_demo_001
txn_a46435f6f0fb,acct_8b0773ccc7,2026-12-11T15:03:08,3691.54,merchant_demo_001
txn_fad1bc01d984,acct_8b0773ccc7,2026-09-09T15:03:08,2414.74,merchant_demo_001
txn_6e454c1a456a,acct_8b0773ccc7,2026-11-09T15:03:08,3173.22,merchant_demo_001
txn_83f1c70d786a,acct_8b0773ccc7,2027-04-19T15:03:08,189.87,merchant_demo_001
txn_08a29b79a4df,acct_c0a9499ff5,2026-04-20T11:40:55,782.03,merchant_demo_001
txn_f9b1282bc323,acct_c0a9499ff5,2026-04-20T11:29:55,2304.58,merchant_demo_001
txn_8156c80b8f58,acct_c0a9499ff5,2026-04-20T11:49:55,779.47,merchant_demo_001
txn_32029bcec732,acct_c6e6761158,2027-02-07T16:06:32,2912.79,merchant_demo_001
txn_99511562e420,acct_c6e6761158,2027-03-10T16:06:32,4215.5,merchant_demo_001
txn_f9d6d8316fe8,acct_0f71504c6c,2025-07-02T07:14:37,3866.31,merchant_demo_001
txn_b5db6e000087,acct_bf7ca40b93,2025-12-05T12:51:43,3545.05,merchant_demo_001
txn_951c9b4b89c1,acct_bf7ca40b93,2025-06-26T12:51:43,2616.76,merchant_demo_001
txn_4dcfc28fa26a,acct_bf7ca40b93,2025-08-20T12:51:43,4386.23,merchant_demo_001
txn_667415a3b288,acct_bf7ca40b93,2025-08-08T12:51:43,4157.26,merchant_demo_001
txn_9864c51c8a28,acct_f1c791f647,2027-06-05T15:32:51,1545.99,merchant_demo_001
txn_1de478a346a2,acct_f1c791f647,2027-03-15T15:32:51,3309.51,merchant_demo_001
txn_99b243147502,acct_f1c791f647,2026-12-28T15:32:51,2951.09,merchant_demo_001
txn_5e274326bf6e,acct_5ead70cece,2027-06-24T14:38:58,4388.18,merchant_demo_001
txn_0191c7fd9163,acct_5ead70cece,2027-06-11T14:38:58,4353.62,merchant_demo_001
txn_0001af70a749,acct_5ead70cece,2026-07-29T14:38:58,3199.09,merchant_demo_001
txn_740442332841,acct_5ead70cece,2027-07-06T14:38:58,3997.79,merchant_demo_001
txn_91c6ccbaedfc,acct_4a9d178afc,2026-09-10T00:56:29,3756.21,merchant_demo_001
txn_182c16559c31,acct_4a9d178afc,2027-05-14T00:56:29,2019.95,merchant_demo_001
txn_fbd5bd1fd7ce,acct_d2403b6de1,2025-09-30T20:28:36,4935.78,merchant_demo_001
txn_81309a8fcb50,acct_d2403b6de1,2026-06-05T20:28:36,57.81,merchant_demo_001
txn_0950bd3574db,acct_d2403b6de1,2025-11-01T20:28:36,3880.03,merchant_demo_001
txn_2604ab754d09,acct_e4b2b50056,2027-01-02T15:12:06,2113.37,merchant_demo_001
txn_4a968d4ac6dc,acct_e4b2b50056,2026-09-03T15:12:06,3678.56,merchant_demo_001
txn_c57fc571db22,acct_e4b2b50056,2026-07-05T15:12:06,923.19,merchant_demo_001
txn_58d9e1540363,acct_e4b2b50056,2026-07-13T15:12:06,3535.03,merchant_demo_001
txn_d4e74ca92d57,acct_3f2f77ebaf,2026-08-21T21:51:48,950.82,merchant_demo_001
txn_f395f8ab8262,acct_3f2f77ebaf,2026-02-09T21:51:48,2280.77,merchant_demo_001
txn_38e1a1687aeb,acct_d10410b952,2026-01-10T08:43:49,1044.66,merchant_demo_001
txn_daaa179fe9c2,acct_d10410b952,2026-10-25T08:43:49,954.51,merchant_demo_001
txn_bb9b233d1baa,acct_0c7558d7c6,2025-09-07T20:23:47,4915.59,merchant_demo_001
txn_c4c182ee9ccf,acct_0c7558d7c6,2025-11-23T20:23:47,2231.62,merchant_demo_001
txn_9a0ea9ff6f44,acct_4b2f479e1d,2026-06-10T20:33:07,4348.39,merchant_demo_001
txn_d710b08c0cbc,acct_4b2f479e1d,2026-07-10T20:33:07,445.06,merchant_demo_001
txn_8d0badb0c846,acct_4b2f479e1d,2026-05-29T20:33:07,1919.76,merchant_demo_001
txn_cd7d2f08d02a,acct_4b2f479e1d,2026-09-04T20:33:07,368.1,merchant_demo_001
txn_9e63491573ad,acct_4b2f479e1d,2026-05-01T20:33:07,2948.95,merchant_demo_001
txn_def0c2f3d8c3,acct_da8939f780,2027-02-13T13:09:10,3380.38,merchant_demo_001
txn_24ded2d4d3db,acct_da8939f780,2026-07-31T13:09:10,97.06,merchant_demo_001
txn_43a4fabdcf2f,acct_da8939f780,2026-10-24T13:09:10,3771.4,merchant_demo_001
txn_08357319b563,acct_da8939f780,2026-06-13T13:09:10,3343.35,merchant_demo_001
txn_ad252746c97d,acct_600d2ef7b3,2025-03-12T01:13:07,1094.79,merchant_demo_001
txn_2eb0e9ff3858,acct_cdc345b83f,2026-05-19T05:43:41,3034.78,merchant_demo_001
txn_0df1d8ef12be,acct_2cb249c51a,2026-06-27T17:33:43,2392.5,merchant_demo_001
txn_aa7a6ced419a,acct_2cb249c51a,2026-04-12T17:33:43,3041.64,merchant_demo_001
txn_8b10a7246aee,acct_2cb249c51a,2026-04-12T17:33:43,1885.39,merchant_demo_001
txn_a66233266eb5,acct_3b515ecf2d,2026-05-05T20:52:00,4093.39,merchant_demo_001
txn_a3d533b5887a,acct_3b515ecf2d,2026-05-28T20:52:00,3342.14,merchant_demo_001
txn_b2fb4b1ba485,acct_3b515ecf2d,2026-06-06T20:52:00,3073.5,merchant_demo_001
txn_aadc7ba84606,acct_c00b36c1c4,2026-04-02T19:56:30,4041.04,merchant_demo_001
txn_d5c7bb50b33e,acct_c00b36c1c4,2025-10-16T19:56:30,2311.75,merchant_demo_001
txn_d84ce9a0a0cb,acct_c00b36c1c4,2026-10-07T19:56:30,2038.95,merchant_demo_001
txn_80168bccf141,acct_54b5008a84,2025-08-30T04:12:10,3029.45,merchant_demo_001
txn_1120c216653b,acct_54b5008a84,2026-05-15T04:12:10,1433.36,merchant_demo_001
txn_cddb147228ad,acct_0f8b0f7851,2026-04-30T05:08:44,2286.99,merchant_demo_001
txn_2267c5fa9729,acct_0f8b0f7851,2026-10-10T05:08:44,3311.44,merchant_demo_001
txn_702b8cc4de81,acct_5d7c4af799,2025-12-17T11:53:16,2094.98,merchant_demo_001
txn_c54f05596de3,acct_5d7c4af799,2025-07-03T11:53:16,65.49,merchant_demo_001
txn_94d95cd00d20,acct_5d7c4af799,2026-02-18T11:53:16,4789.86,merchant_demo_001
txn_042b27e2267e,acct_5d7c4af799,2025-09-09T11:53:16,132.32,merchant_demo_001
txn_b2640c11c76a,acct_63b9500316,2025-05-21T05:23:09,4849.51,merchant_demo_001
txn_12dbfa290c1b,acct_63b9500316,2025-05-21T06:35:09,3405.75,merchant_demo_001
txn_61855326cc4d,acct_cd7ba6c47d,2026-05-14T15:19:55,2448.45,merchant_demo_001
txn_19980a6103ea,acct_ca46e0725e,2025-06-30T19:05:42,1774.25,merchant_demo_001
txn_943d43e94645,acct_ca46e0725e,2026-01-18T19:05:42,4935.01,merchant_demo_001
txn_5e76592f9433,acct_ca46e0725e,2026-05-13T19:05:42,4530.75,merchant_demo_001
txn_2ee2c9e1601d,acct_ca46e0725e,2026-05-30T19:05:42,1955.05,merchant_demo_001
txn_69805843581e,acct_ca46e0725e,2026-03-26T19:05:42,1015.63,merchant_demo_001
txn_fc507ca4b678,acct_a9e74dd781,2027-02-02T16:34:18,4387.36,merchant_demo_001
txn_b324aa6b8960,acct_a9e74dd781,2027-05-13T16:34:18,2547.95,merchant_demo_001
txn_3c99f642b518,acct_89d8132156,2026-07-21T13:17:12,3994.26,merchant_demo_001
txn_256a0c24530d,acct_89d8132156,2026-04-12T13:17:12,4170.15,merchant_demo_001
txn_424e156ee1ec,acct_d8ea670241,2026-02-19T17:05:44,881.86,merchant_demo_001
txn_0b674c9806c2,acct_d8ea670241,2026-02-19T17:00:44,4777.5,merchant_demo_001
txn_96879b7519c7,acct_d8ea670241,2026-02-19T17:09:44,3330.08,merchant_demo_001
txn_f0d83c249d3b,acct_b8b04c9f21,2026-06-15T00:43:46,1097.62,merchant_demo_001
txn_c7e7b329d3ca,acct_b8b04c9f21,2027-03-03T00:43:46,4723.84,merchant_demo_001
txn_2ccb8614e2ad,acct_b016a6b8ae,2025-10-27T03:07:56,2202.72,merchant_demo_001
txn_8ef7e9a1e49e,acct_0ebc933036,2026-09-06T20:30:26,4648.57,merchant_demo_001
txn_efc9e4c8d727,acct_aa906f5775,2026-01-16T12:13:15,3843.23,merchant_demo_001
txn_1231466d9b60,acct_aa906f5775,2025-10-24T12:13:15,3609.92,merchant_demo_001
txn_97134e2f055b,acct_aa906f5775,2026-06-09T12:13:15,2407.7,merchant_demo_001
txn_5f5421ee0123,acct_937f2a24ce,2027-01-19T04:09:14,721.99,merchant_demo_001
txn_9638ee8c670a,acct_4873e3be6b,2026-01-15T11:10:33,3640.8,merchant_demo_001
txn_8d8f44adec31,acct_4873e3be6b,2025-04-12T11:10:33,3987.93,merchant_demo_001
txn_fd588a08e18f,acct_4873e3be6b,2025-08-14T11:10:33,4366.11,merchant_demo_001
txn_ff21e3e5c610,acct_4873e3be6b,2025-12-16T11:10:33,3843.37,merchant_demo_001
txn_5b672f8ea467,acct_4873e3be6b,2025-12-29T11:10:33,370.1,merchant_demo_001
txn_e4be55a0efe3,acct_a51f971f0b,2025-10-22T14:39:18,4555.33,merchant_demo_001
txn_68d650a5d177,acct_a51f971f0b,2026-04-27T14:39:18,3693.21,merchant_demo_001
txn_0e1ed25428a2,acct_a51f971f0b,2025-10-24T14:39:18,3286.9,merchant_demo_001
txn_d4468368294e,acct_fdda50652c,2026-06-22T22:53:18,4051.82,merchant_demo_001
txn_3ac4022cd4b2,acct_fdda50652c,2026-03-05T22:53:18,1332.52,merchant_demo_001
txn_df89a49d71aa,acct_fdda50652c,2026-04-08T22:53:18,484.02,merchant_demo_001
txn_2d92e48c3831,acct_fdda50652c,2025-12-26T22:53:18,1734.18,merchant_demo_001
txn_7fb8f5618c73,acct_fdda50652c,2026-09-10T22:53:18,4689.19,merchant_demo_001
txn_7033aba50fec,acct_1e873ff151,2026-10-02T00:23:57,1870.3,merchant_demo_001
txn_2d9a2311f872,acct_7642734fa6,2027-01-08T03:30:24,2905.74,merchant_demo_001
txn_646b205ea828,acct_7642734fa6,2026-06-28T03:30:24,1588.45,merchant_demo_001
txn_c4fd9d2f9e61,acct_7642734fa6,2027-04-26T03:30:24,2701.24,merchant_demo_001
txn_6d9693287331,acct_f178ac6802,2026-06-20T02:01:40,1632.23,merchant_demo_001
txn_6c8fd702cc54,acct_f178ac6802,2026-05-21T02:01:40,3997.71,merchant_demo_001
txn_925311528758,acct_f178ac6802,2026-01-19T02:01:40,2622.77,merchant_demo_001
txn_9da0dc150b12,acct_f178ac6802,2026-09-20T02:01:40,2974.34,merchant_demo_001
txn_96e122a07706,acct_a8189ce8f6,2026-11-22T13:52:49,95.48,merchant_demo_001
txn_c2ea63514f61,acct_88d425a075,2026-02-24T16:19:43,766.27,merchant_demo_001
txn_49e49b0e6c9d,acct_88d425a075,2026-02-14T16:19:43,4194.22,merchant_demo_001
txn_57cc41d1a4eb,acct_88d425a075,2026-05-29T16:19:43,3415.91,merchant_demo_001
txn_8c397295827a,acct_88d425a075,2025-11-30T16:19:43,3027.25,merchant_demo_001
txn_41d5053d0106,acct_58ea60c06f,2026-08-26T10:09:43,3343.49,merchant_demo_001
txn_6d4843427b71,acct_58ea60c06f,2026-08-03T10:09:43,220.0,merchant_demo_001
txn_6f66efb0410d,acct_20182d6a1e,2026-08-04T23:22:42,2536.77,merchant_demo_001
txn_e40fd80c2698,acct_20182d6a1e,2027-02-14T23:22:42,661.15,merchant_demo_001
txn_01a615f31e37,acct_20182d6a1e,2027-02-23T23:22:42,2891.16,merchant_demo_001
txn_ec16924774c2,acct_a7b27a58a7,2026-07-31T13:44:25,1492.9,merchant_demo_001
txn_3add63ec9411,acct_a7b27a58a7,2026-05-31T13:44:25,341.12,merchant_demo_001
txn_9823ccfbcd19,acct_939a661468,2025-07-18T18:20:52,4148.03,merchant_demo_001
txn_f2265d2d52e1,acct_939a661468,2025-08-16T18:20:52,4247.95,merchant_demo_001
txn_889ba86cd32e,acct_939a661468,2025-08-24T18:20:52,3517.02,merchant_demo_001
txn_381c99a86817,acct_840a768735,2027-02-06T19:01:07,936.15,merchant_demo_001
txn_73beddef1d97,acct_34da6bcab5,2026-09-05T05:29:02,1989.45,merchant_demo_001
txn_8f1cf608cf47,acct_34da6bcab5,2026-08-01T05:29:02,4566.26,merchant_demo_001
txn_8158931e1aa4,acct_34da6bcab5,2025-11-18T05:29:02,4955.76,merchant_demo_001
txn_eeaa750ee94f,acct_34da6bcab5,2026-06-05T05:29:02,1991.81,merchant_demo_001
txn_990f74e7d199,acct_3e0cf8170d,2027-01-30T09:06:07,2393.44,merchant_demo_001
txn_3aa56c76ebc5,acct_3e0cf8170d,2026-08-14T09:06:07,3800.69,merchant_demo_001
txn_02aef380f05d,acct_3e0cf8170d,2026-09-05T09:06:07,405.52,merchant_demo_001
txn_dc7ced189adb,acct_3e0cf8170d,2027-02-24T09:06:07,1451.05,merchant_demo_001
txn_cea0f346349e,acct_78d4fad743,2026-08-22T11:01:28,4288.45,merchant_demo_001
txn_f79762aa8d90,acct_78d4fad743,2026-03-18T11:01:28,531.73,merchant_demo_001
txn_47b6e7c53a68,acct_72d3bcba47,2026-05-03T11:37:14,3966.82,merchant_demo_001
txn_ac9a5d55feaf,acct_72d3bcba47,2025-05-10T11:37:14,4256.56,merchant_demo_001
txn_6153a854cb5f,acct_72d3bcba47,2026-04-11T11:37:14,1555.17,merchant_demo_001
txn_21f8eab97072,acct_a8db889d8c,2027-01-27T03:49:47,730.93,merchant_demo_001
txn_4a4ab33440cb,acct_a8db889d8c,2027-03-29T03:49:47,2438.09,merchant_demo_001
txn_c744f89eea73,acct_aa9f238393,2026-07-24T21:54:10,1129.78,merchant_demo_001
txn_4675f5f7d681,acct_aa9f238393,2027-04-26T21:54:10,1018.49,merchant_demo_001
txn_39de26635314,acct_79379ae689,2025-11-03T23:45:23,3643.49,merchant_demo_001
txn_d2503cc14fdc,acct_986dcba0bb,2026-08-04T10:29:33,3407.67,merchant_demo_001
txn_11b2ab010a02,acct_986dcba0bb,2026-08-27T10:29:33,1913.95,merchant_demo_001
txn_2cf616fb829c,acct_986dcba0bb,2027-01-17T10:29:33,3413.25,merchant_demo_001
txn_0e3e13be1fd8,acct_986dcba0bb,2026-09-07T10:29:33,4633.63,merchant_demo_001
txn_749c93d6de2a,acct_986dcba0bb,2026-08-01T10:29:33,1810.14,merchant_demo_001
txn_c0b4bffb8de9,acct_d9a4d8e0e0,2025-06-18T22:55:54,4728.06,merchant_demo_001
txn_ce02e99f59b1,acct_d9a4d8e0e0,2025-05-18T22:55:54,4902.37,merchant_demo_001
txn_830ff77c7fab,acct_d9a4d8e0e0,2026-02-14T22:55:54,1725.5,merchant_demo_001
txn_e149a34d3f84,acct_d9a4d8e0e0,2025-10-27T22:55:54,4850.15,merchant_demo_001
txn_565854d2d8d0,acct_7dacb963ab,2025-05-08T12:29:49,218.26,merchant_demo_001
txn_cb916368123c,acct_7dacb963ab,2025-05-06T12:29:49,2013.39,merchant_demo_001
txn_da1bfcc40c96,acct_7dacb963ab,2025-06-06T12:29:49,3455.52,merchant_demo_001
txn_ff11462de5e4,acct_7dacb963ab,2025-04-01T12:29:49,3281.34,merchant_demo_001
txn_281f81be3274,acct_529b22b9a8,2027-04-24T11:16:15,3474.38,merchant_demo_001
txn_fbb468b934bb,acct_529b22b9a8,2027-03-01T11:16:15,3309.67,merchant_demo_001
txn_7b76800013c7,acct_529b22b9a8,2027-04-25T11:16:15,2345.19,merchant_demo_001
txn_3a9f7bb85514,acct_529b22b9a8,2027-02-18T11:16:15,1941.4,merchant_demo_001
txn_dd3212c79a3f,acct_19a6d83d29,2025-12-04T08:03:49,107.43,merchant_demo_001
txn_e9ebfb95ab46,acct_19a6d83d29,2025-07-28T08:03:49,459.05,merchant_demo_001
txn_d97db409ff3e,acct_19a6d83d29,2026-02-04T08:03:49,3224.98,merchant_demo_001
txn_3871cbd8f9a3,acct_19a6d83d29,2026-02-14T08:03:49,1163.43,merchant_demo_001
txn_0da5119cfd93,acct_c87566a580,2026-12-08T19:05:28,4937.38,merchant_demo_001
txn_9db4969d1fb5,acct_c87566a580,2026-10-21T19:05:28,1404.94,merchant_demo_001
txn_349f4e9adbb8,acct_c87566a580,2027-03-06T19:05:28,518.04,merchant_demo_001
txn_c2b62e984ac8,acct_c87566a580,2026-12-18T19:05:28,946.43,merchant_demo_001
txn_60b41e0c18b2,acct_c87566a580,2026-10-23T19:05:28,4999.77,merchant_demo_001
txn_741f6979bc96,acct_12a9f35a15,2026-10-02T08:40:00,2878.54,merchant_demo_001
txn_273d5f97510c,acct_12a9f35a15,2026-06-22T08:40:00,1659.88,merchant_demo_001
txn_92dcf05309ce,acct_12a9f35a15,2027-05-03T08:40:00,4548.96,merchant_demo_001
txn_73717a6cd458,acct_12a9f35a15,2027-02-02T08:40:00,965.2,merchant_demo_001
txn_efb81916c14f,acct_8a8b82a7db,2025-09-05T14:07:35,2802.5,merchant_demo_001
txn_b44cefc49859,acct_00c15f7a82,2025-11-24T13:36:59,2468.39,merchant_demo_001
txn_ae7d0f736834,acct_00c15f7a82,2025-11-18T13:36:59,4193.86,merchant_demo_001
txn_fb27c3365f59,acct_00c15f7a82,2025-11-28T13:36:59,3583.06,merchant_demo_001
txn_e085a13c77ad,acct_00c15f7a82,2026-01-25T13:36:59,664.24,merchant_demo_001
txn_cb431bfefdd5,acct_00c15f7a82,2026-03-18T13:36:59,1076.95,merchant_demo_001
txn_d3c5669e3400,acct_594873710f,2026-01-30T15:37:37,4316.92,merchant_demo_001
txn_aac9f14a78fc,acct_5ae8ae3947,2026-03-17T01:09:17,2795.87,merchant_demo_001
txn_da545a0b8ec0,acct_5ae8ae3947,2026-08-22T01:09:17,659.07,merchant_demo_001
txn_fdf538633976,acct_b1ec46a1e0,2026-02-21T00:37:36,1070.84,merchant_demo_001
txn_36cd35bb80fa,acct_b1ec46a1e0,2025-07-24T00:37:36,484.71,merchant_demo_001
txn_8168b310b509,acct_804543e16e,2026-08-12T07:02:55,223.28,merchant_demo_001
txn_3c15151c1d91,acct_804543e16e,2025-09-24T07:02:55,2555.43,merchant_demo_001
txn_943e9148008b,acct_804543e16e,2026-01-25T07:02:55,4833.07,merchant_demo_001
txn_ec0ec14dab86,acct_02356ef472,2026-01-10T02:36:02,4886.66,merchant_demo_001
txn_5ed38f828a78,acct_02356ef472,2026-05-10T02:36:02,50.42,merchant_demo_001
txn_7af52f31cc3a,acct_cdb554b4c2,2025-07-01T18:43:23,4733.76,merchant_demo_001
txn_737afeccb85e,acct_cdb554b4c2,2026-02-28T18:43:23,4527.87,merchant_demo_001
txn_a72f602151b3,acct_cdb554b4c2,2025-11-05T18:43:23,3312.83,merchant_demo_001
txn_3a3c7c38b47a,acct_57595a70fb,2026-08-07T15:54:37,2906.5,merchant_demo_001
txn_640377668da4,acct_57595a70fb,2027-05-18T15:54:37,1599.03,merchant_demo_001
txn_6daad105aba5,acct_57595a70fb,2026-11-24T15:54:37,3050.55,merchant_demo_001
txn_7a9d18a2a683,acct_57595a70fb,2027-02-13T15:54:37,1088.71,merchant_demo_001
txn_b8c7c276ba37,acct_4ae704d156,2027-03-19T04:41:20,4107.83,merchant_demo_001
txn_4d7a876a7faa,acct_d828ed1e86,2026-01-07T04:12:35,980.96,merchant_demo_001
txn_fd88cdd1ea97,acct_d828ed1e86,2026-05-22T04:12:35,4287.62,merchant_demo_001
txn_549c866f48cf,acct_5662227597,2025-08-31T04:13:38,3030.61,merchant_demo_001
txn_c38eea0d228e,acct_5662227597,2025-10-12T04:13:38,2979.33,merchant_demo_001
txn_062f55b8530a,acct_54571dc46b,2025-10-10T05:12:43,3659.07,merchant_demo_001
txn_f3320eb69722,acct_54571dc46b,2026-03-10T05:12:43,418.08,merchant_demo_001
txn_255cda3c4b5a,acct_54571dc46b,2025-12-14T05:12:43,1340.34,merchant_demo_001
txn_053fad50e1ed,acct_291e749c04,2026-08-20T13:30:27,2307.54,merchant_demo_001
txn_fda637bde9c7,acct_291e749c04,2026-06-07T13:30:27,3398.8,merchant_demo_001
txn_ae6a1c0081f3,acct_21d3eb24eb,2026-04-07T16:05:48,2702.73,merchant_demo_001
txn_931c9dbcf835,acct_21d3eb24eb,2026-04-07T15:47:48,3166.36,merchant_demo_001
txn_b0c67a83845e,acct_21d3eb24eb,2026-04-07T16:37:48,4977.03,merchant_demo_001
txn_17d3c24f80c3,acct_3d63cd23f2,2025-09-07T16:13:47,1003.51,merchant_demo_001
txn_528488203fc4,acct_3d63cd23f2,2025-09-07T15:03:47,2840.03,merchant_demo_001
txn_1a17acf5876a,acct_3d63cd23f2,2025-09-07T16:13:47,4111.52,merchant_demo_001
txn_f9589b0c6775,acct_ffb8ff76e4,2025-04-16T07:00:24,2127.45,merchant_demo_001
txn_b46390ba7d0b,acct_ffb8ff76e4,2025-04-11T07:00:24,1615.98,merchant_demo_001
txn_8d8ff8e4d09b,acct_ffb8ff76e4,2025-09-02T07:00:24,1925.76,merchant_demo_001
txn_42cda5ae3105,acct_ffb8ff76e4,2025-11-28T07:00:24,1275.11,merchant_demo_001
txn_e1274bcc496b,acct_ffb8ff76e4,2025-06-10T07:00:24,666.88,merchant_demo_001
txn_000bb909e45b,acct_412913b941,2026-01-03T15:49:01,2764.43,merchant_demo_001
txn_79b0045eba8c,acct_3b23da27b5,2026-12-24T19:37:24,3218.88,merchant_demo_001
txn_5e8609d4cd0d,acct_927cc7ebd1,2026-12-13T12:54:24,3901.45,merchant_demo_001
txn_83884df13900,acct_927cc7ebd1,2026-09-08T12:54:24,4350.83,merchant_demo_001
txn_0fb38a3e0fcf,acct_927cc7ebd1,2026-10-19T12:54:24,1404.55,merchant_demo_001
txn_522add72521f,acct_bb42d4a43a,2026-07-28T19:16:25,4898.45,merchant_demo_001
txn_904ee2b8d0de,acct_59e6243fd4,2026-10-17T10:27:01,4761.33,merchant_demo_001
txn_5cc3cadfbd10,acct_59e6243fd4,2027-05-12T10:27:01,4631.9,merchant_demo_001
txn_b236fe84b590,acct_265a93bbeb,2026-02-16T12:27:53,3655.22,merchant_demo_001
txn_61b7da4f09ee,acct_265a93bbeb,2025-10-26T12:27:53,2964.69,merchant_demo_001
txn_a7023f8ce3e2,acct_1122f5f59b,2025-04-06T05:52:03,2668.35,merchant_demo_001
txn_1026d4ce2508,acct_1122f5f59b,2026-02-10T05:52:03,2882.18,merchant_demo_001
txn_5e38cb6e9421,acct_1122f5f59b,2025-07-11T05:52:03,2780.13,merchant_demo_001
txn_0420fc63c225,acct_1122f5f59b,2025-12-25T05:52:03,540.38,merchant_demo_001
txn_1bb0ff1991ab,acct_b5150b433a,2025-07-29T20:16:27,1624.08,merchant_demo_001
txn_c74417d99b86,acct_07f16d7df4,2025-09-07T13:00:34,1758.61,merchant_demo_001
txn_616434212166,acct_07f16d7df4,2025-09-07T15:07:34,4841.6,merchant_demo_001
txn_d49eddc61060,acct_411f4428cc,2026-09-24T12:07:57,2993.35,merchant_demo_001
txn_522fc28db94a,acct_411f4428cc,2026-07-10T12:07:57,2410.47,merchant_demo_001
txn_5472c367bad0,acct_411f4428cc,2026-02-19T12:07:57,1332.35,merchant_demo_001
txn_2a348e1282d7,acct_411f4428cc,2026-12-02T12:07:57,2592.15,merchant_demo_001
txn_c5509dc54462,acct_411f4428cc,2026-03-05T12:07:57,3304.94,merchant_demo_001
txn_bc68fdb8d2ec,acct_125f8d543e,2025-08-07T09:52:32,2859.43,merchant_demo_001
txn_6d176e8d22a7,acct_125f8d543e,2025-06-11T09:52:32,311.68,merchant_demo_001
txn_fdceaf86836f,acct_7dc92ba480,2026-09-25T22:09:44,3898.76,merchant_demo_001
txn_565be8e4e560,acct_7dc92ba480,2026-09-10T22:09:44,3063.08,merchant_demo_001
txn_0eb94ff32ebe,acct_7dc92ba480,2026-09-24T22:09:44,2316.04,merchant_demo_001
txn_65e89a43658d,acct_bb334a6c4f,2026-02-02T19:16:01,4002.42,merchant_demo_001
txn_4788d5622341,acct_bb334a6c4f,2026-04-19T19:16:01,1469.76,merchant_demo_001
txn_19c06fde122b,acct_bb334a6c4f,2026-03-12T19:16:01,2626.94,merchant_demo_001
txn_328e6e5aa642,acct_bb334a6c4f,2026-08-07T19:16:01,4412.87,merchant_demo_001
txn_338db3c95a21,acct_b0786ee888,2026-02-11T14:49:56,3196.39,merchant_demo_001
txn_8cb46201fc20,acct_b0786ee888,2025-10-22T14:49:56,4739.9,merchant_demo_001
txn_d1a49b60d7c9,acct_71b2798fdf,2027-02-26T14:10:03,1598.05,merchant_demo_001
txn_ae745518e580,acct_71b2798fdf,2026-03-15T14:10:03,3191.65,merchant_demo_001
txn_26b5d9b42163,acct_71b2798fdf,2026-03-08T14:10:03,3663.27,merchant_demo_001
txn_0ea229d9e7a2,acct_71b2798fdf,2026-03-16T14:10:03,867.31,merchant_demo_001
txn_13ec63c761b1,acct_fc8d2cd12f,2025-02-24T22:05:59,3729.88,merchant_demo_001
txn_23637321eaab,acct_ed7e6c4ae9,2026-12-03T20:42:11,4051.32,merchant_demo_001
txn_c99129facc05,acct_ed7e6c4ae9,2026-03-31T20:42:11,4812.72,merchant_demo_001
txn_f41fcd582570,acct_ed7e6c4ae9,2026-10-29T20:42:11,3401.31,merchant_demo_001
txn_5b44b8b6fdb6,acct_ed7e6c4ae9,2027-04-04T20:42:11,725.32,merchant_demo_001
txn_8cd01eab48d5,acct_ed7e6c4ae9,2026-12-05T20:42:11,2599.31,merchant_demo_001
txn_5d2013e7d2c8,acct_5d29474140,2026-08-19T22:17:59,667.22,merchant_demo_001
txn_fefb23cf1434,acct_5d29474140,2025-09-03T22:17:59,3100.62,merchant_demo_001
txn_7201b3709ddd,acct_5d29474140,2026-09-12T22:17:59,86.09,merchant_demo_001
txn_d54a84effd13,acct_5d29474140,2026-04-01T22:17:59,3527.83,merchant_demo_001
txn_25bedf19f733,acct_5d29474140,2026-09-14T22:17:59,1758.05,merchant_demo_001
txn_cee120de2124,acct_7b397ab4b3,2025-11-14T16:14:15,4756.8,merchant_demo_001
txn_c1dbb663b5be,acct_7b397ab4b3,2025-11-14T15:40:15,3436.19,merchant_demo_001
txn_22b5c1e897ff,acct_7b397ab4b3,2025-11-14T13:35:15,3056.5,merchant_demo_001
txn_730039eac229,acct_f05aa1c3ce,2027-04-25T10:14:11,4654.42,merchant_demo_001
txn_76f6701fdcc3,acct_f05aa1c3ce,2027-06-10T10:14:11,2641.41,merchant_demo_001
txn_a909d5a1c0d7,acct_37f5693d23,2025-06-18T14:38:54,421.86,merchant_demo_001
txn_fe7959eca403,acct_37f5693d23,2025-05-28T14:38:54,2592.74,merchant_demo_001
txn_cc5daf9972ce,acct_21581f2201,2026-07-11T06:46:38,2502.76,merchant_demo_001
txn_e2eb9af8328f,acct_d67aadccd3,2026-04-09T17:50:17,4850.16,merchant_demo_001
txn_eed6bfe673cf,acct_d67aadccd3,2026-03-22T17:50:17,4574.52,merchant_demo_001
txn_cc87faa8c2fe,acct_4b0a5d01e0,2026-07-12T00:05:03,4261.35,merchant_demo_001
txn_08434d70af30,acct_4b0a5d01e0,2025-12-08T00:05:03,1485.82,merchant_demo_001
txn_7dbb5ef014c0,acct_aff8c6eb17,2025-07-27T12:59:30,1360.52,merchant_demo_001
txn_59695de9b696,acct_aff8c6eb17,2025-02-28T12:59:30,3703.23,merchant_demo_001
txn_e0a30532ebad,acct_aff8c6eb17,2025-12-15T12:59:30,1998.43,merchant_demo_001
txn_6d4157f3ff0d,acct_aff8c6eb17,2025-08-02T12:59:30,4649.09,merchant_demo_001
txn_e064dc9d7fe3,acct_ea38612a4d,2025-10-03T19:31:28,4680.3,merchant_demo_001
txn_cd466c8d13ad,acct_ea38612a4d,2026-07-28T19:31:28,4249.34,merchant_demo_001
txn_47e940854cb0,acct_ea38612a4d,2025-10-14T19:31:28,1810.93,merchant_demo_001
txn_b61d2dcab146,acct_ea38612a4d,2026-07-27T19:31:28,2328.75,merchant_demo_001
txn_0cb8fa0af8a7,acct_ea38612a4d,2026-02-14T19:31:28,1801.77,merchant_demo_001
txn_d6f9c50a9111,acct_e8d9508d80,2027-01-15T03:20:11,4456.47,merchant_demo_001
txn_bc380d430ed1,acct_7753a58579,2026-11-30T12:47:15,1804.94,merchant_demo_001
txn_2443d39c955b,acct_7753a58579,2026-06-29T12:47:15,2182.48,merchant_demo_001
txn_5a407ccb894b,acct_475a9e8c1e,2026-08-03T14:25:37,2669.03,merchant_demo_001
txn_eb6d02ac3c72,acct_da8a30c613,2027-01-03T04:14:13,663.02,merchant_demo_001
txn_92f5d3e8b40f,acct_da8a30c613,2027-02-11T04:14:13,84.21,merchant_demo_001
txn_68aeb8c980c3,acct_e9db30af44,2026-05-16T19:40:03,2379.96,merchant_demo_001
txn_bfc6a8169b74,acct_e9db30af44,2026-07-31T19:40:03,1531.46,merchant_demo_001
txn_1b2f14f721bc,acct_e9db30af44,2026-08-28T19:40:03,4466.36,merchant_demo_001
txn_396b08eafbc7,acct_97d6ff332b,2025-09-10T23:07:23,588.04,merchant_demo_001
txn_6b1934fbbfd7,acct_97d6ff332b,2025-12-06T23:07:23,3298.58,merchant_demo_001
txn_0063d6f98d72,acct_97d6ff332b,2025-12-06T23:07:23,851.08,merchant_demo_001
txn_64cd74277f95,acct_97d6ff332b,2025-10-24T23:07:23,3748.1,merchant_demo_001
txn_ed1b9f0e561d,acct_97d6ff332b,2025-04-28T23:07:23,1828.22,merchant_demo_001
txn_40270ac4d610,acct_bf4ca638ac,2026-05-09T20:47:27,988.36,merchant_demo_001
txn_2106cfc29fa8,acct_bf4ca638ac,2026-04-03T20:47:27,711.72,merchant_demo_001
txn_c881061d09cb,acct_e0cc00902b,2026-03-08T18:08:25,4509.94,merchant_demo_001
txn_044d5b575aa3,acct_e0cc00902b,2026-03-08T17:25:25,3347.71,merchant_demo_001
txn_c19a1cf815a1,acct_d7ca0c2606,2026-03-25T19:18:45,4915.5,merchant_demo_001
txn_ca35996786d0,acct_d7ca0c2606,2026-03-25T16:58:45,2134.42,merchant_demo_001
txn_44597c996435,acct_81c73bf76e,2026-01-09T05:37:19,4009.11,merchant_demo_001
txn_0ad95e6586c2,acct_81c73bf76e,2026-05-01T05:37:19,680.8,merchant_demo_001
txn_94f0cb416d2f,acct_81c73bf76e,2026-05-20T05:37:19,3833.74,merchant_demo_001
txn_695cb973b2e5,acct_81c73bf76e,2025-11-21T05:37:19,2534.2,merchant_demo_001
txn_73b1f4340516,acct_81c73bf76e,2026-05-15T05:37:19,4223.16,merchant_demo_001
txn_a2a0d156ebae,acct_b45df2fae5,2025-04-23T13:02:35,593.18,merchant_demo_001
txn_ad5ef7dae55c,acct_b45df2fae5,2025-04-11T13:02:35,3973.93,merchant_demo_001
txn_74b0f172fb18,acct_b45df2fae5,2025-04-20T13:02:35,819.93,merchant_demo_001
txn_e1e36e3e3f0a,acct_b45df2fae5,2025-10-29T13:02:35,117.56,merchant_demo_001
txn_b5b69fe72ad4,acct_9cd45b7d61,2025-12-25T17:32:41,3407.64,merchant_demo_001
txn_57596057d24e,acct_9cd45b7d61,2026-05-23T17:32:41,2176.84,merchant_demo_001
txn_c8a7506ec089,acct_c67cd7f50f,2026-12-01T06:00:29,89.74,merchant_demo_001
txn_5525cbcd4092,acct_c67cd7f50f,2026-07-22T06:00:29,1482.86,merchant_demo_001
txn_70933a1d636a,acct_c67cd7f50f,2026-07-25T06:00:29,458.94,merchant_demo_001
txn_81379844e048,acct_c67cd7f50f,2026-06-26T06:00:29,1276.35,merchant_demo_001
txn_1ea86959b09a,acct_c67cd7f50f,2026-02-05T06:00:29,3659.78,merchant_demo_001
txn_f167a635bb25,acct_2f07027c15,2026-06-20T14:27:31,1441.64,merchant_demo_001
txn_8335cf9104af,acct_2f07027c15,2026-04-12T14:27:31,4327.63,merchant_demo_001
txn_5ad644855861,acct_c913d35aa5,2027-03-14T02:44:12,4112.02,merchant_demo_001
txn_5a34d9ab867c,acct_c913d35aa5,2026-07-17T02:44:12,2395.77,merchant_demo_001
txn_ef417bf10ee4,acct_8d33c35109,2027-02-06T23:15:39,3665.76,merchant_demo_001
txn_bdf55adfb9c0,acct_1a0550c461,2025-09-15T23:40:58,983.91,merchant_demo_001
txn_61beac9d32ea,acct_1a0550c461,2026-04-13T23:40:58,3163.09,merchant_demo_001
txn_98926a89cbdc,acct_1a0550c461,2025-08-30T23:40:58,1185.45,merchant_demo_001
txn_56211c7bdd39,acct_1a0550c461,2025-08-21T23:40:58,2036.35,merchant_demo_001
txn_b38a84304e62,acct_1a0550c461,2025-11-02T23:40:58,4952.47,merchant_demo_001
txn_de60d714ab85,acct_da1b46ca2d,2026-04-13T01:37:51,137.42,merchant_demo_001
txn_e0d07f6fe62d,acct_da1b46ca2d,2025-12-18T01:37:51,500.13,merchant_demo_001
txn_0d5b90dc6a75,acct_66dc7eeb78,2026-07-03T19:07:01,2066.12,merchant_demo_001
txn_f4568dafcce2,acct_cdd9c66db1,2026-10-23T12:22:26,3184.88,merchant_demo_001
txn_7f5cd22bd446,acct_cdd9c66db1,2026-02-25T12:22:26,1147.79,merchant_demo_001
txn_c08b823cfc88,acct_cdd9c66db1,2026-06-05T12:22:26,2422.02,merchant_demo_001
txn_bd59562773f0,acct_df812ae7c5,2026-05-21T19:22:11,3237.17,merchant_demo_001
txn_7d8e9086d919,acct_df812ae7c5,2026-03-19T19:22:11,594.77,merchant_demo_001
txn_79c839412578,acct_df812ae7c5,2026-04-19T19:22:11,1438.75,merchant_demo_001
txn_ca4f0f59ebda,acct_df812ae7c5,2026-04-12T19:22:11,3572.35,merchant_demo_001
txn_b4b7e7e6527f,acct_df812ae7c5,2026-02-18T19:22:11,1633.21,merchant_demo_001
txn_e503020dc4c1,acct_0209fc9d67,2025-04-21T00:29:09,252.4,merchant_demo_001
txn_1b5c4af56ead,acct_21f5327499,2027-02-10T14:17:44,3736.54,merchant_demo_001
txn_e2e432e1401e,acct_0316a5209c,2025-11-15T06:18:11,2386.69,merchant_demo_001
txn_e45a11f4ad44,acct_bb0e94fce9,2026-06-02T08:27:19,2182.99,merchant_demo_001
txn_230ae6f7bdf5,acct_bb0e94fce9,2026-08-19T08:27:19,4744.22,merchant_demo_001
txn_486321b5a6cf,acct_bb0e94fce9,2026-10-15T08:27:19,1704.7,merchant_demo_001
txn_6fcbc1cfa0c7,acct_bb0e94fce9,2026-06-08T08:27:19,529.59,merchant_demo_001
txn_19c043098ced,acct_bb0e94fce9,2026-04-18T08:27:19,3430.66,merchant_demo_001
txn_0f7fc4b4e1ad,acct_9ecf35c51c,2026-10-07T06:13:02,1834.82,merchant_demo_001
txn_2b5349f4686c,acct_9ecf35c51c,2026-10-23T06:13:02,3727.51,merchant_demo_001
txn_d0484b85c2aa,acct_14bf8e82f1,2025-10-03T01:08:44,3043.33,merchant_demo_001
txn_d2b713e1fec1,acct_14bf8e82f1,2025-05-07T01:08:44,3268.73,merchant_demo_001
txn_5100ce19d9db,acct_14bf8e82f1,2025-04-23T01:08:44,2942.42,merchant_demo_001
txn_18e5d6040879,acct_14bf8e82f1,2025-02-19T01:08:44,4441.61,merchant_demo_001
txn_8d68df29f969,acct_14bf8e82f1,2025-03-13T01:08:44,3166.32,merchant_demo_001
txn_01b6f62f440d,acct_c70ce559e5,2026-08-06T17:09:08,253.14,merchant_demo_001
txn_69d3792a0ed1,acct_c70ce559e5,2027-05-07T17:09:08,4096.18,merchant_demo_001
txn_a2f05187e1c4,acct_c70ce559e5,2026-09-12T17:09:08,3538.07,merchant_demo_001
txn_86473c707db9,acct_c70ce559e5,2026-07-26T17:09:08,420.65,merchant_demo_001
txn_e0151aa81631,acct_c70ce559e5,2027-03-12T17:09:08,3114.1,merchant_demo_001
txn_585fd4aa4256,acct_7dece0a5de,2026-07-12T15:57:46,2397.28,merchant_demo_001
txn_533432ce13e0,acct_7dece0a5de,2026-07-30T15:57:46,1049.9,merchant_demo_001
txn_ee838d2a0386,acct_7dece0a5de,2026-07-10T15:57:46,810.68,merchant_demo_001
txn_1f80f5fd0fbe,acct_90ae597b77,2025-10-18T20:05:36,2120.15,merchant_demo_001
txn_b259b6b78889,acct_90ae597b77,2026-07-11T20:05:36,1300.0,merchant_demo_001
txn_5899f0457532,acct_ad2d8d7a74,2026-04-17T22:00:45,4479.82,merchant_demo_001
txn_d23337790c22,acct_ad2d8d7a74,2026-06-08T22:00:45,3167.83,merchant_demo_001
txn_86c00acd3e6e,acct_ad2d8d7a74,2025-12-21T22:00:45,4558.7,merchant_demo_001
txn_0dba05038fee,acct_ad2d8d7a74,2025-11-25T22:00:45,2439.96,merchant_demo_001
txn_177e8fc5b6ab,acct_ad2d8d7a74,2026-07-17T22:00:45,4660.1,merchant_demo_001
txn_0c92e665beee,acct_e2570e6726,2026-05-15T06:41:42,876.33,merchant_demo_001
txn_8ad080a242e7,acct_e2570e6726,2026-09-21T06:41:42,3498.7,merchant_demo_001
txn_bfc8c6b112fa,acct_e2570e6726,2026-07-09T06:41:42,1483.8,merchant_demo_001
txn_43638ed0441d,acct_e2570e6726,2027-02-17T06:41:42,350.93,merchant_demo_001
txn_f047d624313b,acct_e2570e6726,2027-04-24T06:41:42,991.45,merchant_demo_001
txn_2f47fc4d9774,acct_fca5c86f9a,2026-09-11T10:46:15,3439.24,merchant_demo_001
txn_9f8c740d900c,acct_fca5c86f9a,2026-09-20T10:46:15,4859.12,merchant_demo_001
txn_fa503a4c7d97,acct_fca5c86f9a,2026-03-26T10:46:15,2216.84,merchant_demo_001
txn_6354024d9912,acct_fca5c86f9a,2026-09-18T10:46:15,1951.54,merchant_demo_001
txn_fc26fba60830,acct_33f7937026,2026-06-10T01:12:04,3055.73,merchant_demo_001
txn_ae6ee9223ebe,acct_33f7937026,2026-03-02T01:12:04,961.13,merchant_demo_001
txn_631b39dbe97d,acct_33f7937026,2026-02-06T01:12:04,2880.89,merchant_demo_001
txn_0660e983c587,acct_33f7937026,2026-09-16T01:12:04,3498.77,merchant_demo_001
txn_35016c796bbb,acct_c5db7ec44b,2027-01-20T11:10:58,2543.9,merchant_demo_001
txn_30d7995bfc76,acct_c5db7ec44b,2027-06-04T11:10:58,2649.11,merchant_demo_001
txn_f96b55082c96,acct_c5db7ec44b,2026-11-03T11:10:58,4269.75,merchant_demo_001
txn_821229c25b40,acct_c5db7ec44b,2026-10-30T11:10:58,3555.86,merchant_demo_001
txn_7fffeee2e76f,acct_c5db7ec44b,2027-03-10T11:10:58,639.56,merchant_demo_001
txn_44cdbc4275ed,acct_f056c26403,2025-10-31T18:42:09,2691.15,merchant_demo_001
txn_8b5c866b8cb6,acct_f056c26403,2026-03-06T18:42:09,243.5,merchant_demo_001
txn_d3528d7a6915,acct_559def180e,2026-05-04T08:25:55,4639.88,merchant_demo_001
txn_c7e8bd1955c8,acct_559def180e,2026-04-30T08:25:55,4373.25,merchant_demo_001
txn_c1c5c4f29997,acct_623d6e1e7b,2026-08-15T23:44:01,4901.12,merchant_demo_001
txn_511a466a0061,acct_3ab29e8f97,2026-10-12T01:46:16,625.11,merchant_demo_001
txn_09ea99268b97,acct_3ab29e8f97,2026-12-10T01:46:16,1769.94,merchant_demo_001
txn_a7f4f2d248bb,acct_07d73c2d79,2026-05-05T20:53:00,1656.58,merchant_demo_001
txn_351cd1d2aa86,acct_07d73c2d79,2026-10-25T20:53:00,4425.73,merchant_demo_001
txn_06d1c0d8576f,acct_07d73c2d79,2026-03-13T20:53:00,3624.29,merchant_demo_001
txn_cf00b0b56279,acct_07d73c2d79,2026-05-26T20:53:00,4496.76,merchant_demo_001
txn_6dbc7cf010bf,acct_07d73c2d79,2026-03-28T20:53:00,1656.94,merchant_demo_001
txn_8aee28354590,acct_1772134022,2026-12-29T06:16:50,4088.81,merchant_demo_001
txn_b8ca47a7f324,acct_d8773c65ef,2026-08-28T15:55:08,3665.86,merchant_demo_001
txn_80b36f001423,acct_d8773c65ef,2026-09-28T15:55:08,924.84,merchant_demo_001
txn_7dda5aaa2ce6,acct_d8773c65ef,2026-05-16T15:55:08,2710.07,merchant_demo_001
txn_daeb5ee1f4dc,acct_eac1629015,2025-09-17T13:21:40,3626.88,merchant_demo_001
txn_09035895f6ce,acct_eac1629015,2026-07-12T13:21:40,1940.81,merchant_demo_001
txn_c9fe37831a5d,acct_eac1629015,2026-06-24T13:21:40,1323.86,merchant_demo_001
txn_b0c2003f31ea,acct_eac1629015,2026-06-10T13:21:40,3189.81,merchant_demo_001
txn_d87b760f313e,acct_eac1629015,2026-05-03T13:21:40,1070.49,merchant_demo_001
txn_73f6f5b78a53,acct_e4020e1f03,2025-08-24T14:55:06,1655.1,merchant_demo_001
txn_beb151c368c4,acct_e4020e1f03,2025-08-16T14:55:06,2929.24,merchant_demo_001
txn_282c297ca883,acct_e4020e1f03,2026-05-24T14:55:06,2007.54,merchant_demo_001
txn_6b3436f5f0d1,acct_e4020e1f03,2025-12-18T14:55:06,1197.03,merchant_demo_001
txn_fd00204585f7,acct_7aeca92bb3,2026-01-31T17:35:13,784.25,merchant_demo_001
txn_ad0d6d38045a,acct_7aeca92bb3,2026-03-29T17:35:13,513.77,merchant_demo_001
txn_1a232f8a24cb,acct_7aeca92bb3,2025-10-27T17:35:13,2323.98,merchant_demo_001
txn_09ce260e4366,acct_7aeca92bb3,2025-10-25T17:35:13,984.86,merchant_demo_001
txn_ef7ddcb6ac62,acct_84fb7003d7,2026-05-22T11:56:53,943.01,merchant_demo_001
txn_827ef6073400,acct_84fb7003d7,2025-10-05T11:56:53,154.18,merchant_demo_001
txn_44a1f7dfbf45,acct_84fb7003d7,2025-08-05T11:56:53,4432.0,merchant_demo_001
txn_d6c194b45656,acct_84fb7003d7,2025-12-01T11:56:53,3452.47,merchant_demo_001
txn_5c1a9f81e6f9,acct_2858b5f4f9,2025-03-07T05:34:26,760.44,merchant_demo_001
txn_ff76f0e3dc5b,acct_818e7eb61e,2026-10-20T21:20:21,2302.37,merchant_demo_001
txn_a3a4427d987d,acct_818e7eb61e,2027-05-13T21:20:21,4853.41,merchant_demo_001
txn_f13eb1513081,acct_818e7eb61e,2026-08-07T21:20:21,3635.32,merchant_demo_001
txn_d84aac52794e,acct_818e7eb61e,2026-08-26T21:20:21,3647.48,merchant_demo_001
txn_ffefd68f7f3a,acct_407f7ece8f,2026-04-29T15:54:39,543.66,merchant_demo_001
txn_f8b22a2ff201,acct_4336a3c2ef,2025-06-23T21:00:18,594.68,merchant_demo_001
txn_61f72fc7ee86,acct_4336a3c2ef,2025-06-19T21:00:18,3829.06,merchant_demo_001
txn_fd1f206aeee5,acct_4336a3c2ef,2026-05-08T21:00:18,4676.65,merchant_demo_001
txn_3c16605e1fc3,acct_4336a3c2ef,2025-08-19T21:00:18,1279.3,merchant_demo_001
txn_e819b5eaaa95,acct_3ae240bd39,2025-07-03T07:44:01,756.05,merchant_demo_001
txn_4e0813479505,acct_95417503e1,2026-02-21T18:20:22,3972.38,merchant_demo_001
txn_3733dce502f5,acct_95417503e1,2026-02-19T18:20:22,4790.21,merchant_demo_001
txn_76c4520cf619,acct_95417503e1,2026-04-10T18:20:22,2734.73,merchant_demo_001
txn_50f344d8d547,acct_95417503e1,2026-08-07T18:20:22,4270.97,merchant_demo_001
txn_4f5e8f845d94,acct_95417503e1,2026-03-30T18:20:22,1051.49,merchant_demo_001
txn_12a8931ba075,acct_e0dfc3229e,2027-01-30T01:31:03,2836.11,merchant_demo_001
txn_9ba68378e4ec,acct_e0dfc3229e,2026-08-22T01:31:03,4086.55,merchant_demo_001
txn_2c0b771b796a,acct_e0dfc3229e,2026-06-13T01:31:03,1692.19,merchant_demo_001
txn_70b35e71c86e,acct_e0dfc3229e,2026-03-27T01:31:03,1256.85,merchant_demo_001
txn_41a3ba9b78d2,acct_b5f36d1a6a,2027-03-11T21:19:57,1373.91,merchant_demo_001
txn_2b5ed398bec3,acct_b5f36d1a6a,2026-12-25T21:19:57,659.22,merchant_demo_001
txn_6df8b61cc7cf,acct_b5f36d1a6a,2026-04-13T21:19:57,558.94,merchant_demo_001
txn_1b4bdd948bd0,acct_b5f36d1a6a,2026-08-20T21:19:57,557.7,merchant_demo_001
txn_4f6071d51a31,acct_b5f36d1a6a,2026-10-20T21:19:57,752.08,merchant_demo_001
txn_578468451945,acct_56bb5e1cfc,2025-05-27T12:21:15,1172.04,merchant_demo_001
txn_6bc89a69d80e,acct_56bb5e1cfc,2025-11-28T12:21:15,779.51,merchant_demo_001
txn_5c553f7d2724,acct_30d78cbb56,2026-10-13T15:15:46,4612.37,merchant_demo_001
txn_7faf02ff36ca,acct_30d78cbb56,2027-06-05T15:15:46,1954.48,merchant_demo_001
txn_ab523a95b7e5,acct_30d78cbb56,2027-06-21T15:15:46,4122.79,merchant_demo_001
txn_ace1abba3bbe,acct_17a1939c3b,2027-02-27T03:56:43,889.32,merchant_demo_001
txn_9639be980eca,acct_c66db8b95b,2025-06-25T04:56:31,553.59,merchant_demo_001
txn_aa439ca8173d,acct_3ad581fab8,2025-07-21T10:29:35,427.64,merchant_demo_001
txn_5b8addc9cac4,acct_3ad581fab8,2025-07-09T10:29:35,635.84,merchant_demo_001
txn_c067b30ac111,acct_3ad581fab8,2025-03-04T10:29:35,4483.15,merchant_demo_001
txn_806f5554e3d5,acct_91826aaf48,2026-09-03T17:35:54,931.44,merchant_demo_001
txn_0954f208338e,acct_91826aaf48,2027-03-16T17:35:54,1707.48,merchant_demo_001
txn_0f2ee2e2fd6d,acct_91826aaf48,2026-09-18T17:35:54,3413.19,merchant_demo_001
txn_b69923bfc621,acct_91826aaf48,2026-09-02T17:35:54,4470.93,merchant_demo_001
txn_3b7a7ade3f58,acct_91826aaf48,2027-06-04T17:35:54,1542.74,merchant_demo_001
txn_506b302b708d,acct_2f97c140a9,2026-11-26T14:30:33,4383.24,merchant_demo_001
txn_13f365ec9b56,acct_2f97c140a9,2026-10-17T14:30:33,4585.36,merchant_demo_001
txn_337036299ec5,acct_2f97c140a9,2027-05-05T14:30:33,1877.11,merchant_demo_001
txn_23565730c4a7,acct_ea585e81ac,2026-03-04T01:26:38,4003.48,merchant_demo_001
txn_cea09f65ed4e,acct_ea585e81ac,2025-03-06T01:26:38,4315.48,merchant_demo_001
txn_567b39c892c3,acct_ea585e81ac,2025-05-20T01:26:38,3900.03,merchant_demo_001
txn_090d5280c603,acct_ad5de18b25,2026-09-24T03:09:26,781.51,merchant_demo_001
txn_0e823e108d74,acct_ad5de18b25,2026-11-28T03:09:26,3620.65,merchant_demo_001
txn_685fe19c052e,acct_c28e0e87bb,2025-10-12T04:35:58,610.16,merchant_demo_001
txn_0e2db1d66e3e,acct_c28e0e87bb,2026-04-14T04:35:58,4799.95,merchant_demo_001
txn_c7e1ad826ff8,acct_c28e0e87bb,2026-01-28T04:35:58,766.11,merchant_demo_001
txn_5b4772ae4928,acct_c28e0e87bb,2026-02-20T04:35:58,4974.12,merchant_demo_001
txn_43dc6fa54cd2,acct_d07aded769,2026-12-03T21:45:19,1955.84,merchant_demo_001
txn_46adb6f36335,acct_d07aded769,2026-04-18T21:45:19,2496.32,merchant_demo_001
txn_8ed9bafab97c,acct_37421f9a5f,2026-12-05T02:34:44,4865.6,merchant_demo_001
txn_123c1ee6bde3,acct_37421f9a5f,2026-10-19T02:34:44,3977.83,merchant_demo_001
txn_675d5d5df31f,acct_37421f9a5f,2026-06-03T02:34:44,734.2,merchant_demo_001
txn_6472c7ba9c9c,acct_37421f9a5f,2026-11-14T02:34:44,4611.94,merchant_demo_001
txn_8c2bda949899,acct_2a909e6f44,2025-11-09T07:40:38,2769.23,merchant_demo_001
txn_6c224815cf39,acct_2a909e6f44,2026-01-09T07:40:38,2692.16,merchant_demo_001
txn_ad88eaf0a1f9,acct_2a909e6f44,2026-01-06T07:40:38,2704.25,merchant_demo_001
txn_1d5e234e8f08,acct_2a909e6f44,2025-08-04T07:40:38,1953.9,merchant_demo_001
txn_03edb0112cff,acct_dcae5e0759,2027-02-25T06:03:22,2138.11,merchant_demo_001
txn_158970854a75,acct_dcae5e0759,2026-12-16T06:03:22,3894.13,merchant_demo_001
txn_f65de7f14151,acct_dcae5e0759,2027-03-14T06:03:22,1135.7,merchant_demo_001
txn_827d0b2c255b,acct_dcae5e0759,2026-04-09T06:03:22,1214.21,merchant_demo_001
txn_98251bfcfbaf,acct_dcae5e0759,2026-02-25T06:03:22,1056.23,merchant_demo_001
txn_d9f740758054,acct_af7b8fabc7,2026-05-08T13:42:02,2813.95,merchant_demo_001
txn_0014bf74436f,acct_ccc82f2ca2,2026-07-17T20:17:37,595.27,merchant_demo_001
txn_0929af8c1913,acct_94908f6975,2026-11-06T16:24:35,4251.32,merchant_demo_001
txn_d5d9b29d294d,acct_94908f6975,2027-06-08T16:24:35,4104.1,merchant_demo_001
txn_9026baafc1c3,acct_94908f6975,2026-10-03T16:24:35,2328.92,merchant_demo_001
txn_6698fc9f6e96,acct_ea36164f21,2027-02-20T08:15:32,1250.36,merchant_demo_001
txn_83c0d6c1ab6d,acct_ea36164f21,2026-11-11T08:15:32,326.54,merchant_demo_001
txn_a5830ccf0be3,acct_ea36164f21,2026-09-28T08:15:32,630.32,merchant_demo_001
txn_a787770efc3c,acct_ea36164f21,2027-07-11T08:15:32,3534.62,merchant_demo_001
txn_e7f95c0681a4,acct_ea36164f21,2027-01-29T08:15:32,3678.75,merchant_demo_001
txn_043285d455d4,acct_b4c11470a8,2026-04-22T22:08:46,317.71,merchant_demo_001
txn_24763bdd1698,acct_b4c11470a8,2025-12-07T22:08:46,3330.6,merchant_demo_001
txn_469b92a20ad9,acct_b4c11470a8,2025-11-20T22:08:46,2410.29,merchant_demo_001
txn_1985a93e38e0,acct_b4c11470a8,2026-08-14T22:08:46,4358.86,merchant_demo_001
txn_f35658da2d44,acct_ad49bde71d,2025-09-12T01:32:26,1857.96,merchant_demo_001
txn_42c9d39e1821,acct_910fedc778,2026-10-13T14:35:33,431.47,merchant_demo_001
txn_ec9d869cf70a,acct_c50bce762a,2026-07-21T09:58:14,791.1,merchant_demo_001
txn_d7e55f34e2e6,acct_c50bce762a,2026-03-23T09:58:14,2375.34,merchant_demo_001
txn_84725995294f,acct_c50bce762a,2026-03-01T09:58:14,3753.13,merchant_demo_001
txn_81836138a98b,acct_c50bce762a,2026-12-12T09:58:14,4746.39,merchant_demo_001
txn_438ee3c09215,acct_c50bce762a,2026-08-17T09:58:14,2087.04,merchant_demo_001
txn_f3b2d8de207e,acct_e264062f55,2025-11-04T09:24:53,3917.91,merchant_demo_001
txn_a42633b63ff8,acct_e264062f55,2026-03-12T09:24:53,115.39,merchant_demo_001
txn_ce93cbc0d2e2,acct_e264062f55,2025-05-17T09:24:53,821.64,merchant_demo_001
txn_0a34e99718b5,acct_9d4e872d68,2026-02-17T14:56:06,3768.11,merchant_demo_001
txn_e386545762f4,acct_cb91844eb9,2025-04-18T00:34:27,103.79,merchant_demo_001
txn_31917883e842,acct_cb91844eb9,2025-08-30T00:34:27,3415.52,merchant_demo_001
txn_87a3563b4dbc,acct_cb91844eb9,2025-09-15T00:34:27,2793.07,merchant_demo_001
txn_184fdc1d6c4e,acct_cb91844eb9,2025-06-07T00:34:27,4599.79,merchant_demo_001
txn_155418e4d758,acct_cb91844eb9,2025-10-09T00:34:27,1564.87,merchant_demo_001
txn_78688cbcc6d7,acct_eb3cf8be31,2026-01-11T15:44:18,4660.68,merchant_demo_001
txn_3c5101ab9c03,acct_eb3cf8be31,2025-10-26T15:44:18,4866.96,merchant_demo_001
txn_1d3926c68334,acct_0506c44ae6,2026-01-06T19:47:03,4890.74,merchant_demo_001
txn_02ddf269ffe5,acct_0506c44ae6,2025-08-30T19:47:03,3728.52,merchant_demo_001
txn_84f9f6c4edc1,acct_0506c44ae6,2026-01-18T19:47:03,3114.27,merchant_demo_001
txn_792e90424d37,acct_0506c44ae6,2025-10-17T19:47:03,1991.84,merchant_demo_001
txn_6629d1ca16c8,acct_0506c44ae6,2026-07-13T19:47:03,4881.14,merchant_demo_001
txn_98cfe3662c57,acct_9b986d80b7,2026-02-22T16:35:22,4091.97,merchant_demo_001
txn_01c3b1babcf9,acct_9b986d80b7,2026-09-10T16:35:22,2413.21,merchant_demo_001
txn_a5280cf85bc5,acct_9b986d80b7,2026-12-14T16:35:22,3227.36,merchant_demo_001
txn_776d47dd0288,acct_9b986d80b7,2026-07-27T16:35:22,865.88,merchant_demo_001
txn_f5a176136824,acct_9b986d80b7,2026-07-23T16:35:22,3250.9,merchant_demo_001
txn_817f3ac6abb1,acct_48bb262298,2026-10-23T08:41:33,586.58,merchant_demo_001
txn_49fcf08fadc4,acct_48bb262298,2026-07-16T08:41:33,1845.37,merchant_demo_001
txn_07f03ca26ef9,acct_4fc82b07d7,2026-07-09T02:59:42,1235.67,merchant_demo_001
txn_79266a2811db,acct_4fc82b07d7,2026-09-16T02:59:42,2730.76,merchant_demo_001
txn_93399efe99f2,acct_4fc82b07d7,2026-07-28T02:59:42,1098.95,merchant_demo_001
txn_4a7eccb190a2,acct_17e99ff766,2026-06-20T01:14:05,4552.95,merchant_demo_001
txn_33b4e4acd6c9,acct_1027ad4c8b,2026-09-04T00:04:40,1048.54,merchant_demo_001
txn_309426ee8ad5,acct_1027ad4c8b,2025-12-12T00:04:40,1239.66,merchant_demo_001
txn_b356728c9315,acct_95af27de9d,2026-03-23T23:05:10,2845.74,merchant_demo_001
txn_50717a131992,acct_69332368a3,2025-10-12T19:03:12,276.12,merchant_demo_001
txn_2c2ec9543459,acct_69332368a3,2025-07-18T19:03:12,511.39,merchant_demo_001
txn_8bceba8d7e2d,acct_69332368a3,2025-07-15T19:03:12,91.97,merchant_demo_001
txn_489b4eefbea1,acct_69332368a3,2025-08-08T19:03:12,3770.81,merchant_demo_001
txn_4d427bed69a4,acct_69332368a3,2025-08-29T19:03:12,2526.07,merchant_demo_001
txn_c1f772e44b05,acct_15a78840d5,2026-03-07T18:46:27,1983.67,merchant_demo_001
txn_3a083111cfb4,acct_15a78840d5,2025-08-17T18:46:27,4870.56,merchant_demo_001
txn_8ad4b0511b4e,acct_15a78840d5,2026-02-10T18:46:27,3389.7,merchant_demo_001
txn_d4e9d4d39f1b,acct_35deedf53a,2026-09-24T16:22:47,4487.73,merchant_demo_001
txn_44b8928524f7,acct_35deedf53a,2026-11-12T16:22:47,549.96,merchant_demo_001
txn_53b26430d856,acct_35deedf53a,2027-03-31T16:22:47,793.42,merchant_demo_001
txn_8005c8350290,acct_af780a19b4,2025-11-14T16:52:44,2410.92,merchant_demo_001
txn_3d53afe38891,acct_af780a19b4,2025-05-22T16:52:44,1486.09,merchant_demo_001
txn_8930431bf509,acct_af780a19b4,2025-07-19T16:52:44,3427.75,merchant_demo_001
txn_660d365d7be9,acct_af780a19b4,2025-06-12T16:52:44,4431.76,merchant_demo_001
txn_9edff1b52f43,acct_af780a19b4,2025-06-19T16:52:44,4766.45,merchant_demo_001
txn_3ae582b287f5,acct_f29b574af9,2026-11-06T20:47:31,4047.01,merchant_demo_001
txn_2da9e2ca8b1f,acct_f29b574af9,2027-06-18T20:47:31,747.27,merchant_demo_001
txn_e8e134b808d6,acct_bb92a9dafd,2026-09-15T18:48:53,2605.69,merchant_demo_001
txn_476edad166ad,acct_bb92a9dafd,2027-01-10T18:48:53,3063.26,merchant_demo_001
txn_62ca50964aa3,acct_87c6f5999b,2026-07-15T05:44:21,1740.01,merchant_demo_001
txn_85c15c8dfa0a,acct_87c6f5999b,2025-08-23T05:44:21,1728.15,merchant_demo_001
txn_bb5d789c5e9f,acct_87c6f5999b,2025-12-18T05:44:21,3136.18,merchant_demo_001
txn_c4bae94ada66,acct_87c6f5999b,2026-01-23T05:44:21,248.06,merchant_demo_001
txn_259d41dc4243,acct_87c6f5999b,2026-06-16T05:44:21,3882.17,merchant_demo_001
txn_17bc52e718f5,acct_70042735fc,2025-07-14T13:37:54,1083.66,merchant_demo_001
txn_a295d7dfe53e,acct_70042735fc,2026-01-20T13:37:54,3054.04,merchant_demo_001
txn_943ec60a906c,acct_70042735fc,2025-05-31T13:37:54,2856.16,merchant_demo_001
txn_44895a6ba344,acct_70042735fc,2025-11-23T13:37:54,532.16,merchant_demo_001
txn_7f03bf0bfe68,acct_63582f50f9,2025-05-24T00:12:28,3843.27,merchant_demo_001
txn_958fcdc0d9d9,acct_20bb1e62b2,2026-06-18T20:50:50,4344.29,merchant_demo_001
txn_34309a516115,acct_20bb1e62b2,2026-10-16T20:50:50,4480.92,merchant_demo_001
txn_41d56b2f87cd,acct_20bb1e62b2,2026-05-24T20:50:50,515.86,merchant_demo_001
txn_15b85fa484a3,acct_37a6a72008,2025-04-24T23:36:47,4673.58,merchant_demo_001
txn_4b004fa033de,acct_37a6a72008,2025-04-20T23:36:47,387.4,merchant_demo_001
txn_07ce7faa687b,acct_37a6a72008,2025-11-19T23:36:47,1848.47,merchant_demo_001
txn_db00180e7097,acct_772b4241ba,2025-06-05T21:30:06,936.97,merchant_demo_001
txn_18341d73f988,acct_7f55165a96,2026-06-06T18:07:56,4931.41,merchant_demo_001
txn_f0e853c19798,acct_7f55165a96,2026-06-05T18:07:56,3827.57,merchant_demo_001
txn_86debd9e95ce,acct_7f55165a96,2026-09-08T18:07:56,3268.95,merchant_demo_001
txn_e4fa4fe8a12c,acct_7f55165a96,2026-04-06T18:07:56,4702.16,merchant_demo_001
txn_de2d9826d2c8,acct_0aae127836,2026-05-19T06:17:45,245.98,merchant_demo_001
txn_981840de10cd,acct_0aae127836,2026-02-05T06:17:45,2034.65,merchant_demo_001
txn_051ad354a76f,acct_0aae127836,2026-07-26T06:17:45,4589.84,merchant_demo_001
txn_76a891087acc,acct_0aae127836,2025-11-17T06:17:45,2232.1,merchant_demo_001
txn_36785c9cc182,acct_0aae127836,2026-06-01T06:17:45,4231.94,merchant_demo_001
txn_4614d8fe6ea4,acct_bb35a06827,2026-02-20T01:45:15,463.28,merchant_demo_001
txn_76f924269a9a,acct_bb35a06827,2026-02-20T01:55:15,2554.42,merchant_demo_001
txn_d17f21d2be0b,acct_aab983d71a,2027-03-08T23:47:42,261.24,merchant_demo_001
txn_3453fd43f1a6,acct_aab983d71a,2027-02-16T23:47:42,332.44,merchant_demo_001
txn_a3fc254df1cc,acct_aab983d71a,2026-07-27T23:47:42,3513.74,merchant_demo_001
txn_578ffa14e98f,acct_6bce0bba50,2025-05-12T19:11:41,815.08,merchant_demo_001
txn_cdd68bfcbde9,acct_6bce0bba50,2025-06-30T19:11:41,1488.77,merchant_demo_001
txn_9d2566981558,acct_6bce0bba50,2025-07-28T19:11:41,2872.16,merchant_demo_001
txn_c7ed3dcddb07,acct_6bce0bba50,2025-06-14T19:11:41,1154.1,merchant_demo_001
txn_91b0e50456be,acct_6bce0bba50,2025-12-30T19:11:41,3362.3,merchant_demo_001
txn_957c876f8675,acct_aacbe7e400,2025-09-15T06:03:04,2369.02,merchant_demo_001
txn_a78d7549db38,acct_aacbe7e400,2025-10-20T06:03:04,4505.63,merchant_demo_001
txn_392259dfb49b,acct_aacbe7e400,2025-09-15T06:03:04,590.14,merchant_demo_001
txn_270a60ee9ee8,acct_6cd07d1fe9,2027-04-04T11:27:55,586.32,merchant_demo_001
txn_f4d648b52d85,acct_6cd07d1fe9,2026-10-15T11:27:55,3852.67,merchant_demo_001
txn_d288ce7d884a,acct_623ac69e2c,2025-09-03T18:30:18,1677.17,merchant_demo_001
txn_0cc487974c65,acct_623ac69e2c,2025-07-22T18:30:18,1745.0,merchant_demo_001
txn_fd532ed9cd46,acct_32fa27a06a,2025-10-15T06:51:06,1102.54,merchant_demo_001
txn_1d0e8c6d5661,acct_32fa27a06a,2026-02-23T06:51:06,2407.29,merchant_demo_001
txn_d1adbd688e1a,acct_32fa27a06a,2025-07-01T06:51:06,2300.16,merchant_demo_001
txn_973bfde90d07,acct_32fa27a06a,2025-11-15T06:51:06,820.92,merchant_demo_001
txn_1622dcdddcaa,acct_32fa27a06a,2025-10-07T06:51:06,770.29,merchant_demo_001
txn_843b0ac620f8,acct_4d2a5dba5f,2026-06-09T09:08:22,2862.62,merchant_demo_001
txn_681c8048fe48,acct_5afc07f869,2027-06-29T10:40:47,1932.41,merchant_demo_001
txn_ab6dbc44e12d,acct_5afc07f869,2026-11-30T10:40:47,3958.32,merchant_demo_001
txn_56da07240d8e,acct_5afc07f869,2027-01-26T10:40:47,1106.43,merchant_demo_001
txn_10b0b4acc7c1,acct_5afc07f869,2026-09-14T10:40:47,4346.7,merchant_demo_001
txn_4c0b0377a0fe,acct_5afc07f869,2027-06-21T10:40:47,3434.17,merchant_demo_001
txn_9770cef95a03,acct_b363502244,2025-10-31T09:42:21,3196.65,merchant_demo_001
txn_838a9febb194,acct_b363502244,2025-08-05T09:42:21,751.6,merchant_demo_001
txn_ba54c34a40b2,acct_b363502244,2025-11-11T09:42:21,2055.09,merchant_demo_001
txn_d24be0232cd9,acct_e1802413af,2027-02-26T02:16:14,2284.53,merchant_demo_001
txn_bce8bdfe119c,acct_e1802413af,2026-09-29T02:16:14,2647.65,merchant_demo_001
txn_af7d82ac5e15,acct_e1802413af,2027-02-04T02:16:14,4470.71,merchant_demo_001
txn_c4f08f568ed9,acct_b27778f06d,2025-11-02T06:07:12,507.58,merchant_demo_001
txn_9ee231e55707,acct_b27778f06d,2026-05-13T06:07:12,1742.99,merchant_demo_001
txn_75562b9735ed,acct_06962d920e,2025-11-01T00:05:48,1033.1,merchant_demo_001
txn_452f55772067,acct_06962d920e,2026-03-11T00:05:48,2434.05,merchant_demo_001
txn_11b6a105460d,acct_06962d920e,2026-05-10T00:05:48,3459.71,merchant_demo_001
txn_201c4906384a,acct_c0f813856d,2026-07-06T22:40:55,2212.08,merchant_demo_001
txn_3393b1f9719f,acct_c0f813856d,2026-07-04T22:40:55,2873.07,merchant_demo_001
txn_fbf99a3d1eb1,acct_19bcc310ed,2025-03-30T19:50:51,3926.21,merchant_demo_001
txn_4ef3e7e3eb82,acct_7f2fee431d,2026-08-08T11:14:31,435.15,merchant_demo_001
txn_bd6d62d97abb,acct_7f2fee431d,2026-09-07T11:14:31,2913.52,merchant_demo_001
txn_d98f9cf70c61,acct_7f2fee431d,2026-08-05T11:14:31,1652.48,merchant_demo_001
txn_6afecdcb19b9,acct_a0cbee136d,2026-04-23T05:58:24,795.01,merchant_demo_001
txn_e7f5a3788aa4,acct_a0cbee136d,2026-12-06T05:58:24,4672.41,merchant_demo_001
txn_c19ba175eb0c,acct_a0cbee136d,2026-12-27T05:58:24,4328.29,merchant_demo_001
txn_6ffc37c37d12,acct_054707032e,2026-10-24T21:29:51,2061.61,merchant_demo_001
txn_8538f90b46aa,acct_2cc0ab41c7,2027-06-13T10:52:27,68.2,merchant_demo_001
txn_e4f9d00764e1,acct_2cc0ab41c7,2027-01-25T10:52:27,4719.45,merchant_demo_001
txn_5599228be25d,acct_2cc0ab41c7,2026-08-12T10:52:27,3189.75,merchant_demo_001
txn_65040b7e79bc,acct_2cc0ab41c7,2027-05-02T10:52:27,4848.81,merchant_demo_001
txn_01660dc61f13,acct_2cc0ab41c7,2026-07-28T10:52:27,230.61,merchant_demo_001
txn_7bc260a80ad1,acct_938e162329,2026-10-31T16:01:45,3497.41,merchant_demo_001
txn_262086a9ba55,acct_938e162329,2027-04-30T16:01:45,872.2,merchant_demo_001
txn_322d8384ae2b,acct_7c9527954c,2026-08-05T03:43:48,1773.02,merchant_demo_001
txn_e79b9232d77c,acct_7c9527954c,2026-07-23T03:43:48,4860.14,merchant_demo_001
txn_7b7c1266be1b,acct_7c9527954c,2027-02-06T03:43:48,4777.77,merchant_demo_001
txn_78c18bf3184d,acct_7c9527954c,2026-10-23T03:43:48,4078.21,merchant_demo_001
txn_1af23b1bfeb3,acct_6b3e396c95,2025-07-20T12:51:35,4488.44,merchant_demo_001
txn_6dd3a17d1b88,acct_7e5e2ece10,2026-09-04T02:35:40,3511.62,merchant_demo_001
txn_1fce3ce112f5,acct_7e5e2ece10,2027-05-31T02:35:40,4995.29,merchant_demo_001
txn_bd260a15aa4c,acct_7e5e2ece10,2027-01-30T02:35:40,2081.41,merchant_demo_001
txn_783f7b684718,acct_7e5e2ece10,2026-12-30T02:35:40,4149.52,merchant_demo_001
txn_9f03437fb11a,acct_7e5e2ece10,2027-02-06T02:35:40,2639.69,merchant_demo_001
txn_d4716cccadea,acct_d90921075a,2025-04-24T03:24:25,4635.43,merchant_demo_001
txn_8a6b2c86a520,acct_d90921075a,2025-10-17T03:24:25,2170.5,merchant_demo_001
txn_b6829303bccd,acct_d90921075a,2025-05-26T03:24:25,2786.13,merchant_demo_001
txn_b0f3390f2c2c,acct_19a797e87d,2026-04-15T18:36:53,2207.59,merchant_demo_001
txn_86ea77399dea,acct_19a797e87d,2025-12-04T18:36:53,4233.2,merchant_demo_001
txn_d0f621c32ca9,acct_86740552d1,2027-04-19T08:48:08,1452.08,merchant_demo_001
txn_bfa003128108,acct_86740552d1,2027-04-12T08:48:08,4692.61,merchant_demo_001
txn_28a1d503162f,acct_86740552d1,2026-07-19T08:48:08,4977.05,merchant_demo_001
txn_97ea712f162b,acct_86740552d1,2026-07-22T08:48:08,493.71,merchant_demo_001
txn_d4a7ec2f5b69,acct_e88bb57357,2025-11-30T09:08:13,4665.86,merchant_demo_001
txn_39b4ff5e42ca,acct_320c1f9a74,2025-12-27T10:32:35,3762.22,merchant_demo_001
txn_721920aafca7,acct_c3ad263ff1,2027-03-05T15:07:56,543.53,merchant_demo_001
txn_f62f463d3c2c,acct_c3ad263ff1,2027-01-13T15:07:56,2541.64,merchant_demo_001
txn_96b85377f19d,acct_c3ad263ff1,2026-06-16T15:07:56,3355.17,merchant_demo_001
txn_bf778251a24a,acct_c3ad263ff1,2027-01-01T15:07:56,1098.76,merchant_demo_001
txn_e88241a8e155,acct_c3ad263ff1,2027-07-02T15:07:56,2300.42,merchant_demo_001
txn_587fec5807e5,acct_14b7559085,2025-04-18T08:14:32,1018.02,merchant_demo_001
txn_35503dd13196,acct_14b7559085,2025-10-17T08:14:32,4755.23,merchant_demo_001
txn_829b20880801,acct_14b7559085,2025-08-17T08:14:32,4839.7,merchant_demo_001
txn_f2ad45e4d473,acct_14b7559085,2025-10-14T08:14:32,2094.03,merchant_demo_001
txn_19fdaf225942,acct_e096258192,2026-05-10T20:09:48,4701.1,merchant_demo_001
txn_b21d2f98c43c,acct_e096258192,2027-06-11T20:09:48,1158.49,merchant_demo_001
txn_922b1d6dd863,acct_e096258192,2026-09-29T20:09:48,1374.67,merchant_demo_001
txn_00e5089be009,acct_e096258192,2027-04-09T20:09:48,1359.27,merchant_demo_001
txn_d0d10b6f856e,acct_3f513fba59,2026-06-21T00:52:57,1245.69,merchant_demo_001
txn_4dbc97abcb67,acct_3f513fba59,2026-02-09T00:52:57,211.74,merchant_demo_001
txn_bf6d7a62b69c,acct_3f513fba59,2025-07-25T00:52:57,809.21,merchant_demo_001
txn_15e08786a7ee,acct_3f513fba59,2026-01-19T00:52:57,4211.81,merchant_demo_001
txn_1d656ff191f2,acct_5c48604b43,2027-03-03T00:54:50,3019.73,merchant_demo_001
txn_b0ca2eaf9d1c,acct_5c48604b43,2026-08-07T00:54:50,893.53,merchant_demo_001
txn_f1a30cde83d0,acct_5c48604b43,2026-12-06T00:54:50,4964.5,merchant_demo_001
txn_535debac9700,acct_5c48604b43,2026-06-20T00:54:50,2800.91,merchant_demo_001
txn_922aa6521a90,acct_5c48604b43,2026-09-05T00:54:50,1003.67,merchant_demo_001
txn_1c6827a25d06,acct_fd03a77e66,2026-04-19T20:22:48,4016.59,merchant_demo_001
txn_687684d77a52,acct_fd03a77e66,2027-01-13T20:22:48,2174.06,merchant_demo_001
txn_12352dc8af6f,acct_fd03a77e66,2027-02-12T20:22:48,1982.54,merchant_demo_001
txn_606e4242826d,acct_fd03a77e66,2027-03-31T20:22:48,909.9,merchant_demo_001
txn_73e1169fefe4,acct_7b0424be28,2027-01-31T07:39:33,834.3,merchant_demo_001
txn_10ab70a04ed5,acct_7b0424be28,2026-09-07T07:39:33,542.91,merchant_demo_001
txn_5419942c6353,acct_7b0424be28,2026-07-15T07:39:33,2546.07,merchant_demo_001
txn_8cf47687f526,acct_48518e2b12,2025-10-10T18:55:52,4223.0,merchant_demo_001
txn_4ebf83976f9d,acct_48518e2b12,2026-02-08T18:55:52,4587.49,merchant_demo_001
txn_0231237776fd,acct_48518e2b12,2026-01-01T18:55:52,837.31,merchant_demo_001
txn_486f8cb9e6ca,acct_48518e2b12,2025-09-05T18:55:52,1058.62,merchant_demo_001
txn_d8937e2ec1a9,acct_48518e2b12,2025-05-10T18:55:52,176.92,merchant_demo_001
txn_e5aa4c8f8a0c,acct_0b5e10fe59,2027-04-04T11:05:57,3861.66,merchant_demo_001
txn_8c415bcd567a,acct_b56c0e0c4b,2026-02-27T07:40:38,3109.59,merchant_demo_001
txn_e4b72e8e2c14,acct_b56c0e0c4b,2026-11-18T07:40:38,4606.94,merchant_demo_001
txn_529ea6d6c7db,acct_8cf5eca95c,2027-04-15T08:19:26,1942.9,merchant_demo_001
txn_549b672e18d9,acct_dd7f7faae8,2026-03-01T01:41:41,3190.59,merchant_demo_001
txn_180b1c5c77a9,acct_dd7f7faae8,2026-08-14T01:41:41,1822.7,merchant_demo_001
txn_d5c6c9874dc3,acct_23e08456ae,2026-04-07T04:48:57,4494.65,merchant_demo_001
txn_1b2f40643f35,acct_23e08456ae,2025-10-07T04:48:57,1009.45,merchant_demo_001
txn_e3a77fceb5d7,acct_c0b730fb69,2027-05-09T03:11:04,3911.14,merchant_demo_001
txn_0218683aa01e,acct_c0b730fb69,2026-11-12T03:11:04,3863.44,merchant_demo_001
txn_142ff0ad43c7,acct_3e2e796085,2025-07-02T08:26:19,460.67,merchant_demo_001
txn_47b7732f8814,acct_60b178d7ef,2027-02-08T11:28:30,164.55,merchant_demo_001
txn_aecb1a3ef7a2,acct_60b178d7ef,2027-01-14T11:28:30,4341.35,merchant_demo_001
txn_bb8c9b2f3896,acct_3c753e2444,2026-05-05T13:45:51,4639.64,merchant_demo_001
txn_09c521e5bbf9,acct_1dccc0ae8a,2025-07-30T02:32:44,752.09,merchant_demo_001
txn_6fd207eadd01,acct_5035ea155a,2026-07-05T15:34:41,509.25,merchant_demo_001
txn_337d1054de7b,acct_5035ea155a,2026-12-13T15:34:41,4230.89,merchant_demo_001
txn_c312d8d02ef5,acct_5035ea155a,2026-07-19T15:34:41,1984.46,merchant_demo_001
txn_5b77082bc34e,acct_39890f43cf,2026-01-14T03:13:35,2098.04,merchant_demo_001
txn_7757c192f8e0,acct_39890f43cf,2026-09-09T03:13:35,4798.13,merchant_demo_001
txn_c167bd778e0f,acct_39890f43cf,2026-02-11T03:13:35,1090.97,merchant_demo_001
txn_e1f1dbc8fa00,acct_39890f43cf,2026-08-05T03:13:35,1907.51,merchant_demo_001
txn_aab332c85556,acct_e382a367e9,2026-06-08T14:16:10,4546.1,merchant_demo_001
txn_fc5469c52f40,acct_e382a367e9,2025-10-09T14:16:10,940.04,merchant_demo_001
txn_7cf80f50ee6b,acct_e382a367e9,2025-07-24T14:16:10,4523.01,merchant_demo_001
txn_fd2ff2daaa1a,acct_37ed916bb9,2026-06-01T03:17:24,3052.94,merchant_demo_001
txn_90d67eaf9e2f,acct_37ed916bb9,2025-07-29T03:17:24,630.18,merchant_demo_001
txn_4c13478d2568,acct_37ed916bb9,2026-01-04T03:17:24,4969.01,merchant_demo_001
txn_d9da5bac2cd9,acct_37ed916bb9,2026-03-17T03:17:24,4974.83,merchant_demo_001
txn_d7994eaf2bb3,acct_37ed916bb9,2026-05-16T03:17:24,2755.09,merchant_demo_001
txn_cfd72c74ebed,acct_2ddedf0c4e,2025-12-17T23:06:24,3721.4,merchant_demo_001
txn_3737001e0664,acct_2ddedf0c4e,2025-05-26T23:06:24,1004.58,merchant_demo_001
txn_fa0da50f01e3,acct_3bd28ffd6a,2026-03-28T19:27:37,164.04,merchant_demo_001
txn_078c53b60a23,acct_970dc8ada0,2027-03-19T20:02:56,804.11,merchant_demo_001
txn_9027be29c8e0,acct_970dc8ada0,2026-08-28T20:02:56,618.2,merchant_demo_001
txn_3acc87702d2c,acct_970dc8ada0,2026-06-14T20:02:56,196.01,merchant_demo_001
txn_b41124da0691,acct_970dc8ada0,2026-05-04T20:02:56,1137.82,merchant_demo_001
txn_fc6c7bf58464,acct_970dc8ada0,2027-03-02T20:02:56,3473.43,merchant_demo_001
txn_3cf72ee2f1bb,acct_93181927c9,2026-12-04T14:53:06,1404.65,merchant_demo_001
txn_c3faf6581167,acct_93181927c9,2026-10-30T14:53:06,4768.49,merchant_demo_001
txn_80a597cbcae4,acct_5bbcc36731,2026-09-23T20:53:06,2779.91,merchant_demo_001
txn_267115d9492f,acct_5bbcc36731,2026-02-23T20:53:06,2361.87,merchant_demo_001
txn_2149800e166b,acct_5bbcc36731,2026-06-06T20:53:06,2208.51,merchant_demo_001
txn_7674fe277904,acct_1734a0224d,2026-10-30T07:00:39,1287.96,merchant_demo_001
txn_f530b126ce0d,acct_1734a0224d,2026-11-02T07:00:39,3450.93,merchant_demo_001
txn_27797607a603,acct_1734a0224d,2027-07-26T07:00:39,1441.36,merchant_demo_001
txn_618abd74a991,acct_1734a0224d,2027-02-10T07:00:39,559.33,merchant_demo_001
txn_561a77623807,acct_21fcca7483,2026-01-08T08:17:17,869.98,merchant_demo_001
txn_fc6e8375c7e7,acct_21fcca7483,2025-11-15T08:17:17,4771.12,merchant_demo_001
txn_86f17eb38a4c,acct_21fcca7483,2026-04-08T08:17:17,2195.68,merchant_demo_001
txn_62c2a848fc01,acct_21fcca7483,2026-03-18T08:17:17,2147.5,merchant_demo_001
txn_fa3f35a071b4,acct_21fcca7483,2026-08-19T08:17:17,1394.79,merchant_demo_001
txn_f0be8ba708ff,acct_c6f6e90da0,2026-01-07T14:36:36,582.42,merchant_demo_001
txn_9d46419fd18a,acct_c6f6e90da0,2025-09-07T14:36:36,2175.1,merchant_demo_001
txn_a6bb3f117a81,acct_c6f6e90da0,2025-12-10T14:36:36,1796.93,merchant_demo_001
txn_c2f38a6c3f6c,acct_7cd49eeb7d,2026-12-31T16:44:22,877.88,merchant_demo_001
txn_1218a88e3d4a,acct_0ee26fd52e,2026-06-16T02:54:02,1302.67,merchant_demo_001
txn_0fef7a77fcf7,acct_e79bf68da0,2025-12-20T17:42:11,3039.22,merchant_demo_001
txn_936dfbff7472,acct_e79bf68da0,2026-06-18T17:42:11,4754.37,merchant_demo_001
txn_c07a4700b4c2,acct_e79bf68da0,2026-04-20T17:42:11,1793.65,merchant_demo_001
txn_b74e6246bdf2,acct_e79bf68da0,2025-08-07T17:42:11,617.52,merchant_demo_001
txn_6f4394dc3d60,acct_c3fc4a0b64,2026-03-25T19:27:39,3964.94,merchant_demo_001
txn_099744399e1a,acct_c3fc4a0b64,2026-02-17T19:27:39,1264.32,merchant_demo_001
txn_0b90335d5e3e,acct_c3fc4a0b64,2025-12-06T19:27:39,3301.93,merchant_demo_001
txn_41f62da0ecab,acct_e6eacc3c02,2025-06-11T01:16:59,3908.6,merchant_demo_001
txn_fae40da1f779,acct_e6eacc3c02,2025-06-11T01:10:59,97.68,merchant_demo_001
txn_288bb37c3b69,acct_ff67ba4fdb,2026-07-31T01:51:20,3598.17,merchant_demo_001
txn_cd466ce48c96,acct_ff67ba4fdb,2026-07-31T02:43:20,2353.61,merchant_demo_001
txn_e0742faba593,acct_ff67ba4fdb,2026-07-31T03:11:20,4498.78,merchant_demo_001
txn_84e576776748,acct_86129b0d63,2025-03-01T18:43:50,1958.67,merchant_demo_001
txn_729e636c1043,acct_86129b0d63,2025-12-01T18:43:50,1100.27,merchant_demo_001
txn_b83fe2d376b1,acct_86129b0d63,2025-05-18T18:43:50,559.45,merchant_demo_001
txn_3660c7211913,acct_86129b0d63,2025-06-18T18:43:50,3595.51,merchant_demo_001
txn_3f2da87973ad,acct_86129b0d63,2026-01-05T18:43:50,420.38,merchant_demo_001
txn_8fd164649221,acct_013a4de9dc,2026-11-26T17:28:26,3793.2,merchant_demo_001
txn_15ac33d08b88,acct_013a4de9dc,2026-05-23T17:28:26,4076.3,merchant_demo_001
txn_164371140a63,acct_013a4de9dc,2026-03-23T17:28:26,1025.76,merchant_demo_001
txn_77eb190212b4,acct_013a4de9dc,2026-08-21T17:28:26,2518.32,merchant_demo_001
txn_1ab7e9c7ca55,acct_89502fb636,2026-10-28T11:41:59,640.33,merchant_demo_001
txn_2cbc6ef28bc3,acct_89502fb636,2026-11-13T11:41:59,897.14,merchant_demo_001
txn_d129125342c9,acct_89502fb636,2026-09-10T11:41:59,2976.3,merchant_demo_001
txn_8257ed270230,acct_e3201299a6,2026-04-17T17:42:47,155.28,merchant_demo_001
txn_828b4e46cc76,acct_e3201299a6,2025-07-05T17:42:47,3236.15,merchant_demo_001
txn_959eb0f531d7,acct_48b318ed9b,2026-03-08T19:21:31,4562.63,merchant_demo_001
txn_0f61ab807236,acct_48b318ed9b,2026-07-29T19:21:31,698.74,merchant_demo_001
txn_c47b38706db9,acct_48b318ed9b,2026-09-28T19:21:31,233.19,merchant_demo_001
txn_2f8ce4d8eb87,acct_48b318ed9b,2026-12-04T19:21:31,4594.27,merchant_demo_001
txn_5c03965c4126,acct_48b318ed9b,2026-03-26T19:21:31,1720.08,merchant_demo_001
txn_f4d21315d2b1,acct_a2eb80ec5c,2026-02-08T19:22:05,2375.97,merchant_demo_001
txn_0c7bcf856ac8,acct_37df8169c5,2026-11-18T04:08:51,1539.94,merchant_demo_001
txn_12edc99b7720,acct_37df8169c5,2026-04-24T04:08:51,3780.78,merchant_demo_001
txn_6b0874f1bc2d,acct_37df8169c5,2026-06-05T04:08:51,444.85,merchant_demo_001
txn_7a865c11a8d4,acct_37df8169c5,2026-12-14T04:08:51,1600.21,merchant_demo_001
txn_8875825e8b29,acct_3ae7b01a18,2025-12-17T13:41:15,1996.97,merchant_demo_001
txn_6d65430d2a1e,acct_3ae7b01a18,2026-11-14T13:41:15,4920.64,merchant_demo_001
txn_b5c8452b00bf,acct_3ae7b01a18,2026-08-02T13:41:15,4250.93,merchant_demo_001
txn_b64af7b2f770,acct_3ae7b01a18,2026-01-24T13:41:15,4223.22,merchant_demo_001
txn_629c648c940d,acct_3ae7b01a18,2026-10-05T13:41:15,558.58,merchant_demo_001
txn_7b3371994096,acct_e4e4a73ec1,2026-07-22T06:58:19,4136.01,merchant_demo_001
txn_d0a9a13e73a1,acct_e4e4a73ec1,2026-09-07T06:58:19,570.42,merchant_demo_001
txn_9bfcf357eb3c,acct_7688f60d32,2026-04-04T00:41:59,3635.05,merchant_demo_001
txn_522ad92d3c91,acct_7688f60d32,2025-08-10T00:41:59,892.45,merchant_demo_001
txn_65979479031a,acct_7688f60d32,2025-07-23T00:41:59,3634.33,merchant_demo_001
txn_443d22071632,acct_0bd40c155c,2025-11-18T19:14:46,4948.35,merchant_demo_001
txn_7f033c3a609c,acct_0bd40c155c,2026-02-03T19:14:46,4346.67,merchant_demo_001
txn_dd7866520a40,acct_0bd40c155c,2025-06-28T19:14:46,4422.43,merchant_demo_001
txn_fbca4e692345,acct_26601b610a,2026-01-24T04:57:59,287.62,merchant_demo_001
txn_bfe62bdf535c,acct_9cdb89e1b6,2025-12-30T15:12:40,1355.45,merchant_demo_001
txn_45ff74c81882,acct_9cdb89e1b6,2026-11-09T15:12:40,3083.12,merchant_demo_001
txn_fe389a23eb9d,acct_9cdb89e1b6,2026-06-04T15:12:40,1386.06,merchant_demo_001
txn_27036edfa87a,acct_1d5a48bb3f,2025-09-11T12:59:57,2938.09,merchant_demo_001
txn_4a13d001df75,acct_1d5a48bb3f,2025-09-02T12:59:57,675.13,merchant_demo_001
txn_cbac866fef87,acct_25faf5f62b,2026-12-27T22:51:35,2941.44,merchant_demo_001
txn_1bd677ae26d5,acct_25faf5f62b,2026-07-06T22:51:35,3202.67,merchant_demo_001
txn_756195e66951,acct_d52e3bd7e2,2026-04-18T01:00:59,2661.57,merchant_demo_001
txn_2cfe87c0f79a,acct_ce8f41b5a7,2026-03-06T20:49:40,3323.28,merchant_demo_001
txn_ee9dce27339f,acct_ce8f41b5a7,2025-11-25T20:49:40,1643.46,merchant_demo_001
txn_c5e584a59528,acct_ce8f41b5a7,2026-07-14T20:49:40,2439.4,merchant_demo_001
txn_96a6c3e30d60,acct_ce8f41b5a7,2025-08-21T20:49:40,1355.87,merchant_demo_001
txn_ad174ac7c41e,acct_ce8f41b5a7,2025-12-03T20:49:40,3571.34,merchant_demo_001
txn_d59dd2744252,acct_8c99325c43,2027-04-15T09:11:19,4185.93,merchant_demo_001
txn_1cf68969cb26,acct_8c99325c43,2026-11-05T09:11:19,3314.43,merchant_demo_001
txn_366745dfe9d2,acct_8c99325c43,2027-07-15T09:11:19,4286.52,merchant_demo_001
txn_93af69ce1071,acct_5f16d77903,2026-06-19T06:55:24,4860.24,merchant_demo_001
txn_a09befb30b0c,acct_ccd803db39,2026-06-28T17:09:30,114.98,merchant_demo_001
txn_94457f646818,acct_a4cf99c7cf,2026-03-22T02:48:32,4101.63,merchant_demo_001
txn_c00489232cea,acct_a4cf99c7cf,2025-10-30T02:48:32,2463.85,merchant_demo_001
txn_33c0dec91b00,acct_43ef1e84b3,2025-08-15T01:04:58,4079.28,merchant_demo_001
txn_726a1ba0eb34,acct_43ef1e84b3,2026-05-25T01:04:58,2661.84,merchant_demo_001
txn_97b70cb596c8,acct_43ef1e84b3,2025-10-08T01:04:58,3814.42,merchant_demo_001
txn_58abb30cd8bf,acct_8b0cefda2c,2026-12-21T08:49:40,2297.41,merchant_demo_001
txn_4c68616efc30,acct_8b0cefda2c,2026-03-12T08:49:40,4246.64,merchant_demo_001
txn_7f75ee4ae73e,acct_8b0cefda2c,2026-02-16T08:49:40,4574.92,merchant_demo_001
txn_277bebccfcfb,acct_2dc8e23ac3,2026-08-13T20:01:03,1958.6,merchant_demo_001
txn_79582eab9e4e,acct_2dc8e23ac3,2026-09-27T20:01:03,4345.9,merchant_demo_001
txn_2a3f4422d940,acct_35794e2abd,2025-10-12T21:05:13,3911.1,merchant_demo_001
txn_ec667b9daa7c,acct_35794e2abd,2025-10-05T21:05:13,389.76,merchant_demo_001
txn_844b08445d17,acct_35794e2abd,2026-02-02T21:05:13,862.77,merchant_demo_001
txn_ef9d0f321481,acct_35794e2abd,2025-12-05T21:05:13,4759.9,merchant_demo_001
txn_73509951a181,acct_35794e2abd,2026-04-22T21:05:13,3259.5,merchant_demo_001
txn_8ab3e8d5e89d,acct_be98a26d83,2026-11-09T03:34:35,4387.17,merchant_demo_001
txn_1192ea007494,acct_be98a26d83,2027-04-03T03:34:35,595.49,merchant_demo_001
txn_ce6ae7448cad,acct_43e80523a7,2026-09-07T19:40:41,975.8,merchant_demo_001
txn_e35454de40aa,acct_a55354ee4b,2026-04-17T18:50:52,3326.33,merchant_demo_001
txn_c3ff33b4335d,acct_70ac813efa,2026-12-27T02:06:59,1364.61,merchant_demo_001
txn_1238f75411f0,acct_70ac813efa,2027-04-07T02:06:59,466.13,merchant_demo_001
txn_a914f86858f6,acct_70ac813efa,2027-02-05T02:06:59,1099.73,merchant_demo_001
txn_87fd3023c437,acct_70ac813efa,2027-01-19T02:06:59,2535.84,merchant_demo_001
txn_5af719a862d1,acct_0c8146f48e,2026-10-29T06:40:50,313.13,merchant_demo_001
txn_d9af4b291c0c,acct_0c8146f48e,2026-09-28T06:40:50,1880.41,merchant_demo_001
txn_4ccea4c23fef,acct_0c8146f48e,2026-06-06T06:40:50,3260.68,merchant_demo_001
txn_82f27901ffdd,acct_0c8146f48e,2027-05-21T06:40:50,4643.7,merchant_demo_001
txn_6d0462ef4a76,acct_0c8146f48e,2026-08-19T06:40:50,1505.33,merchant_demo_001
txn_8fd73e7ab651,acct_293202da41,2025-03-14T15:45:19,2990.54,merchant_demo_001
txn_3daea19cd4fe,acct_293202da41,2025-04-05T15:45:19,3056.87,merchant_demo_001
txn_efce689ae8a1,acct_5e2e0d2ebb,2025-12-24T19:25:51,590.46,merchant_demo_001
txn_01e17c4e265c,acct_5e2e0d2ebb,2025-06-11T19:25:51,3249.41,merchant_demo_001
txn_4a69219a2335,acct_5e2e0d2ebb,2025-07-12T19:25:51,1136.92,merchant_demo_001
txn_20ae119b11ec,acct_5e2e0d2ebb,2025-06-13T19:25:51,4480.54,merchant_demo_001
txn_f5321dce0b38,acct_5e2e0d2ebb,2026-03-07T19:25:51,1367.58,merchant_demo_001
txn_c0d140df48fe,acct_19b9cc10ec,2026-03-11T20:47:54,550.11,merchant_demo_001
txn_0236181b962b,acct_50bab2a82b,2025-12-25T14:21:05,3512.59,merchant_demo_001
txn_d6cc1c5e02ce,acct_50bab2a82b,2025-09-06T14:21:05,1989.95,merchant_demo_001
txn_d424cce9ddbc,acct_b10681ca2b,2025-06-17T00:52:36,3682.93,merchant_demo_001
txn_1b4aefd1cba0,acct_688099e724,2026-11-02T07:13:26,1068.24,merchant_demo_001
txn_6017cf523470,acct_688099e724,2026-06-06T07:13:26,1770.78,merchant_demo_001
txn_b64084f5b773,acct_688099e724,2026-07-19T07:13:26,3543.97,merchant_demo_001
txn_8683efdccf0c,acct_cba4e5c2fc,2026-11-24T03:11:11,65.38,merchant_demo_001
txn_673dcf7670d0,acct_cba4e5c2fc,2026-02-16T03:11:11,2541.04,merchant_demo_001
txn_eb661bf72b77,acct_cba4e5c2fc,2026-11-07T03:11:11,3129.49,merchant_demo_001
txn_93952d18df66,acct_064bf235e9,2026-08-13T09:04:12,4270.19,merchant_demo_001
txn_2ca2fecc9822,acct_064bf235e9,2026-09-07T09:04:12,1231.17,merchant_demo_001
txn_d9a00731e572,acct_064bf235e9,2026-08-14T09:04:12,3423.14,merchant_demo_001
txn_326eb616b4ee,acct_8f27a40b2e,2026-02-08T17:19:42,1694.17,merchant_demo_001
txn_a1fd96812cec,acct_8f27a40b2e,2026-06-26T17:19:42,752.08,merchant_demo_001
txn_e2f99a960b6d,acct_35cda7d11a,2025-12-24T14:07:54,2399.27,merchant_demo_001
txn_03641323c3af,acct_15411eeeed,2026-03-19T01:32:24,928.7,merchant_demo_001
txn_644a8774ae4f,acct_15411eeeed,2026-07-22T01:32:24,4412.22,merchant_demo_001
txn_fcf5e8d3053d,acct_15411eeeed,2026-06-04T01:32:24,3412.05,merchant_demo_001
txn_567a30cf01f5,acct_32b0360bb1,2026-01-24T20:55:20,1793.11,merchant_demo_001
txn_16155be9b783,acct_157f78f4bc,2026-02-02T00:11:04,54.98,merchant_demo_001
txn_d5111340d8f9,acct_157f78f4bc,2026-02-01T22:45:04,2389.21,merchant_demo_001
txn_6b35f4fbe50e,acct_3d46345d62,2025-02-26T18:48:36,2857.97,merchant_demo_001
txn_4fb5d93efbd1,acct_4a6a38443b,2025-06-01T05:19:32,2650.08,merchant_demo_001
txn_523e38d79db9,acct_4a6a38443b,2025-05-01T05:19:32,3787.21,merchant_demo_001
txn_bf809d73eaf3,acct_4a6a38443b,2026-03-08T05:19:32,514.85,merchant_demo_001
txn_dc588724cdcd,acct_0b8c870408,2026-11-17T03:53:32,1711.6,merchant_demo_001
txn_b6d140295849,acct_0b8c870408,2026-07-15T03:53:32,3687.33,merchant_demo_001
txn_a221ebe60da8,acct_0b8c870408,2026-08-12T03:53:32,1323.83,merchant_demo_001
txn_c8fd5bbd58fc,acct_35a0abf71a,2026-10-28T09:59:08,1853.23,merchant_demo_001
txn_cf422ae447c9,acct_35a0abf71a,2026-06-27T09:59:08,4147.36,merchant_demo_001
txn_2a739656bbec,acct_35a0abf71a,2026-11-22T09:59:08,3565.28,merchant_demo_001
txn_69cdd2feebe0,acct_35a0abf71a,2027-03-13T09:59:08,3883.91,merchant_demo_001
txn_d7e222a8eed3,acct_2b9f15fa4b,2026-05-22T22:18:57,608.17,merchant_demo_001
txn_529eb8dc3ce6,acct_2b9f15fa4b,2026-09-03T22:18:57,2620.58,merchant_demo_001
txn_ff3b5b790a8e,acct_2b9f15fa4b,2026-08-10T22:18:57,152.6,merchant_demo_001
txn_425be9ea6df8,acct_2b9f15fa4b,2026-04-15T22:18:57,4288.51,merchant_demo_001
txn_06de05b60e3c,acct_2b9f15fa4b,2026-08-20T22:18:57,4970.73,merchant_demo_001
txn_0cb40db33ba8,acct_276b908b13,2026-08-20T09:32:23,202.98,merchant_demo_001
txn_7151a38aa8d4,acct_276b908b13,2026-09-30T09:32:23,3718.01,merchant_demo_001
txn_c3ebb57479e4,acct_276b908b13,2026-07-17T09:32:23,1829.13,merchant_demo_001
txn_3b8af87e1636,acct_791e2f516f,2025-06-12T03:49:07,1009.52,merchant_demo_001
txn_bc94e192f3e3,acct_791e2f516f,2025-06-12T05:03:07,3211.73,merchant_demo_001
txn_2e86e5b219d9,acct_791e2f516f,2025-06-12T04:37:07,4391.86,merchant_demo_001
txn_7287f86989c6,acct_b98e7fde2c,2025-09-08T02:59:29,4501.15,merchant_demo_001
txn_648a3f252187,acct_b98e7fde2c,2025-09-08T02:35:29,4937.29,merchant_demo_001
txn_9bcf0e5c8479,acct_b98e7fde2c,2025-09-08T02:54:29,916.01,merchant_demo_001
txn_748c49dff553,acct_2ad7db263e,2026-09-27T12:13:37,1985.58,merchant_demo_001
txn_2f143a1e9579,acct_2ad7db263e,2026-11-10T12:13:37,4729.07,merchant_demo_001
txn_04825ff8787d,acct_2ad7db263e,2026-08-30T12:13:37,1581.15,merchant_demo_001
txn_2b4a779cfdd9,acct_d7ad88c86d,2026-06-07T05:42:12,2624.38,merchant_demo_001
txn_95aa178b37d5,acct_2105fc3997,2026-05-14T09:25:43,658.66,merchant_demo_001
txn_92c4fb336d04,acct_2105fc3997,2026-02-22T09:25:43,2854.98,merchant_demo_001
txn_13716706bb6c,acct_2105fc3997,2025-12-29T09:25:43,1477.62,merchant_demo_001
txn_caf9b8abf922,acct_01a83a0f0d,2026-05-22T08:22:20,4639.8,merchant_demo_001
txn_8e4fdbab3c80,acct_425ae95257,2026-07-25T03:09:10,3420.57,merchant_demo_001
txn_8f4a8d6f95bd,acct_425ae95257,2026-08-23T03:09:10,4835.02,merchant_demo_001
txn_46b035b6ce29,acct_a5cf5e84ed,2026-07-03T02:06:35,3338.39,merchant_demo_001
txn_2afb11677600,acct_a5cf5e84ed,2026-02-23T02:06:35,2459.78,merchant_demo_001
txn_548fc8f56eb1,acct_a5cf5e84ed,2025-10-24T02:06:35,4008.94,merchant_demo_001
txn_d9ca29094534,acct_a5cf5e84ed,2025-09-28T02:06:35,2296.6,merchant_demo_001
txn_29935c53832b,acct_a5cf5e84ed,2026-01-10T02:06:35,1450.94,merchant_demo_001
txn_d1e059991f11,acct_70aefeb213,2026-06-06T09:45:38,313.31,merchant_demo_001
txn_1d0220a9a5e2,acct_70aefeb213,2026-09-07T09:45:38,75.2,merchant_demo_001
txn_4273c8bda839,acct_70aefeb213,2026-10-01T09:45:38,3318.25,merchant_demo_001
txn_aa7d78aef245,acct_70aefeb213,2026-04-04T09:45:38,297.02,merchant_demo_001
txn_fdf0cdfe7af8,acct_70aefeb213,2026-06-13T09:45:38,1783.58,merchant_demo_001
txn_24eb1858117b,acct_13dbae3f9e,2026-05-29T13:07:09,3343.36,merchant_demo_001
txn_854b1ad6d74f,acct_13dbae3f9e,2026-10-12T13:07:09,2825.71,merchant_demo_001
txn_dca1349fc3b3,acct_13dbae3f9e,2025-10-28T13:07:09,3580.33,merchant_demo_001
txn_d40264eb60a9,acct_19d38db267,2026-03-27T04:42:00,1023.8,merchant_demo_001
txn_6f59f5c16cb7,acct_19d38db267,2026-01-10T04:42:00,4595.39,merchant_demo_001
txn_7c1e256d0a14,acct_ae7e9425f9,2026-02-26T11:56:39,209.08,merchant_demo_001
txn_efedf3ebf20e,acct_ae7e9425f9,2026-05-06T11:56:39,1281.21,merchant_demo_001
txn_88a5ab08c264,acct_ae7e9425f9,2026-10-19T11:56:39,3203.37,merchant_demo_001
txn_b9a11586e047,acct_cbffc7bede,2026-03-22T14:11:08,4836.19,merchant_demo_001
txn_88a8ac981b27,acct_cbffc7bede,2025-10-19T14:11:08,4470.52,merchant_demo_001
txn_29238b37d2d2,acct_cbffc7bede,2026-01-31T14:11:08,3005.34,merchant_demo_001
txn_166ad3a0cd9a,acct_cbffc7bede,2025-11-26T14:11:08,2841.34,merchant_demo_001
txn_aa2b5577cfdf,acct_dfea36ebcc,2026-04-23T09:55:10,738.92,merchant_demo_001
txn_ed9281078d9e,acct_dfea36ebcc,2026-07-29T09:55:10,1037.56,merchant_demo_001
txn_21f0f417781d,acct_dfea36ebcc,2025-09-08T09:55:10,2110.75,merchant_demo_001
txn_288c6898e49c,acct_5e99005359,2025-09-24T09:10:45,1559.73,merchant_demo_001
txn_374fe16a0fea,acct_5e99005359,2025-09-22T09:10:45,2854.99,merchant_demo_001
txn_7b7f55fa4563,acct_79104c16c3,2026-08-28T11:07:22,957.69,merchant_demo_001
txn_8fb66f6b727e,acct_79104c16c3,2026-12-27T11:07:22,4385.81,merchant_demo_001
txn_25348bd76911,acct_79104c16c3,2026-07-03T11:07:22,525.41,merchant_demo_001
txn_bb3d1d6adf41,acct_79104c16c3,2026-08-18T11:07:22,2237.41,merchant_demo_001
txn_547c0125ea92,acct_e4e71c52be,2027-04-02T23:19:45,4677.66,merchant_demo_001
txn_442704a7f51b,acct_e4e71c52be,2027-07-18T23:19:45,1819.92,merchant_demo_001
txn_d2af2d866a2c,acct_e4e71c52be,2027-01-16T23:19:45,2166.96,merchant_demo_001
txn_58ab90e00273,acct_d70e5360eb,2026-11-27T01:08:08,2333.36,merchant_demo_001
txn_1b0efcf7777c,acct_d70e5360eb,2027-02-11T01:08:08,180.79,merchant_demo_001
txn_dd0d67cd0619,acct_d70e5360eb,2027-05-28T01:08:08,2133.55,merchant_demo_001
txn_f958e8c9e6dc,acct_d70e5360eb,2027-05-22T01:08:08,745.9,merchant_demo_001
txn_8348f5c2f2a3,acct_a056a2277e,2026-07-09T07:42:29,2922.6,merchant_demo_001
txn_72bd404b30e8,acct_a056a2277e,2026-09-14T07:42:29,680.01,merchant_demo_001
txn_4b746ca275ce,acct_a056a2277e,2026-12-10T07:42:29,4504.57,merchant_demo_001
txn_a2879fd54ce6,acct_67edbbe37e,2025-05-24T03:14:51,3788.91,merchant_demo_001
txn_834a601f68f4,acct_67edbbe37e,2025-11-14T03:14:51,673.38,merchant_demo_001
txn_ac457311e58d,acct_67edbbe37e,2026-04-05T03:14:51,79.47,merchant_demo_001
txn_53aea1b8e674,acct_8ee986013e,2026-06-06T18:41:05,4204.03,merchant_demo_001
txn_0293f667fa35,acct_8ee986013e,2025-11-26T18:41:05,320.73,merchant_demo_001
txn_40961fb217ab,acct_8ee986013e,2026-09-11T18:41:05,579.89,merchant_demo_001
txn_ac268c30fb9b,acct_8ee986013e,2026-08-14T18:41:05,532.13,merchant_demo_001
txn_fa8fbe6383e4,acct_8ee986013e,2026-03-11T18:41:05,2848.94,merchant_demo_001
txn_d91bb1e30414,acct_6db6bae24b,2025-05-19T11:56:08,651.14,merchant_demo_001
txn_78c60685865a,acct_6db6bae24b,2026-02-11T11:56:08,3388.34,merchant_demo_001
txn_b9a8c3c2177f,acct_6db6bae24b,2026-05-01T11:56:08,3598.91,merchant_demo_001
txn_b6b9a157e3a6,acct_299991a470,2026-09-10T06:34:10,763.55,merchant_demo_001
txn_0e58aa2bfd0f,acct_299991a470,2027-01-03T06:34:10,4838.03,merchant_demo_001
txn_4866ef275661,acct_6bf9ca0c65,2025-06-13T03:29:39,4480.51,merchant_demo_001
txn_5196d2d17f74,acct_ccea200448,2025-06-07T03:17:36,816.14,merchant_demo_001
txn_3846e632602c,acct_ccea200448,2025-05-24T03:17:36,1588.91,merchant_demo_001
txn_b1c7a505998c,acct_ccea200448,2025-06-12T03:17:36,81.93,merchant_demo_001
txn_3d4acd736881,acct_1129f618eb,2027-04-04T17:49:59,3454.48,merchant_demo_001
txn_cfda73d53960,acct_1129f618eb,2026-07-17T17:49:59,382.35,merchant_demo_001
txn_167abc7f3649,acct_1129f618eb,2026-08-06T17:49:59,3038.76,merchant_demo_001
txn_14000560ea49,acct_1129f618eb,2026-07-20T17:49:59,2623.12,merchant_demo_001
txn_c17ba032b60b,acct_6418512fb3,2026-05-05T09:33:35,562.85,merchant_demo_001
txn_973d2c4368c9,acct_6418512fb3,2026-02-02T09:33:35,4172.0,merchant_demo_001
txn_338a96457959,acct_e28ec7fc7f,2026-03-25T21:07:20,325.48,merchant_demo_001
txn_548dcfe41366,acct_e28ec7fc7f,2026-03-25T19:58:20,1534.62,merchant_demo_001
txn_c98682cb9fcf,acct_7ed05e7e5a,2025-07-20T14:14:31,4110.34,merchant_demo_001
txn_60138dd19de4,acct_7ed05e7e5a,2026-01-21T14:14:31,1338.34,merchant_demo_001
txn_93dd706387fa,acct_7ed05e7e5a,2026-02-24T14:14:31,3422.54,merchant_demo_001
txn_9b1c9df828fc,acct_7ed05e7e5a,2026-03-19T14:14:31,3104.93,merchant_demo_001
txn_9c95e3e61fc1,acct_add278d784,2026-05-26T06:32:13,3199.18,merchant_demo_001
txn_769f3e3bb1d6,acct_add278d784,2026-06-15T06:32:13,751.35,merchant_demo_001
txn_286a49dc9b87,acct_add278d784,2027-03-29T06:32:13,3304.45,merchant_demo_001
txn_03029b1f4ebb,acct_add278d784,2026-06-08T06:32:13,2582.0,merchant_demo_001
txn_add99c5ab6f3,acct_96c4b20e2a,2025-07-14T20:39:42,2406.98,merchant_demo_001
txn_bdb373e83542,acct_96c4b20e2a,2025-08-29T20:39:42,1482.77,merchant_demo_001
txn_780f17813dc8,acct_96c4b20e2a,2025-05-24T20:39:42,4797.5,merchant_demo_001
txn_2beea4de663f,acct_96c4b20e2a,2025-12-11T20:39:42,1868.33,merchant_demo_001
txn_203ce946c3e4,acct_96c4b20e2a,2025-08-21T20:39:42,1986.39,merchant_demo_001
txn_298262dd9389,acct_1c16fa4b68,2026-04-14T21:29:03,2113.64,merchant_demo_001
txn_3e301c794571,acct_fc65e54c68,2026-05-25T03:07:21,188.45,merchant_demo_001
txn_7dc53d3c5a31,acct_fc65e54c68,2026-10-31T03:07:21,644.63,merchant_demo_001
txn_554f73eedea6,acct_fc65e54c68,2026-09-26T03:07:21,104.55,merchant_demo_001
txn_601e30540919,acct_fc65e54c68,2026-08-13T03:07:21,218.71,merchant_demo_001
txn_03e372ed7a76,acct_95ab521ea7,2025-09-21T14:18:46,261.03,merchant_demo_001
txn_6a60df138efb,acct_95ab521ea7,2025-08-06T14:18:46,4815.84,merchant_demo_001
txn_1c31d76fa751,acct_95ab521ea7,2025-10-03T14:18:46,4418.0,merchant_demo_001
txn_6065f1dd09f9,acct_95ab521ea7,2025-09-28T14:18:46,1420.67,merchant_demo_001
txn_8b9ba78980f5,acct_95ab521ea7,2025-04-28T14:18:46,1820.85,merchant_demo_001
txn_dbda0831ef47,acct_f1a4b6e990,2025-07-18T11:13:26,1776.73,merchant_demo_001
txn_86aca53a5e64,acct_f1a4b6e990,2026-03-29T11:13:26,2649.03,merchant_demo_001
txn_ec208fbfd4ad,acct_f1a4b6e990,2025-12-20T11:13:26,360.69,merchant_demo_001
txn_b0dce47a006f,acct_f1a4b6e990,2026-03-03T11:13:26,799.44,merchant_demo_001
txn_d0991cbcc41e,acct_f1a4b6e990,2026-03-03T11:13:26,3610.09,merchant_demo_001
txn_aed414b4e54c,acct_8018e90303,2025-11-02T14:40:27,3590.15,merchant_demo_001
txn_fbe5784e6775,acct_8018e90303,2025-05-22T14:40:27,1427.78,merchant_demo_001
txn_20122f44b5cc,acct_8018e90303,2026-04-06T14:40:27,3309.3,merchant_demo_001
txn_c7bd22d6ff1e,acct_7a0060c9ba,2026-09-02T17:32:44,4584.99,merchant_demo_001
txn_3b9666070b74,acct_7a0060c9ba,2027-06-25T17:32:44,2444.54,merchant_demo_001
txn_6b72700d9b86,acct_7a0060c9ba,2027-03-28T17:32:44,3048.92,merchant_demo_001
txn_135667046fdd,acct_7a0060c9ba,2026-10-30T17:32:44,2901.39,merchant_demo_001
txn_7df16561ddfc,acct_f93ba83d29,2026-09-05T09:27:29,3311.58,merchant_demo_001
txn_77ec8c436e7e,acct_f93ba83d29,2025-12-14T09:27:29,690.64,merchant_demo_001
txn_5a5a25103343,acct_f93ba83d29,2026-01-16T09:27:29,2964.82,merchant_demo_001
txn_970e877b6554,acct_f93ba83d29,2026-05-28T09:27:29,1773.07,merchant_demo_001
txn_b9e5cdee3383,acct_f93ba83d29,2026-06-16T09:27:29,4157.94,merchant_demo_001
txn_8aadc942106d,acct_e4ba9ad970,2025-05-09T04:34:37,196.13,merchant_demo_001
txn_15c2b78f4e78,acct_3c4f0f4963,2025-05-12T00:20:38,1196.94,merchant_demo_001
txn_6d06ed0221b9,acct_3c4f0f4963,2025-05-12T02:30:38,575.79,merchant_demo_001
txn_ad58ea5e0c11,acct_3c4f0f4963,2025-05-12T02:33:38,2408.24,merchant_demo_001
txn_9ddce4654db8,acct_4f33fc6d96,2026-06-09T20:10:38,4052.35,merchant_demo_001
txn_435bb8007cd2,acct_4f33fc6d96,2026-05-20T20:10:38,3988.24,merchant_demo_001
txn_01b3f3518d9f,acct_10d9fbe968,2025-08-20T10:31:24,3654.41,merchant_demo_001
txn_b188c963dd7e,acct_f5ba6c5f3b,2026-04-15T20:33:15,4867.93,merchant_demo_001
txn_86b27298a3c6,acct_f5ba6c5f3b,2025-04-26T20:33:15,356.54,merchant_demo_001
txn_8ae2572eb18e,acct_f5ba6c5f3b,2025-07-31T20:33:15,616.65,merchant_demo_001
txn_57d0920eb5c9,acct_f5ba6c5f3b,2026-04-12T20:33:15,410.76,merchant_demo_001
txn_1e213c865933,acct_b8a3f8dd75,2026-11-20T10:03:59,3174.91,merchant_demo_001
txn_8224e5833198,acct_b8a3f8dd75,2026-01-29T10:03:59,4621.58,merchant_demo_001
txn_3cdaf3f7fd7e,acct_b8a3f8dd75,2026-06-27T10:03:59,582.92,merchant_demo_001
txn_fcbdbb1e143d,acct_248cb0644c,2025-10-23T18:49:17,709.42,merchant_demo_001
txn_491affe61316,acct_248cb0644c,2026-03-05T18:49:17,2890.21,merchant_demo_001
txn_c3f468787aa9,acct_248cb0644c,2025-07-24T18:49:17,1018.8,merchant_demo_001
txn_bbad2fff7129,acct_248cb0644c,2025-12-20T18:49:17,2215.7,merchant_demo_001
txn_163140dbe835,acct_60f01cda90,2026-06-18T15:15:53,1045.9,merchant_demo_001
txn_4fe95738b60c,acct_60f01cda90,2026-05-16T15:15:53,2198.61,merchant_demo_001
txn_2ec7cdaba1fe,acct_60f01cda90,2026-11-20T15:15:53,4052.93,merchant_demo_001
txn_3fc30682a7ba,acct_507b1b2f29,2026-08-06T15:14:23,2931.43,merchant_demo_001
txn_a14db1c20d94,acct_507b1b2f29,2027-05-11T15:14:23,4801.17,merchant_demo_001
txn_8deecabaf428,acct_7f0178d2a9,2026-10-13T15:09:05,214.53,merchant_demo_001
txn_c8a0fb09a644,acct_f34a789ce4,2026-06-15T09:24:06,1829.83,merchant_demo_001
txn_18c727857877,acct_f34a789ce4,2027-01-07T09:24:06,2863.06,merchant_demo_001
txn_56055fc3684e,acct_4741e2c9d5,2026-02-03T16:15:41,967.26,merchant_demo_001
txn_5efab8293cac,acct_4e686dc5f2,2026-06-11T15:33:03,991.18,merchant_demo_001
txn_a791ae878239,acct_4e686dc5f2,2026-01-14T15:33:03,2873.33,merchant_demo_001
txn_5b5cd7673b5e,acct_4e686dc5f2,2026-05-30T15:33:03,2529.21,merchant_demo_001
txn_b52165738eb2,acct_4e686dc5f2,2026-03-31T15:33:03,3111.47,merchant_demo_001
txn_e98953fc9bbe,acct_4e686dc5f2,2026-07-13T15:33:03,4274.44,merchant_demo_001
txn_da012d01106a,acct_4dc84d2c61,2025-10-01T00:16:45,2166.18,merchant_demo_001
txn_d83046c388b2,acct_f093c7df5f,2025-08-22T00:24:16,2867.3,merchant_demo_001
txn_d0a64f324d44,acct_f093c7df5f,2025-08-22T00:38:16,3922.82,merchant_demo_001
txn_def5536bbba0,acct_01790817e8,2026-02-04T16:37:25,633.74,merchant_demo_001
txn_85556728427f,acct_01790817e8,2026-04-12T16:37:25,304.82,merchant_demo_001
txn_0da41eab71b0,acct_01790817e8,2026-09-17T16:37:25,1688.05,merchant_demo_001
txn_932e06113f2d,acct_498c6fe267,2025-08-09T07:35:49,4615.25,merchant_demo_001
txn_a3192fa7cc89,acct_498c6fe267,2025-07-20T07:35:49,1982.61,merchant_demo_001
txn_f3e75e1db574,acct_06ae8755b5,2026-04-04T13:19:40,4368.59,merchant_demo_001
txn_d59f6c11ed26,acct_06ae8755b5,2026-05-20T13:19:40,4842.17,merchant_demo_001
txn_36af4d0b95e2,acct_06ae8755b5,2026-04-08T13:19:40,2695.4,merchant_demo_001
txn_bcbba1155e35,acct_fab9c74ee0,2026-10-07T00:00:01,4662.45,merchant_demo_001
txn_9e9194cd27ef,acct_fab9c74ee0,2026-09-28T00:00:01,1595.58,merchant_demo_001
txn_6e05129e1512,acct_6ce896660e,2025-09-19T08:38:21,2752.41,merchant_demo_001
txn_669c26ae0a0c,acct_6ce896660e,2025-10-16T08:38:21,2934.72,merchant_demo_001
txn_63197129a492,acct_6ce896660e,2026-01-02T08:38:21,3283.5,merchant_demo_001
txn_da80e522d437,acct_6ce896660e,2025-09-06T08:38:21,1723.32,merchant_demo_001
txn_ae4406287a75,acct_6ce896660e,2026-01-01T08:38:21,1042.53,merchant_demo_001
txn_eb6f5776f08f,acct_ac92161732,2025-09-27T11:13:43,1060.95,merchant_demo_001
txn_234fa4fda268,acct_c525e765e1,2026-10-24T00:58:03,3333.51,merchant_demo_001
txn_23a51695a653,acct_c525e765e1,2025-11-02T00:58:03,1216.31,merchant_demo_001
txn_d92cc10bb768,acct_c525e765e1,2025-11-08T00:58:03,4038.03,merchant_demo_001
txn_690126f2527f,acct_cf95ba6421,2027-02-12T16:49:25,3530.3,merchant_demo_001
txn_5f55e75fde27,acct_cf95ba6421,2027-05-02T16:49:25,4047.06,merchant_demo_001
txn_33a28a8f0231,acct_cf95ba6421,2026-09-30T16:49:25,4906.23,merchant_demo_001
txn_c4d18a21a439,acct_cf95ba6421,2026-11-05T16:49:25,3010.83,merchant_demo_001
txn_d9c83df0cc29,acct_cf95ba6421,2027-02-13T16:49:25,4650.35,merchant_demo_001
txn_adc875239069,acct_36a91652be,2026-08-17T23:55:02,4735.67,merchant_demo_001
txn_1f3a163b5875,acct_36a91652be,2026-05-02T23:55:02,3630.48,merchant_demo_001
txn_771209b9a5f0,acct_36a91652be,2026-02-06T23:55:02,226.22,merchant_demo_001
txn_2bff070553e7,acct_36a91652be,2026-08-31T23:55:02,1164.96,merchant_demo_001
txn_88b85b49a906,acct_36a91652be,2026-06-12T23:55:02,2186.0,merchant_demo_001
txn_b9cf2dfb2af7,acct_0b931514d1,2027-08-17T08:42:06,4256.68,merchant_demo_001
txn_767d637f2295,acct_0b931514d1,2026-11-06T08:42:06,156.14,merchant_demo_001
txn_1dac839f5bcb,acct_0b931514d1,2026-08-10T08:42:06,180.45,merchant_demo_001
txn_9c8f0261e33e,acct_59f9a736dc,2026-09-07T13:21:20,3060.29,merchant_demo_001
txn_4763d37d53f9,acct_59f9a736dc,2026-06-20T13:21:20,3425.61,merchant_demo_001
txn_58e1e201256b,acct_475bbeaeec,2026-11-01T00:20:34,2436.76,merchant_demo_001
txn_892cdd5f24d2,acct_01f00dbaeb,2027-04-04T16:16:20,1917.28,merchant_demo_001
txn_6989d47f47e8,acct_01f00dbaeb,2026-05-11T16:16:20,2177.11,merchant_demo_001
txn_2e333a700c7a,acct_01f00dbaeb,2026-10-12T16:16:20,2770.25,merchant_demo_001
txn_2fc55f111dda,acct_01f00dbaeb,2026-05-06T16:16:20,2217.87,merchant_demo_001
txn_fde2e8b04a69,acct_3b52611673,2026-01-04T08:18:22,1791.36,merchant_demo_001
txn_c73b67337c8b,acct_3b52611673,2025-12-22T08:18:22,2210.8,merchant_demo_001
txn_40e0af762b66,acct_3b52611673,2025-07-29T08:18:22,1228.94,merchant_demo_001
txn_9d3a8342bd1c,acct_3b52611673,2025-08-16T08:18:22,2963.66,merchant_demo_001
txn_afdcd78fc528,acct_3b52611673,2025-10-24T08:18:22,2094.67,merchant_demo_001
txn_78d31c24777e,acct_d399076b2f,2026-12-13T22:19:00,276.61,merchant_demo_001
txn_2fdadf00a3ad,acct_d399076b2f,2026-03-05T22:19:00,4372.62,merchant_demo_001
txn_07fa41a69dd2,acct_d399076b2f,2026-07-03T22:19:00,4072.48,merchant_demo_001
txn_7545c9ff0661,acct_d399076b2f,2026-04-06T22:19:00,330.44,merchant_demo_001
txn_03272ef3eb75,acct_d399076b2f,2026-10-08T22:19:00,943.94,merchant_demo_001
txn_e44aa018e4b8,acct_ab06285618,2026-02-17T10:42:11,1780.85,merchant_demo_001
txn_39068a1bef16,acct_782810d3fa,2026-07-16T11:19:51,692.1,merchant_demo_001
txn_29cbf71c0ee2,acct_782810d3fa,2026-09-08T11:19:51,2419.57,merchant_demo_001
txn_9b10ff9618e3,acct_254e57ef11,2027-03-18T11:47:32,430.18,merchant_demo_001
txn_41ad21b644ce,acct_a30d7ea7cf,2026-03-22T00:19:13,1069.01,merchant_demo_001
txn_b5704d109dee,acct_a30d7ea7cf,2026-06-13T00:19:13,3689.33,merchant_demo_001
txn_4aca0e593dd5,acct_a30d7ea7cf,2025-12-16T00:19:13,4493.32,merchant_demo_001
txn_6d5dc92769de,acct_903e901f55,2026-02-03T05:18:39,3580.01,merchant_demo_001
txn_3714c59fd7fd,acct_903e901f55,2025-12-25T05:18:39,3912.03,merchant_demo_001
txn_8262e4b20340,acct_23a758985e,2027-05-30T05:07:24,1258.82,merchant_demo_001
txn_5e13780878e7,acct_23a758985e,2026-11-13T05:07:24,1628.35,merchant_demo_001
txn_6a668c8715dd,acct_23a758985e,2027-04-03T05:07:24,2542.05,merchant_demo_001
txn_85d41da9def3,acct_7f1d09b83b,2026-11-10T18:46:31,4507.11,merchant_demo_001
txn_46602786e15c,acct_fb345355f9,2026-11-19T00:35:36,1434.93,merchant_demo_001
txn_b6bddc616df2,acct_fb345355f9,2026-06-28T00:35:36,4564.64,merchant_demo_001
txn_3746c3853a41,acct_fb345355f9,2026-12-07T00:35:36,1191.15,merchant_demo_001
txn_f7cd2793d74f,acct_fb345355f9,2027-03-30T00:35:36,2787.18,merchant_demo_001
txn_bcef7f74ec16,acct_fb345355f9,2026-05-17T00:35:36,1893.33,merchant_demo_001
txn_26ace891f002,acct_b24142a558,2026-01-03T22:11:53,4890.65,merchant_demo_001
txn_a2c33b22cfe8,acct_b24142a558,2026-12-08T22:11:53,2229.37,merchant_demo_001
txn_19e53831bf21,acct_eb546a0673,2026-05-23T07:32:35,155.38,merchant_demo_001
txn_4de632f89442,acct_eb546a0673,2026-04-12T07:32:35,1387.98,merchant_demo_001
txn_c0ebae50f966,acct_eb546a0673,2027-01-21T07:32:35,1951.67,merchant_demo_001
txn_be65c6860467,acct_eb546a0673,2026-05-08T07:32:35,345.61,merchant_demo_001
txn_590cdaaca1b9,acct_f05563a082,2025-11-08T05:08:34,2502.02,merchant_demo_001
txn_12249e1287db,acct_f05563a082,2025-11-07T05:08:34,1954.08,merchant_demo_001
txn_57bcd515eb3e,acct_f05563a082,2025-05-18T05:08:34,1161.02,merchant_demo_001
txn_90dd1702acb6,acct_f05563a082,2025-11-06T05:08:34,962.91,merchant_demo_001
txn_02f8b6f27e6f,acct_f05563a082,2025-12-02T05:08:34,2685.84,merchant_demo_001
txn_cb63650249d0,acct_c942b95442,2026-01-08T20:18:01,2730.67,merchant_demo_001
txn_3f6b53cc41fa,acct_c942b95442,2026-06-19T20:18:01,4689.26,merchant_demo_001
txn_790c1a97bb17,acct_c942b95442,2026-10-30T20:18:01,3784.67,merchant_demo_001
txn_a69e9d51ebf8,acct_7bc2d4b1d1,2026-09-13T05:21:28,4060.71,merchant_demo_001
txn_5acd9f456c0a,acct_7bc2d4b1d1,2027-02-28T05:21:28,1121.89,merchant_demo_001
txn_9b5a5b4192c4,acct_7bc2d4b1d1,2026-05-16T05:21:28,1737.67,merchant_demo_001
txn_92b47156605e,acct_35e81cb0f1,2027-01-17T06:28:40,4335.42,merchant_demo_001
txn_9a4061bcbced,acct_35e81cb0f1,2027-07-14T06:28:40,3659.67,merchant_demo_001
txn_8fed719a5462,acct_35e81cb0f1,2027-06-20T06:28:40,3774.38,merchant_demo_001
txn_f9239c005f64,acct_35e81cb0f1,2026-08-03T06:28:40,2788.81,merchant_demo_001
txn_9e9bbd68cec8,acct_35e81cb0f1,2027-06-13T06:28:40,4665.74,merchant_demo_001
txn_9bd28383b502,acct_66da132d9b,2027-03-31T13:22:59,2344.34,merchant_demo_001
txn_6b6a7525c9a9,acct_66da132d9b,2027-04-20T13:22:59,3610.14,merchant_demo_001
txn_cd97c85e1420,acct_66da132d9b,2027-07-29T13:22:59,2618.62,merchant_demo_001
txn_a40d9f5b4170,acct_2915557c01,2025-09-29T01:09:03,2363.3,merchant_demo_001
txn_d74d739a0dfc,acct_2915557c01,2025-07-17T01:09:03,702.77,merchant_demo_001
txn_14765641c474,acct_48279d0586,2026-09-12T04:25:05,4007.97,merchant_demo_001
txn_5024e14c2117,acct_4d2a12d471,2025-06-21T21:01:29,4994.09,merchant_demo_001
txn_590951244346,acct_4d2a12d471,2026-06-07T21:01:29,2736.88,merchant_demo_001
txn_daf9e492e156,acct_4d2a12d471,2025-10-28T21:01:29,2876.86,merchant_demo_001
txn_af3ea50a600b,acct_761e49360d,2025-12-03T10:30:40,1407.64,merchant_demo_001
txn_1a0661032b93,acct_f5018aa23b,2026-11-22T17:34:21,1290.04,merchant_demo_001
txn_bba498dbace4,acct_f5018aa23b,2026-11-19T17:34:21,4060.78,merchant_demo_001
txn_c4e01ec31c88,acct_f5018aa23b,2026-10-27T17:34:21,111.08,merchant_demo_001
txn_64fc83807f18,acct_cc033c31bc,2026-05-26T14:15:08,3320.84,merchant_demo_001
txn_edd73594f64a,acct_cc033c31bc,2025-12-21T14:15:08,4245.58,merchant_demo_001
txn_13608ac811b3,acct_cc033c31bc,2026-03-23T14:15:08,2340.49,merchant_demo_001
txn_d9160f878be9,acct_7556668656,2026-05-27T02:48:13,2358.88,merchant_demo_001
txn_6dcf89060273,acct_7556668656,2026-11-22T02:48:13,2427.03,merchant_demo_001
txn_ae198195c46e,acct_7556668656,2027-03-03T02:48:13,1128.32,merchant_demo_001
txn_7e9c53111eb0,acct_7556668656,2026-06-21T02:48:13,2918.87,merchant_demo_001
txn_4db14ef74a2d,acct_f17532d81f,2026-08-22T09:00:50,4490.37,merchant_demo_001
txn_ac2506cbf978,acct_e46508899f,2025-08-01T18:52:56,4768.8,merchant_demo_001
txn_a1b367222d71,acct_e46508899f,2025-10-05T18:52:56,940.03,merchant_demo_001
txn_345e6a5cf97f,acct_e46508899f,2026-03-21T18:52:56,3944.34,merchant_demo_001
txn_30f9a28d23b0,acct_e46508899f,2025-07-04T18:52:56,4351.82,merchant_demo_001
txn_690d3b40fa4b,acct_e46508899f,2025-04-28T18:52:56,1175.72,merchant_demo_001
txn_27e4281461ab,acct_a5baa7af74,2026-02-06T02:06:55,4362.63,merchant_demo_001
txn_7eba06422f5e,acct_a5baa7af74,2026-10-24T02:06:55,295.42,merchant_demo_001
txn_82fa5695f28f,acct_5705a0cb63,2026-05-11T01:38:23,240.58,merchant_demo_001
txn_413064a08244,acct_d602a336be,2027-01-22T10:26:42,2920.46,merchant_demo_001
txn_86cc6c889002,acct_d602a336be,2026-07-02T10:26:42,2789.37,merchant_demo_001
txn_70b3fbcc13e9,acct_d602a336be,2026-10-05T10:26:42,351.02,merchant_demo_001
txn_3d6f85525137,acct_d602a336be,2027-06-11T10:26:42,4960.26,merchant_demo_001
txn_4a35f7c66f40,acct_d602a336be,2026-10-20T10:26:42,129.78,merchant_demo_001
txn_f36ea581edf5,acct_8a3eac0265,2027-04-05T16:36:26,3605.68,merchant_demo_001
txn_21196a949868,acct_8a3eac0265,2027-05-06T16:36:26,1211.75,merchant_demo_001
txn_9e53eecb6284,acct_8a3eac0265,2026-08-27T16:36:26,433.52,merchant_demo_001
txn_2872ae6c2038,acct_dc9b5af929,2025-05-20T07:59:46,2579.63,merchant_demo_001
txn_e981edaf3cce,acct_dc9b5af929,2025-05-20T08:31:46,1060.01,merchant_demo_001
txn_b13b1cfbe907,acct_75d9b55bc3,2026-06-06T11:27:27,4154.23,merchant_demo_001
txn_eb6ae9f438c3,acct_75d9b55bc3,2026-11-11T11:27:27,2109.05,merchant_demo_001
txn_6959d0710aa3,acct_75d9b55bc3,2026-10-22T11:27:27,2161.05,merchant_demo_001
txn_8408b1661ee9,acct_75d9b55bc3,2026-04-21T11:27:27,758.24,merchant_demo_001
txn_3db1edee766f,acct_75d9b55bc3,2026-05-14T11:27:27,3054.49,merchant_demo_001
txn_e1a9d90e53e9,acct_4cfe83d130,2026-06-17T19:45:36,4876.74,merchant_demo_001
txn_eb132a0bc2ef,acct_4cfe83d130,2026-11-26T19:45:36,1904.84,merchant_demo_001
txn_c70769781c11,acct_4cfe83d130,2026-05-27T19:45:36,3128.49,merchant_demo_001
txn_aa484a0bd11d,acct_ed6e3bef63,2025-08-26T21:18:45,270.82,merchant_demo_001
txn_a2e139807105,acct_ed6e3bef63,2025-05-06T21:18:45,4563.77,merchant_demo_001
txn_0355adffacd8,acct_ab8e1eec7f,2026-02-28T03:54:20,3064.74,merchant_demo_001
txn_8ba7cb8c739f,acct_a309536ade,2026-12-03T16:17:59,3593.05,merchant_demo_001
txn_72e835378933,acct_a309536ade,2027-03-31T16:17:59,2565.5,merchant_demo_001
txn_b5cff7fd1e7d,acct_a309536ade,2027-01-08T16:17:59,3578.56,merchant_demo_001
txn_c288c4d2e193,acct_9db6fb585d,2025-11-05T18:34:23,4162.1,merchant_demo_001
txn_4150c643f4b8,acct_9db6fb585d,2025-05-12T18:34:23,3302.44,merchant_demo_001
txn_61ff96f37bd2,acct_40ca82ad1d,2026-09-09T02:48:24,3824.93,merchant_demo_001
txn_2dc3051d546a,acct_40ca82ad1d,2027-01-24T02:48:24,438.3,merchant_demo_001
txn_880895b2132b,acct_33c907f99c,2025-07-13T16:24:40,2848.74,merchant_demo_001
txn_5f0220ec69a5,acct_c598b9d501,2026-01-16T11:18:01,2763.75,merchant_demo_001
txn_0a81effff5dd,acct_c598b9d501,2026-01-16T10:24:01,2717.89,merchant_demo_001
txn_b6bbe80b38f6,acct_c598b9d501,2026-01-16T09:08:01,4245.6,merchant_demo_001
txn_6eeb1c9b862e,acct_1f851ee81b,2025-02-26T14:53:24,3055.15,merchant_demo_001
txn_215be980ac9b,acct_1f851ee81b,2026-01-03T14:53:24,2646.02,merchant_demo_001
txn_591e23762a57,acct_1f851ee81b,2025-09-13T14:53:24,1618.85,merchant_demo_001
txn_3f62d7d922da,acct_1f851ee81b,2025-05-10T14:53:24,4188.24,merchant_demo_001
txn_a959ca1d1387,acct_1f851ee81b,2025-06-30T14:53:24,4559.79,merchant_demo_001
txn_0f962c6da6b4,acct_e632d74323,2026-06-03T08:01:19,4005.08,merchant_demo_001
txn_b31bb1a5b304,acct_e632d74323,2026-08-03T08:01:19,1192.91,merchant_demo_001
txn_4082ce4072ae,acct_e632d74323,2026-07-10T08:01:19,3753.53,merchant_demo_001
txn_331806f891d8,acct_12c2ee8e69,2026-12-27T13:28:53,1243.18,merchant_demo_001
txn_abef4f765953,acct_b814f9b663,2026-10-30T08:47:18,444.47,merchant_demo_001
txn_a307c1e7a766,acct_b814f9b663,2027-02-08T08:47:18,2552.94,merchant_demo_001
txn_7a480a770715,acct_b814f9b663,2026-10-30T08:47:18,3283.98,merchant_demo_001
txn_fefc7c77d0e7,acct_b814f9b663,2027-03-03T08:47:18,1190.23,merchant_demo_001
txn_3bce3cac63d8,acct_b1d402e740,2026-05-19T20:06:08,2868.24,merchant_demo_001
txn_59b32ab5192a,acct_b1d402e740,2026-03-27T20:06:08,4632.3,merchant_demo_001
txn_663dc053539c,acct_b1d402e740,2026-05-27T20:06:08,3893.42,merchant_demo_001
txn_59e34c7be910,acct_b1d402e740,2026-08-18T20:06:08,3386.82,merchant_demo_001
txn_c3f09e919c56,acct_a1c59c9f94,2026-08-03T00:41:01,1338.38,merchant_demo_001
txn_8cd68b561aeb,acct_a1c59c9f94,2026-02-20T00:41:01,1740.78,merchant_demo_001
txn_90b284df0fd1,acct_97f71f4d59,2026-01-31T21:45:24,2072.09,merchant_demo_001
txn_6953ffdd814d,acct_24ab2ada02,2026-07-26T02:26:31,2901.26,merchant_demo_001
txn_e681e2c40564,acct_24ab2ada02,2027-03-31T02:26:31,4413.13,merchant_demo_001
txn_c678583c7deb,acct_24ab2ada02,2026-08-21T02:26:31,4504.37,merchant_demo_001
txn_d5de0447f3c4,acct_24ab2ada02,2026-12-30T02:26:31,126.79,merchant_demo_001
txn_8aee8231a435,acct_24ab2ada02,2026-07-12T02:26:31,2122.2,merchant_demo_001
txn_f42df494942f,acct_387cddac9b,2026-04-04T06:17:17,4654.12,merchant_demo_001
txn_208d4c9e9f97,acct_387cddac9b,2026-04-20T06:17:17,549.93,merchant_demo_001
txn_702e601a8e9d,acct_387cddac9b,2025-04-22T06:17:17,4177.6,merchant_demo_001
txn_017fa312cf82,acct_387cddac9b,2025-04-17T06:17:17,3465.73,merchant_demo_001
txn_3130c990f790,acct_387cddac9b,2025-05-12T06:17:17,705.27,merchant_demo_001
txn_598984002666,acct_aff7d25b3f,2026-10-20T13:28:28,4526.09,merchant_demo_001
txn_6962afa07acc,acct_aff7d25b3f,2026-10-03T13:28:28,680.89,merchant_demo_001
txn_ea83e9332fc3,acct_aff7d25b3f,2027-03-27T13:28:28,2806.86,merchant_demo_001
txn_066d33211d09,acct_aff7d25b3f,2027-04-04T13:28:28,1502.29,merchant_demo_001
txn_c93a332a9246,acct_aff7d25b3f,2026-09-24T13:28:28,4492.26,merchant_demo_001
txn_525020b4cac4,acct_0a6199a3de,2025-12-11T02:26:14,3063.35,merchant_demo_001
txn_e4b8a5161473,acct_0a6199a3de,2025-04-08T02:26:14,4970.96,merchant_demo_001
txn_150f869ae4eb,acct_0a6199a3de,2025-03-07T02:26:14,415.08,merchant_demo_001
txn_c1608ae47a28,acct_ed98bec3c1,2025-12-14T17:10:07,4557.84,merchant_demo_001
txn_36a52c2cb1b6,acct_ed98bec3c1,2026-03-17T17:10:07,2276.28,merchant_demo_001
txn_9c51fc373891,acct_ed98bec3c1,2025-12-08T17:10:07,1481.99,merchant_demo_001
txn_e89b41ab7c4f,acct_9d0d76bbaa,2026-04-08T05:40:05,716.3,merchant_demo_001
txn_cd22a67541b0,acct_9d0d76bbaa,2025-07-17T05:40:05,3632.35,merchant_demo_001
txn_3f8200aecb6e,acct_9d0d76bbaa,2026-02-10T05:40:05,4585.89,merchant_demo_001
txn_13bf4309a598,acct_9d0d76bbaa,2025-12-31T05:40:05,464.76,merchant_demo_001
txn_8e977851f0db,acct_869b268c0c,2026-03-12T22:15:20,2985.59,merchant_demo_001
txn_965c0ae6d769,acct_42a9ba4f8e,2026-03-06T05:03:35,1636.16,merchant_demo_001
txn_07323330e023,acct_42a9ba4f8e,2025-11-22T05:03:35,2567.9,merchant_demo_001
txn_6238cef37999,acct_42a9ba4f8e,2026-06-21T05:03:35,1432.53,merchant_demo_001
txn_53996bc8f5e6,acct_42a9ba4f8e,2026-09-23T05:03:35,529.65,merchant_demo_001
txn_1413fd000efc,acct_fcefedb629,2025-11-19T20:52:54,1738.53,merchant_demo_001
txn_8dac86c3b65e,acct_fcefedb629,2025-12-25T20:52:54,2612.5,merchant_demo_001
txn_191850ed6a99,acct_fcefedb629,2025-12-05T20:52:54,2920.15,merchant_demo_001
txn_36d02fe51f5f,acct_c5c9993202,2026-01-06T11:25:39,1647.86,merchant_demo_001
txn_58e3a6032532,acct_c5c9993202,2026-01-23T11:25:39,3798.64,merchant_demo_001
txn_6da1497c9fad,acct_c5c9993202,2025-10-25T11:25:39,257.58,merchant_demo_001
txn_2a15bbb1441c,acct_c5c9993202,2026-08-24T11:25:39,4417.8,merchant_demo_001
txn_5a4c6395538b,acct_1b7172803e,2025-02-01T02:25:15,2181.16,merchant_demo_001
txn_b07d2800a9e4,acct_1b7172803e,2025-02-05T02:25:15,2896.93,merchant_demo_001
txn_6ab46c7ceef0,acct_1b7172803e,2025-02-27T02:25:15,1606.12,merchant_demo_001
txn_688d69f23c1a,acct_82416bff01,2026-02-18T21:22:00,869.68,merchant_demo_001
txn_38807f80e014,acct_82416bff01,2026-02-18T21:23:00,1405.55,merchant_demo_001
txn_d394f4df5012,acct_251a8d3310,2026-02-09T17:23:44,4432.48,merchant_demo_001
txn_54db1860e06f,acct_251a8d3310,2026-03-14T17:23:44,4699.06,merchant_demo_001
txn_916324711781,acct_251a8d3310,2026-02-27T17:23:44,4944.59,merchant_demo_001
txn_a0e46c55dd51,acct_251a8d3310,2026-11-07T17:23:44,575.29,merchant_demo_001
txn_3078ed8ee53c,acct_3e3cf00954,2027-02-14T23:21:43,1429.21,merchant_demo_001
txn_1cd3f07b412b,acct_3e3cf00954,2026-04-28T23:21:43,1073.87,merchant_demo_001
txn_c6eb24adb9f3,acct_299d96ec0b,2027-07-12T04:22:35,885.82,merchant_demo_001
txn_7671df17127e,acct_299d96ec0b,2027-04-23T04:22:35,4517.58,merchant_demo_001
txn_028d8dc78625,acct_299d96ec0b,2027-03-24T04:22:35,2712.68,merchant_demo_001
txn_f424efb2869d,acct_299d96ec0b,2026-09-28T04:22:35,82.99,merchant_demo_001
txn_4b2de9474183,acct_299d96ec0b,2026-07-04T04:22:35,1879.23,merchant_demo_001
txn_f2eb19c98f94,acct_c07065a073,2026-12-15T11:00:17,2161.19,merchant_demo_001
txn_40a33b84082d,acct_c07065a073,2026-10-11T11:00:17,2628.42,merchant_demo_001
txn_6ae95db6d62f,acct_c07065a073,2026-10-16T11:00:17,1509.96,merchant_demo_001
txn_ac7fd0cb7f63,acct_73a8db14bd,2027-05-09T05:54:56,3546.29,merchant_demo_001
txn_ba1644bcbb1f,acct_f7755d1347,2026-06-03T18:32:25,4449.95,merchant_demo_001
txn_477971dc012a,acct_864f1693f8,2025-12-25T18:34:57,479.98,merchant_demo_001
txn_cbc2bfb48a39,acct_864f1693f8,2025-10-22T18:34:57,4965.73,merchant_demo_001
txn_7302d58df5c4,acct_864f1693f8,2026-08-22T18:34:57,3360.14,merchant_demo_001
txn_4c847247a996,acct_864f1693f8,2026-02-10T18:34:57,4028.02,merchant_demo_001
txn_5ac4fdc5578b,acct_0e1033b9ea,2025-03-22T07:05:05,3650.44,merchant_demo_001
txn_ff28f67a4e2c,acct_0e1033b9ea,2025-03-22T07:32:05,825.8,merchant_demo_001
txn_fe915fe31822,acct_0e1033b9ea,2025-03-22T07:34:05,1416.73,merchant_demo_001
txn_f6c4685d1288,acct_703f565774,2026-06-03T14:45:06,3896.38,merchant_demo_001
txn_3dff0013921d,acct_703f565774,2026-06-20T14:45:06,3455.29,merchant_demo_001
txn_9a9ac76b3c2c,acct_703f565774,2025-07-13T14:45:06,2195.22,merchant_demo_001
txn_9a9c61212c24,acct_703f565774,2026-06-20T14:45:06,3981.28,merchant_demo_001
txn_4da9d0e3ef01,acct_703f565774,2025-12-03T14:45:06,992.47,merchant_demo_001
txn_468fb06b36df,acct_31ff7f2092,2027-03-23T15:35:48,4196.29,merchant_demo_001
txn_d0b2b3624c4b,acct_31ff7f2092,2027-03-05T15:35:48,226.4,merchant_demo_001
txn_f753d573f44b,acct_31ff7f2092,2027-03-09T15:35:48,3155.06,merchant_demo_001
txn_023485db4c9b,acct_31ff7f2092,2026-08-22T15:35:48,727.53,merchant_demo_001
txn_1efc59b8a137,acct_31ff7f2092,2026-10-28T15:35:48,4366.97,merchant_demo_001
txn_b70da3baf0c0,acct_79ad78460a,2027-01-28T03:57:40,1018.61,merchant_demo_001
txn_9c99ef8f0329,acct_79ad78460a,2026-10-16T03:57:40,799.59,merchant_demo_001
txn_76cc09e7edf0,acct_1988c5b61e,2027-03-03T05:13:41,2508.8,merchant_demo_001
txn_f979d6391b32,acct_1988c5b61e,2026-04-29T05:13:41,1032.94,merchant_demo_001
txn_0ad556070ffc,acct_aebb63dcd3,2027-02-21T23:47:05,4292.93,merchant_demo_001
txn_5381b968bad7,acct_e393490aae,2026-06-30T15:00:44,2199.88,merchant_demo_001
txn_924eeceff6f3,acct_e393490aae,2027-03-07T15:00:44,2810.8,merchant_demo_001
txn_6727f6b62a89,acct_d8b331ead2,2026-05-01T12:46:02,931.67,merchant_demo_001
txn_70f7364dfbb3,acct_1dccca3f27,2026-02-22T19:35:18,1352.22,merchant_demo_001
txn_86522fa301d3,acct_1dccca3f27,2026-02-22T18:16:18,3173.58,merchant_demo_001
txn_84937ac2d58e,acct_acadf2173a,2026-06-07T04:35:49,1776.08,merchant_demo_001
txn_e5fa8e1547ed,acct_acadf2173a,2026-04-13T04:35:49,3301.86,merchant_demo_001
txn_35848926e2de,acct_069faaf948,2026-05-02T01:58:03,4211.42,merchant_demo_001
txn_16626f8ed924,acct_069faaf948,2026-04-28T01:58:03,3356.48,merchant_demo_001
txn_a4fa61a25a25,acct_43e60ab953,2025-12-19T01:52:44,1991.44,merchant_demo_001
txn_efb3a0f909b2,acct_43e60ab953,2025-08-01T01:52:44,2739.9,merchant_demo_001
txn_71033cbb5686,acct_43e60ab953,2025-07-01T01:52:44,527.84,merchant_demo_001
txn_f5c789638127,acct_43e60ab953,2025-03-29T01:52:44,4816.45,merchant_demo_001
txn_be0f29055f91,acct_cb3313c871,2025-11-26T21:14:40,4848.34,merchant_demo_001
txn_4fa5b2122808,acct_cb3313c871,2025-10-09T21:14:40,1274.61,merchant_demo_001
txn_0d27c1b4671d,acct_cb3313c871,2025-11-29T21:14:40,623.3,merchant_demo_001
txn_4f254e8033c5,acct_58a64f27ff,2026-11-05T22:51:46,3320.03,merchant_demo_001
txn_4cf0e7f57016,acct_58a64f27ff,2026-11-19T22:51:46,3499.99,merchant_demo_001
txn_cc092d4df609,acct_58a64f27ff,2027-05-21T22:51:46,683.89,merchant_demo_001
txn_ff28ab8f2803,acct_58a64f27ff,2027-01-28T22:51:46,4208.6,merchant_demo_001
txn_08ab623e5a79,acct_6f97438a78,2026-04-17T09:38:01,2089.41,merchant_demo_001
txn_2e54ae28459c,acct_6f97438a78,2025-10-12T09:38:01,193.36,merchant_demo_001
txn_728d8c8fcee2,acct_6f97438a78,2025-10-29T09:38:01,2562.06,merchant_demo_001
txn_76a63eeba4af,acct_6f97438a78,2026-07-19T09:38:01,2074.58,merchant_demo_001
txn_d617bd34e9cc,acct_9e94eaa4be,2026-05-18T19:16:59,1649.8,merchant_demo_001
txn_d13a78775345,acct_9e94eaa4be,2026-03-29T19:16:59,1622.21,merchant_demo_001
txn_97453aeae7d2,acct_9e94eaa4be,2025-11-04T19:16:59,4054.7,merchant_demo_001
txn_10ab84672ff0,acct_9e94eaa4be,2025-11-21T19:16:59,2023.46,merchant_demo_001
txn_bcbccc60fdc7,acct_9e94eaa4be,2025-05-15T19:16:59,1378.17,merchant_demo_001
txn_cff9c4fa2827,acct_460276883e,2025-11-24T22:23:13,3199.52,merchant_demo_001
txn_44647a2dc5c4,acct_460276883e,2025-06-27T22:23:13,1577.13,merchant_demo_001
txn_614b00305304,acct_90c5c30a4c,2025-06-17T05:21:15,2883.9,merchant_demo_001
txn_5cec4fde86f2,acct_90c5c30a4c,2025-05-20T05:21:15,2703.26,merchant_demo_001
txn_d83e6f224b03,acct_90c5c30a4c,2026-03-30T05:21:15,3145.17,merchant_demo_001
txn_f01bd3276e8a,acct_90c5c30a4c,2026-01-04T05:21:15,3073.22,merchant_demo_001
txn_9b7f73384c79,acct_a111071f9f,2026-06-05T11:02:12,2721.85,merchant_demo_001
txn_95d1dbd55ea4,acct_a111071f9f,2026-08-04T11:02:12,154.53,merchant_demo_001
txn_ac5edde2d920,acct_fd61c01eee,2025-04-14T06:48:46,3913.15,merchant_demo_001
txn_52bcc8d26ff5,acct_fd61c01eee,2025-08-16T06:48:46,4565.53,merchant_demo_001
txn_43b0dd86aa4c,acct_fd61c01eee,2026-03-26T06:48:46,3841.76,merchant_demo_001
txn_a0b6ddd667a6,acct_fd61c01eee,2025-03-31T06:48:46,3291.91,merchant_demo_001
txn_ab0f8edf57e1,acct_81c7ce3083,2025-08-01T08:29:32,1842.38,merchant_demo_001
txn_4ea1f7bf07df,acct_81c7ce3083,2025-07-26T08:29:32,4926.83,merchant_demo_001
txn_ec96f62be555,acct_81c7ce3083,2026-01-15T08:29:32,2007.86,merchant_demo_001
txn_fbed97d982f9,acct_81c7ce3083,2026-04-18T08:29:32,1185.21,merchant_demo_001
txn_76488904ee02,acct_81c7ce3083,2025-07-07T08:29:32,4557.74,merchant_demo_001
txn_a014fa0d216b,acct_15a99e702c,2025-09-23T08:24:22,1117.29,merchant_demo_001
txn_3856f4280ce1,acct_15a99e702c,2026-03-06T08:24:22,1281.08,merchant_demo_001
txn_48443130b71d,acct_15a99e702c,2025-03-02T08:24:22,228.57,merchant_demo_001
txn_e327cddbe467,acct_e2dacdbfe2,2026-03-16T05:19:48,4704.76,merchant_demo_001
txn_bb684617edb4,acct_808c1a632e,2026-07-02T12:13:43,2019.79,merchant_demo_001
txn_3115b020c479,acct_cf6d959f2c,2026-07-02T02:07:17,826.88,merchant_demo_001
txn_f2d4ed01d876,acct_cf6d959f2c,2026-11-12T02:07:17,170.01,merchant_demo_001
txn_e574a9ee704a,acct_cf6d959f2c,2027-04-30T02:07:17,3873.44,merchant_demo_001
txn_2dae39839667,acct_cf6d959f2c,2026-10-15T02:07:17,217.2,merchant_demo_001
txn_c265bbe94b89,acct_79696965d4,2026-10-29T15:45:56,3293.62,merchant_demo_001
txn_d7b4287173da,acct_b6565afab8,2027-02-19T17:14:52,4389.28,merchant_demo_001
txn_e2dcb44cd207,acct_b6565afab8,2026-03-20T17:14:52,428.81,merchant_demo_001
txn_9fe35e289780,acct_3c4f86d835,2025-12-14T13:23:45,3823.81,merchant_demo_001
txn_14e5af2a47a6,acct_3c4f86d835,2025-12-14T12:09:45,149.76,merchant_demo_001
txn_ebc5c1584409,acct_3c4f86d835,2025-12-14T12:41:45,3044.12,merchant_demo_001
txn_deda3aa9ebb2,acct_6798638880,2026-09-14T22:29:11,3692.57,merchant_demo_001
txn_d2893e0a4bd3,acct_6798638880,2027-02-13T22:29:11,1011.71,merchant_demo_001
txn_ec8334edc083,acct_4fb70c66e7,2026-04-14T06:14:23,3934.62,merchant_demo_001
txn_3a7a33b19ee3,acct_4fb70c66e7,2026-06-11T06:14:23,2586.16,merchant_demo_001
txn_1e5bca5a12a9,acct_4fb70c66e7,2025-11-17T06:14:23,1545.66,merchant_demo_001
txn_4a757f3388fb,acct_4fb70c66e7,2026-06-28T06:14:23,1053.2,merchant_demo_001
txn_85399e9fd0bd,acct_4fb70c66e7,2026-03-21T06:14:23,4847.85,merchant_demo_001
txn_01ddb62508a2,acct_ab714a339e,2026-07-22T06:27:44,1914.07,merchant_demo_001
txn_d75e5e99b71d,acct_ab714a339e,2026-06-30T06:27:44,510.66,merchant_demo_001
txn_24842dfa335d,acct_ab714a339e,2026-06-19T06:27:44,2826.93,merchant_demo_001
txn_94c85a64d016,acct_ab714a339e,2026-07-28T06:27:44,1457.89,merchant_demo_001
txn_0f7afaae777e,acct_ab714a339e,2026-11-17T06:27:44,2689.36,merchant_demo_001
txn_af7efb535d93,acct_6d68dc84bb,2026-01-15T13:56:05,135.2,merchant_demo_001
txn_17c31b567bd1,acct_6d68dc84bb,2026-03-15T13:56:05,3651.41,merchant_demo_001
txn_da001b446dc4,acct_c10b6b7740,2026-10-02T11:48:54,2755.58,merchant_demo_001
txn_759f5218646c,acct_c10b6b7740,2025-11-01T11:48:54,2288.74,merchant_demo_001
txn_3fe05112e4ae,acct_c10b6b7740,2026-06-29T11:48:54,4877.19,merchant_demo_001
txn_ca5ae051d987,acct_fe0e011e8f,2027-08-11T03:38:27,1198.97,merchant_demo_001
txn_b4c5e744d6c2,acct_fe0e011e8f,2027-01-18T03:38:27,2410.19,merchant_demo_001
txn_74b6d77000f2,acct_fe0e011e8f,2026-09-06T03:38:27,3231.95,merchant_demo_001
txn_defba88e4956,acct_fe0e011e8f,2026-12-30T03:38:27,761.67,merchant_demo_001
txn_f56a009bb905,acct_9d6182ff3c,2026-03-15T14:03:37,2826.38,merchant_demo_001
txn_d2e2450dd96b,acct_2177392c77,2025-09-28T03:03:34,2987.38,merchant_demo_001
txn_f642949ee9fe,acct_2177392c77,2025-03-04T03:03:34,749.59,merchant_demo_001
txn_d57f0bd48573,acct_8c9cb306e1,2026-08-12T20:14:48,2640.86,merchant_demo_001
txn_9ddb13065607,acct_8c9cb306e1,2026-09-29T20:14:48,3814.88,merchant_demo_001
txn_4e1223483034,acct_8c9cb306e1,2026-01-12T20:14:48,3848.67,merchant_demo_001
txn_c3714192a365,acct_8c9cb306e1,2026-04-21T20:14:48,2088.7,merchant_demo_001
txn_638fb3d00d16,acct_8c9cb306e1,2026-12-27T20:14:48,1722.45,merchant_demo_001
txn_993f0b0033a2,acct_9f679ea758,2025-07-31T19:46:43,1641.14,merchant_demo_001
txn_f5d2c2b86d16,acct_9f679ea758,2026-04-28T19:46:43,3013.71,merchant_demo_001
txn_837ab6b56a69,acct_b0926b8a1a,2026-09-24T03:22:51,3467.47,merchant_demo_001
txn_db1454a4b910,acct_5171f8e13c,2026-09-27T09:29:47,2750.66,merchant_demo_001
txn_cd0310b3f66a,acct_5171f8e13c,2026-06-29T09:29:47,4799.4,merchant_demo_001
txn_4518184d0607,acct_5171f8e13c,2026-05-20T09:29:47,1643.1,merchant_demo_001
txn_5ea45ecf320f,acct_5171f8e13c,2027-01-17T09:29:47,2440.83,merchant_demo_001
txn_e6d8e202cbe0,acct_5171f8e13c,2026-10-31T09:29:47,4300.33,merchant_demo_001
txn_428e038a632f,acct_270c812fc6,2026-08-26T19:06:41,2157.23,merchant_demo_001
txn_4b73515ca4a7,acct_a70a2defd5,2025-09-07T03:33:20,680.05,merchant_demo_001
txn_dc7fa9d17cad,acct_a8d0665bd0,2025-08-02T19:16:36,2623.7,merchant_demo_001
txn_a497c8651836,acct_6e4cada0e3,2025-12-16T05:38:56,1026.97,merchant_demo_001
txn_2416ae6b8a89,acct_11beb0639d,2026-04-14T04:30:12,4433.24,merchant_demo_001
txn_adb811c4eaac,acct_6e51ded222,2025-09-08T21:47:41,3149.52,merchant_demo_001
txn_622f83fe7c1b,acct_6e51ded222,2026-03-08T21:47:41,2461.61,merchant_demo_001
txn_db136d7bf969,acct_6e51ded222,2026-07-01T21:47:41,4377.36,merchant_demo_001
txn_d17debf27395,acct_6e51ded222,2026-01-13T21:47:41,2027.06,merchant_demo_001
txn_0da785a5344f,acct_3a6c57683c,2026-01-11T16:06:25,2205.62,merchant_demo_001
txn_84e9e00be013,acct_3a6c57683c,2026-04-11T16:06:25,3613.72,merchant_demo_001
txn_5cb04d833a0d,acct_3a6c57683c,2026-10-24T16:06:25,1391.98,merchant_demo_001
txn_3cdd65fea835,acct_9cf23f75b8,2026-07-27T21:19:07,4453.25,merchant_demo_001
txn_9dd8eeb32634,acct_9cf23f75b8,2026-07-01T21:19:07,3268.59,merchant_demo_001
txn_853fa02bbe61,acct_9cf23f75b8,2025-11-27T21:19:07,1486.47,merchant_demo_001
txn_9004f74c3619,acct_b22113ae8c,2027-04-28T04:22:28,4762.38,merchant_demo_001
txn_a1c6f8060ec4,acct_b22113ae8c,2026-12-25T04:22:28,2620.93,merchant_demo_001
txn_94224ea1e6d5,acct_ab33a5222c,2026-06-26T13:58:03,2341.26,merchant_demo_001
txn_0cbd813bf399,acct_ab33a5222c,2026-04-15T13:58:03,4639.04,merchant_demo_001
txn_edb1da2d0f02,acct_ab33a5222c,2026-10-31T13:58:03,4981.12,merchant_demo_001
txn_88dfc31a72a7,acct_e4dc906d78,2026-06-19T10:33:19,2645.67,merchant_demo_001
txn_f7b0a1c0855b,acct_e4dc906d78,2026-11-24T10:33:19,98.61,merchant_demo_001
txn_5c028cfe411f,acct_365bf9c8b6,2025-05-17T10:12:27,794.23,merchant_demo_001
txn_ca62634daf16,acct_365bf9c8b6,2025-03-21T10:12:27,4966.89,merchant_demo_001
txn_ace4ba8b12e5,acct_365bf9c8b6,2025-02-17T10:12:27,1593.61,merchant_demo_001
txn_8a9ac776e453,acct_365bf9c8b6,2025-05-22T10:12:27,1036.37,merchant_demo_001
txn_ac8ff3cd701e,acct_6ee14a2d96,2026-06-05T00:28:15,2320.04,merchant_demo_001
txn_f642296467f7,acct_88f55080f7,2026-08-04T15:01:28,3143.62,merchant_demo_001
txn_b27414143782,acct_9e429eb4fb,2025-11-02T09:56:37,380.52,merchant_demo_001
txn_400f1656d963,acct_9e429eb4fb,2026-07-05T09:56:37,2817.82,merchant_demo_001
txn_2e216273bd28,acct_9e429eb4fb,2025-12-07T09:56:37,1757.54,merchant_demo_001
txn_f15ca9407356,acct_9e429eb4fb,2025-08-21T09:56:37,4643.0,merchant_demo_001
txn_3885f023594b,acct_9e429eb4fb,2026-01-01T09:56:37,1456.73,merchant_demo_001
txn_9a5dcab247eb,acct_1fa7fff986,2026-05-13T14:15:44,3660.15,merchant_demo_001
txn_9cc20a16f99d,acct_1fa7fff986,2026-04-29T14:15:44,3141.28,merchant_demo_001
txn_d905e065653c,acct_1cbca81296,2026-06-19T20:49:26,2827.51,merchant_demo_001
txn_dbf608fc89d6,acct_1cbca81296,2027-01-03T20:49:26,3313.87,merchant_demo_001
txn_4798a347a405,acct_1cbca81296,2026-03-20T20:49:26,2983.56,merchant_demo_001
txn_06c2ab10317b,acct_1cbca81296,2026-04-02T20:49:26,3666.76,merchant_demo_001
txn_9e2465253d71,acct_d37c33b6fb,2025-07-29T03:26:55,1351.54,merchant_demo_001
txn_bf486c5f91b9,acct_d37c33b6fb,2025-06-20T03:26:55,677.19,merchant_demo_001
txn_1d79da280ef3,acct_d37c33b6fb,2026-01-21T03:26:55,2957.22,merchant_demo_001
txn_51f20d4d7ace,acct_3aec8470f8,2025-07-21T13:11:00,2899.5,merchant_demo_001
txn_36d0c0144cbf,acct_3aec8470f8,2025-12-02T13:11:00,3043.64,merchant_demo_001
txn_bef86cca0392,acct_3aec8470f8,2026-02-14T13:11:00,4363.12,merchant_demo_001
txn_f84c7dd3220b,acct_3aec8470f8,2026-01-10T13:11:00,4550.69,merchant_demo_001
txn_7698dc905143,acct_1e3c53161f,2026-06-25T01:28:21,63.22,merchant_demo_001
txn_bd7b1706bbeb,acct_1e3c53161f,2026-07-27T01:28:21,4945.98,merchant_demo_001
txn_75a3c0a6c6b9,acct_61b041b0c7,2026-12-23T06:00:21,775.13,merchant_demo_001
txn_08868341b370,acct_4e94c1caa8,2026-10-09T09:03:48,4379.34,merchant_demo_001
txn_5da26daae2a8,acct_4e94c1caa8,2026-07-23T09:03:48,435.05,merchant_demo_001
txn_9c4d926ddceb,acct_b33b328bce,2025-06-13T02:50:54,2582.94,merchant_demo_001
txn_d444f34c4bb4,acct_4ad9054e6e,2025-08-20T10:41:17,3340.97,merchant_demo_001
txn_ca2f4cc64f93,acct_4ad9054e6e,2025-08-20T10:16:17,1547.66,merchant_demo_001
txn_84da29e5da77,acct_9492aeed8a,2025-10-15T17:56:20,2822.72,merchant_demo_001
txn_a96d3178689b,acct_51bc5aeec8,2027-06-24T14:00:30,1958.37,merchant_demo_001
txn_d082fab5ca40,acct_51bc5aeec8,2027-01-21T14:00:30,1807.21,merchant_demo_001
txn_b175fdcc83d2,acct_51bc5aeec8,2027-02-15T14:00:30,1619.01,merchant_demo_001
txn_9af4ca0bb4a7,acct_51bc5aeec8,2026-07-03T14:00:30,4422.26,merchant_demo_001
txn_a2a99c4ae5ad,acct_ff1a491a59,2025-07-08T17:54:09,4730.18,merchant_demo_001
txn_3ec9cf209f7b,acct_ff1a491a59,2025-09-03T17:54:09,3571.17,merchant_demo_001
txn_2289fdc825f2,acct_6902015648,2027-01-21T09:24:01,2236.15,merchant_demo_001
txn_c8a4f9d0cf94,acct_6902015648,2027-03-31T09:24:01,3955.38,merchant_demo_001
txn_9f42cd27bfab,acct_6902015648,2027-03-26T09:24:01,645.19,merchant_demo_001
txn_4f737555fa8c,acct_6902015648,2026-11-18T09:24:01,3277.86,merchant_demo_001
txn_70bc5f4aa2e4,acct_eb3429a568,2025-06-29T10:45:29,4337.39,merchant_demo_001
txn_6960dcf2d2fe,acct_eb3429a568,2026-02-10T10:45:29,3865.19,merchant_demo_001
txn_1bb9d541ae7e,acct_25157598ee,2026-09-25T10:15:54,2149.19,merchant_demo_001
txn_8c6557d85d54,acct_25157598ee,2026-07-30T10:15:54,2820.98,merchant_demo_001
txn_378d7cb8de6e,acct_25157598ee,2025-12-24T10:15:54,1943.16,merchant_demo_001
txn_ed96c23dcea4,acct_6ec4daecfd,2027-07-29T14:53:31,4977.42,merchant_demo_001
txn_919d1763e776,acct_6ec4daecfd,2026-10-20T14:53:31,2238.3,merchant_demo_001
txn_398209170be3,acct_d03662def1,2025-05-12T20:34:16,77.79,merchant_demo_001
txn_9844f3d7a43c,acct_d03662def1,2025-07-10T20:34:16,1675.84,merchant_demo_001
txn_b0fd8b2ba261,acct_d03662def1,2025-08-09T20:34:16,4583.25,merchant_demo_001
txn_02e4d3d6c588,acct_d03662def1,2025-10-17T20:34:16,4611.74,merchant_demo_001
txn_e8576ec9c038,acct_d03662def1,2025-12-09T20:34:16,1401.49,merchant_demo_001
txn_3e80228d018f,acct_5b753a1c63,2026-02-25T06:47:52,2419.74,merchant_demo_001
txn_27e7ab24ef27,acct_5b753a1c63,2025-04-25T06:47:52,4978.9,merchant_demo_001
txn_767134416610,acct_5b753a1c63,2026-03-29T06:47:52,1302.54,merchant_demo_001
txn_5a51ac14cbd3,acct_ace80edf06,2026-09-14T13:41:30,4125.46,merchant_demo_001
txn_cb84ea542527,acct_4df9c9738b,2026-11-08T14:17:52,3179.59,merchant_demo_001
txn_3fec83accd36,acct_4df9c9738b,2026-09-09T14:17:52,910.17,merchant_demo_001
txn_52018e62f110,acct_4df9c9738b,2027-01-19T14:17:52,4380.94,merchant_demo_001
txn_8fdce62a3f30,acct_4df9c9738b,2027-01-20T14:17:52,2750.66,merchant_demo_001
txn_cfa0d955f424,acct_ef9085e1bd,2026-01-22T16:48:40,1879.19,merchant_demo_001
txn_c2e592e86101,acct_cdb1677ade,2026-09-26T02:29:18,808.3,merchant_demo_001
txn_4dc06a45c253,acct_cdb1677ade,2026-10-07T02:29:18,925.69,merchant_demo_001
txn_a62a12f356e7,acct_cdb1677ade,2025-12-02T02:29:18,459.98,merchant_demo_001
txn_cf0cf868ad56,acct_cdb1677ade,2025-11-26T02:29:18,327.44,merchant_demo_001
txn_39e4df3a30b2,acct_cdb1677ade,2026-08-18T02:29:18,3567.42,merchant_demo_001
txn_e0d6e27e58f6,acct_1c7ed1b3b0,2025-03-28T02:06:51,4296.56,merchant_demo_001
txn_bcceeb4369a5,acct_1c7ed1b3b0,2025-06-29T02:06:51,4917.85,merchant_demo_001
txn_e1112a72a552,acct_1c7ed1b3b0,2025-05-17T02:06:51,3292.77,merchant_demo_001
txn_e643657b07b8,acct_f3feb2610e,2026-05-17T19:35:45,4194.5,merchant_demo_001
txn_086b16dcd54f,acct_0310985b80,2026-11-02T00:14:37,887.61,merchant_demo_001
txn_66a3a937695c,acct_0310985b80,2026-08-31T00:14:37,3624.57,merchant_demo_001
txn_29b19ae8623b,acct_0310985b80,2026-05-10T00:14:37,2605.89,merchant_demo_001
txn_e1b9bdead620,acct_db8fce672d,2026-04-02T14:01:02,4196.7,merchant_demo_001
txn_930a88d30652,acct_db8fce672d,2026-08-09T14:01:02,354.34,merchant_demo_001
txn_9835214e2b2c,acct_db8fce672d,2025-12-08T14:01:02,4133.99,merchant_demo_001
txn_dbcad7c266da,acct_db8fce672d,2026-05-15T14:01:02,780.19,merchant_demo_001
txn_a754729112c0,acct_42f96b74fd,2025-12-08T18:23:20,904.3,merchant_demo_001
txn_3266510c7de9,acct_42f96b74fd,2025-11-18T18:23:20,1413.85,merchant_demo_001
txn_a8ea13b43f48,acct_42f96b74fd,2026-02-05T18:23:20,3459.15,merchant_demo_001
txn_aef36a270850,acct_37482ae127,2026-02-22T03:23:44,3194.73,merchant_demo_001
txn_78153882739d,acct_37482ae127,2026-02-22T02:39:44,1590.26,merchant_demo_001
txn_7743a857e35b,acct_e90002599a,2026-02-05T22:44:09,632.69,merchant_demo_001
txn_ef8acd34d112,acct_e90002599a,2026-04-05T22:44:09,2862.46,merchant_demo_001
txn_65aa15ec7200,acct_e90002599a,2026-08-01T22:44:09,476.17,merchant_demo_001
txn_6cd6f8c2ee9f,acct_e90002599a,2026-04-04T22:44:09,486.4,merchant_demo_001
txn_ee6c2a5675c6,acct_e90002599a,2025-09-25T22:44:09,953.38,merchant_demo_001
txn_feeb6bfc9553,acct_7502947d21,2025-05-17T00:38:23,1621.63,merchant_demo_001
txn_544a02a0e664,acct_5a7484092f,2025-08-04T22:32:15,3845.28,merchant_demo_001
txn_5af63681f45b,acct_5a7484092f,2025-08-04T22:29:15,1126.75,merchant_demo_001
txn_c43a748dcd26,acct_5a7484092f,2025-08-05T00:02:15,2328.73,merchant_demo_001
txn_3e675979addb,acct_6682474d61,2025-12-12T17:47:48,4194.68,merchant_demo_001
txn_9b09c36a37e4,acct_6682474d61,2026-06-01T17:47:48,4716.15,merchant_demo_001
txn_b28fcea4658e,acct_86525d46ca,2027-03-08T20:59:59,3791.37,merchant_demo_001
txn_6c7d7718bb56,acct_86525d46ca,2026-04-27T20:59:59,1586.91,merchant_demo_001
txn_c045ec4697ad,acct_1bd4f17958,2026-01-28T23:55:02,1471.03,merchant_demo_001
txn_ffe371b6fc40,acct_1bd4f17958,2025-06-23T23:55:02,745.11,merchant_demo_001
txn_5fcf9036fec4,acct_1bd4f17958,2025-07-12T23:55:02,2099.21,merchant_demo_001
txn_efafcf795ad7,acct_1bd4f17958,2025-05-08T23:55:02,1400.36,merchant_demo_001
txn_93182c3aad88,acct_3670455b76,2026-10-12T17:34:06,4897.43,merchant_demo_001
txn_37877fb2f831,acct_3670455b76,2026-11-23T17:34:06,3502.91,merchant_demo_001
txn_6501640d3ee0,acct_9fdc8f8251,2026-01-01T00:23:38,2474.93,merchant_demo_001
txn_91775a5171cc,acct_9fdc8f8251,2026-09-07T00:23:38,1849.89,merchant_demo_001
txn_a6ef703c10fa,acct_9fdc8f8251,2026-12-15T00:23:38,3227.04,merchant_demo_001
txn_bba7bf3bb980,acct_29b4e29bf5,2026-10-26T08:08:00,3450.85,merchant_demo_001
txn_4b2f6470b7bb,acct_29b4e29bf5,2026-03-04T08:08:00,231.82,merchant_demo_001
txn_319f5b5a4916,acct_29b4e29bf5,2026-10-02T08:08:00,1959.12,merchant_demo_001
txn_9e5b4e074e4f,acct_29b4e29bf5,2026-09-08T08:08:00,2865.12,merchant_demo_001
txn_fde0ffdeb49f,acct_a7a85e7a83,2026-08-30T16:49:22,3247.74,merchant_demo_001
txn_db12d4eeadc0,acct_a7a85e7a83,2027-02-18T16:49:22,3991.54,merchant_demo_001
txn_5d4a574b34bf,acct_a7a85e7a83,2026-06-20T16:49:22,1743.8,merchant_demo_001
txn_79a63877862e,acct_a7a85e7a83,2026-11-18T16:49:22,2780.48,merchant_demo_001
txn_0c25b0ac6c3c,acct_570ef58532,2025-06-06T21:36:07,2590.7,merchant_demo_001
txn_887d55a240e9,acct_570ef58532,2025-08-06T21:36:07,1328.16,merchant_demo_001
txn_4acd3832da6e,acct_570ef58532,2025-12-16T21:36:07,1341.19,merchant_demo_001
txn_6689bbb2b1f9,acct_2e977c7a57,2026-09-24T19:49:04,3308.74,merchant_demo_001
txn_b8cadd0c8483,acct_5cee0fd8d0,2026-12-18T20:45:23,742.09,merchant_demo_001
txn_b9129440d7bb,acct_5cee0fd8d0,2027-02-13T20:45:23,1648.81,merchant_demo_001
txn_a0088857c137,acct_f8ba0199b0,2026-05-30T00:29:45,3308.61,merchant_demo_001
txn_c689c85ae7ad,acct_f8ba0199b0,2025-12-05T00:29:45,1645.74,merchant_demo_001
txn_64626f017b98,acct_f8ba0199b0,2026-01-10T00:29:45,3165.89,merchant_demo_001
txn_7c7fe71c23b7,acct_f8ba0199b0,2025-11-22T00:29:45,835.81,merchant_demo_001
txn_1bb6d5aa8a6c,acct_f8ba0199b0,2026-07-19T00:29:45,1706.83,merchant_demo_001
txn_2940350e5b15,acct_df7304cf08,2025-10-06T03:13:18,4570.09,merchant_demo_001
txn_a1f3b587683a,acct_c2ad564c07,2026-03-09T07:38:37,2360.86,merchant_demo_001
txn_09bf29da38ce,acct_c2ad564c07,2026-03-21T07:38:37,3772.62,merchant_demo_001
txn_4371b665ddb8,acct_c2ad564c07,2026-07-28T07:38:37,4055.65,merchant_demo_001
txn_a44d5a91fb8d,acct_81de45fc3c,2025-02-25T05:56:01,2901.03,merchant_demo_001
txn_c05145589bd4,acct_81de45fc3c,2025-02-15T05:56:01,3668.23,merchant_demo_001
txn_258f92b287ca,acct_229cd8753a,2025-11-30T16:11:31,1300.25,merchant_demo_001
txn_8d97d8cb39e9,acct_229cd8753a,2026-02-05T16:11:31,3024.66,merchant_demo_001
txn_9658cf398e83,acct_229cd8753a,2026-04-02T16:11:31,3408.85,merchant_demo_001
txn_99e5b7ee9fb0,acct_229cd8753a,2025-12-29T16:11:31,248.64,merchant_demo_001
txn_6ff5508b5577,acct_b66f6576d6,2025-02-06T02:22:33,583.88,merchant_demo_001
txn_6a48a436b7b1,acct_aebfb7926d,2026-06-25T12:11:13,1383.34,merchant_demo_001
txn_96caae0f1031,acct_aebfb7926d,2026-03-16T12:11:13,2033.71,merchant_demo_001
txn_d68ea41b6503,acct_aebfb7926d,2025-06-08T12:11:13,861.93,merchant_demo_001
txn_0d869b9d5d91,acct_aebfb7926d,2025-08-18T12:11:13,4615.65,merchant_demo_001
txn_ebdf306ffd8a,acct_fd1fc7b719,2027-03-08T13:44:50,4717.09,merchant_demo_001
txn_22b83886e0a7,acct_fd1fc7b719,2026-06-25T13:44:50,4759.89,merchant_demo_001
txn_c328b2ee7194,acct_fd1fc7b719,2026-12-31T13:44:50,3771.66,merchant_demo_001
txn_82d5da742a9d,acct_fd1fc7b719,2026-05-21T13:44:50,3333.86,merchant_demo_001
txn_dcbf2b60d410,acct_fd1fc7b719,2026-04-12T13:44:50,4853.11,merchant_demo_001
txn_88249ccd0a5c,acct_7544f5c30f,2026-02-06T19:51:11,750.23,merchant_demo_001
txn_8063ef7e197e,acct_7544f5c30f,2025-07-06T19:51:11,2320.63,merchant_demo_001
txn_f41fc466971d,acct_7544f5c30f,2025-04-04T19:51:11,2329.91,merchant_demo_001
txn_79501ab1bdef,acct_b1c6ea4a49,2025-10-20T03:36:23,4420.63,merchant_demo_001
txn_a9cc18ac08df,acct_b1c6ea4a49,2025-12-11T03:36:23,1572.26,merchant_demo_001
txn_bfccdb5676e5,acct_abd30947c6,2026-02-06T04:06:10,4295.92,merchant_demo_001
txn_2228d65f43df,acct_abd30947c6,2026-05-20T04:06:10,496.33,merchant_demo_001
txn_6bb68191a76a,acct_179f470499,2025-11-29T16:52:12,3439.33,merchant_demo_001
txn_2222e8c12607,acct_179f470499,2026-10-14T16:52:12,1902.58,merchant_demo_001
txn_2234d2f7a28c,acct_06ffe2e256,2025-05-23T06:03:18,1756.32,merchant_demo_001
txn_a8d8c7bdc081,acct_06ffe2e256,2025-10-30T06:03:18,2771.65,merchant_demo_001
txn_de25032f54a3,acct_06ffe2e256,2025-09-20T06:03:18,3508.96,merchant_demo_001
txn_d9a6622fb9d0,acct_06ffe2e256,2025-10-30T06:03:18,3358.76,merchant_demo_001
txn_451a3fc234d2,acct_9cd5dec30f,2026-08-17T20:30:04,1251.57,merchant_demo_001
txn_d9a43b3f3927,acct_9cd5dec30f,2025-10-09T20:30:04,1968.49,merchant_demo_001
txn_9872ca1d960a,acct_9cd5dec30f,2026-01-30T20:30:04,3827.07,merchant_demo_001
txn_523ec6cde692,acct_9cd5dec30f,2025-10-28T20:30:04,2029.42,merchant_demo_001
txn_04f9012e296f,acct_50878567f3,2026-05-01T13:17:05,4107.97,merchant_demo_001
txn_2ac3adc112c2,acct_50878567f3,2026-12-16T13:17:05,4369.78,merchant_demo_001
txn_87e157f51ad4,acct_50878567f3,2026-10-09T13:17:05,1999.56,merchant_demo_001
txn_be1a1c09ef34,acct_ff62a9fc2f,2025-11-02T13:52:25,2467.13,merchant_demo_001
txn_309f3ad9c3d4,acct_b98a31c677,2026-01-10T11:35:29,1147.39,merchant_demo_001
txn_28a06334b9ec,acct_b98a31c677,2026-11-04T11:35:29,931.89,merchant_demo_001
txn_f160afbd9152,acct_b98a31c677,2026-04-27T11:35:29,1877.21,merchant_demo_001
txn_a281f4f8a15f,acct_b98a31c677,2026-06-20T11:35:29,2532.21,merchant_demo_001
txn_b34fc2e9d890,acct_b98a31c677,2025-12-28T11:35:29,3072.3,merchant_demo_001
txn_c3431a869855,acct_ac92a330ed,2025-04-25T02:16:24,3245.61,merchant_demo_001
txn_54cef98e0c35,acct_ac92a330ed,2025-05-26T02:16:24,2524.75,merchant_demo_001
txn_174fa1314f5f,acct_ac92a330ed,2025-04-08T02:16:24,1095.6,merchant_demo_001
txn_4be83ca4ef95,acct_ac92a330ed,2025-10-25T02:16:24,509.61,merchant_demo_001
txn_fab5b9a378e1,acct_7585d51ad7,2027-02-24T04:02:19,940.38,merchant_demo_001
txn_711006f35907,acct_7585d51ad7,2026-06-12T04:02:19,1460.57,merchant_demo_001
txn_54feb55756c4,acct_7585d51ad7,2026-10-11T04:02:19,3392.6,merchant_demo_001
txn_61107f3a25e2,acct_7585d51ad7,2026-11-28T04:02:19,222.39,merchant_demo_001
txn_32c33d1b0330,acct_6f4cbd50ab,2025-08-26T12:44:06,859.54,merchant_demo_001
txn_6f3d88428142,acct_6f4cbd50ab,2026-05-11T12:44:06,2610.88,merchant_demo_001
txn_8899fa29942c,acct_6f4cbd50ab,2025-07-20T12:44:06,2351.37,merchant_demo_001
txn_78bf51357f0e,acct_6f4cbd50ab,2025-07-08T12:44:06,1764.12,merchant_demo_001
txn_f57faa304d00,acct_f91ea53b55,2026-09-30T00:49:25,4319.21,merchant_demo_001
txn_cf4f5535df93,acct_cdd76d6dbb,2026-02-11T01:14:52,1629.18,merchant_demo_001
txn_07751119e384,acct_dda926c2aa,2026-06-25T07:40:27,1950.75,merchant_demo_001
txn_04fb66e52b28,acct_dda926c2aa,2026-05-29T07:40:27,107.36,merchant_demo_001
txn_63177da63da3,acct_dda926c2aa,2026-09-08T07:40:27,4801.61,merchant_demo_001
txn_256bc6845d79,acct_dda926c2aa,2026-05-02T07:40:27,2141.16,merchant_demo_001
txn_f2b23cdb7e8b,acct_dda926c2aa,2025-11-05T07:40:27,1549.62,merchant_demo_001
txn_969d0e0f26de,acct_f3ab43cef5,2026-02-17T22:29:09,3188.88,merchant_demo_001
txn_85659669cddc,acct_f3ab43cef5,2025-12-09T22:29:09,4045.27,merchant_demo_001
txn_cdbf9d466f02,acct_f3ab43cef5,2025-09-21T22:29:09,2535.2,merchant_demo_001
txn_5ed117688857,acct_08c91730f6,2026-11-18T06:14:20,1708.56,merchant_demo_001
txn_7a962d7f0fb6,acct_08c91730f6,2026-08-19T06:14:20,4860.26,merchant_demo_001
txn_b59b04480000,acct_08c91730f6,2026-01-15T06:14:20,3938.2,merchant_demo_001
txn_7cf08b4d3cc2,acct_08c91730f6,2026-06-24T06:14:20,2681.97,merchant_demo_001
txn_ee8c0195b2bf,acct_e126cade1c,2026-02-28T11:22:34,446.05,merchant_demo_001
txn_cda01e4b40b2,acct_e126cade1c,2025-03-23T11:22:34,1718.72,merchant_demo_001
txn_cbb1a02ba775,acct_e126cade1c,2026-03-17T11:22:34,2971.26,merchant_demo_001
txn_6a1c9dc62922,acct_e126cade1c,2025-06-29T11:22:34,2598.74,merchant_demo_001
txn_8e7eb5983e6e,acct_8174b5509c,2026-11-28T18:35:47,4367.42,merchant_demo_001
txn_f3e5ad307ff9,acct_8174b5509c,2026-07-01T18:35:47,290.29,merchant_demo_001
txn_5febeb556e27,acct_8174b5509c,2026-04-14T18:35:47,247.23,merchant_demo_001
txn_8f59d02ee0e3,acct_8174b5509c,2026-07-29T18:35:47,2328.24,merchant_demo_001
txn_f619bf6d8197,acct_8174b5509c,2025-12-16T18:35:47,4451.37,merchant_demo_001
txn_b1364acb8ad3,acct_e08bba0c5d,2026-10-28T17:32:21,2157.23,merchant_demo_001
txn_7732444d3145,acct_e08bba0c5d,2027-06-01T17:32:21,1515.92,merchant_demo_001
txn_6a6578ce43a0,acct_e08bba0c5d,2026-07-03T17:32:21,2736.61,merchant_demo_001
txn_3d0f1f16842c,acct_e42d1d6518,2026-01-10T19:41:08,1816.58,merchant_demo_001
txn_e0d2da17ff52,acct_e42d1d6518,2025-08-21T19:41:08,2261.51,merchant_demo_001
txn_55d0cf686fa0,acct_d8a8ae6b66,2026-10-14T08:02:34,226.29,merchant_demo_001
txn_055ba0d9f283,acct_d8a8ae6b66,2026-01-19T08:02:34,1818.36,merchant_demo_001
txn_a434f453ae38,acct_d8a8ae6b66,2025-12-11T08:02:34,2679.78,merchant_demo_001
txn_273856dd6f87,acct_e06bb4db5e,2026-01-13T08:11:34,917.41,merchant_demo_001
txn_8df9bba3d9bc,acct_e06bb4db5e,2026-06-08T08:11:34,518.13,merchant_demo_001
txn_653b925ed1ce,acct_e06bb4db5e,2026-09-15T08:11:34,765.99,merchant_demo_001
txn_b5fc70f208e0,acct_e06bb4db5e,2026-05-18T08:11:34,2183.95,merchant_demo_001
txn_525ccdff8710,acct_31367cf2d6,2025-10-29T19:16:58,4860.67,merchant_demo_001
txn_2811532fbdb3,acct_31367cf2d6,2026-04-23T19:16:58,3105.34,merchant_demo_001
txn_4384787f9476,acct_31367cf2d6,2026-05-16T19:16:58,4111.4,merchant_demo_001
txn_17f7f8d53ba0,acct_d2ffc8fb2e,2025-10-27T20:42:12,251.17,merchant_demo_001
txn_83e56f1ad2e3,acct_d2ffc8fb2e,2025-08-21T20:42:12,1895.34,merchant_demo_001
txn_b64364c34cfe,acct_d2ffc8fb2e,2025-05-21T20:42:12,3066.3,merchant_demo_001
txn_a6d1411ec349,acct_d2ffc8fb2e,2026-03-12T20:42:12,3207.18,merchant_demo_001
txn_a5a881d4eb00,acct_d2ffc8fb2e,2025-04-27T20:42:12,1940.47,merchant_demo_001
txn_d08fc8108f63,acct_754ab8e34c,2026-11-13T12:12:19,4640.83,merchant_demo_001
txn_e17c7a9ff28a,acct_2087b98acc,2026-05-15T10:02:23,2033.66,merchant_demo_001
txn_6e8756a3a3a5,acct_2087b98acc,2026-01-13T10:02:23,4754.28,merchant_demo_001
txn_37bce9e3a83c,acct_2087b98acc,2026-02-19T10:02:23,3621.89,merchant_demo_001
txn_4f8e00bb39be,acct_3b31372c10,2026-03-14T01:12:51,4827.54,merchant_demo_001
txn_f61e0047dae8,acct_848290d58c,2026-11-25T20:17:22,1341.83,merchant_demo_001
txn_310f342dd3f4,acct_848290d58c,2026-07-11T20:17:22,3097.13,merchant_demo_001
txn_0a45f88d3889,acct_40b237520a,2025-07-02T06:08:47,3486.57,merchant_demo_001
txn_53e7c2753070,acct_40b237520a,2025-03-25T06:08:47,1902.47,merchant_demo_001
txn_573c8e1eef2a,acct_40b237520a,2025-10-28T06:08:47,1115.29,merchant_demo_001
txn_cbb1dde4847c,acct_40b237520a,2025-10-09T06:08:47,1410.19,merchant_demo_001
txn_718197482cb1,acct_40b237520a,2026-02-15T06:08:47,3902.63,merchant_demo_001
txn_4efbec243f26,acct_31d3697878,2027-03-19T02:47:36,3373.63,merchant_demo_001
txn_742befd7e62f,acct_31d3697878,2027-05-11T02:47:36,2023.42,merchant_demo_001
txn_517a4a7181a5,acct_31d3697878,2026-10-06T02:47:36,3407.13,merchant_demo_001
txn_9e083b2bde76,acct_59ead949d8,2026-05-21T08:15:18,2065.55,merchant_demo_001
txn_94f8dadaacf8,acct_59ead949d8,2026-05-28T08:15:18,3921.15,merchant_demo_001
txn_c28a00d944c1,acct_59ead949d8,2027-04-20T08:15:18,692.35,merchant_demo_001
txn_64086aa30584,acct_1128d9c1a7,2026-10-15T12:00:58,3015.44,merchant_demo_001
txn_8509cb4090eb,acct_1128d9c1a7,2027-01-12T12:00:58,1624.89,merchant_demo_001
txn_030afba6b58a,acct_1128d9c1a7,2026-06-14T12:00:58,1162.88,merchant_demo_001
txn_7707f21e94ad,acct_434b2c4d18,2026-01-29T02:08:28,365.43,merchant_demo_001
txn_df4728a50f63,acct_434b2c4d18,2026-03-04T02:08:28,3654.41,merchant_demo_001
txn_4c7867cda3a7,acct_434b2c4d18,2026-08-15T02:08:28,4143.53,merchant_demo_001
txn_5e5b0d24b64b,acct_feffbe07ab,2026-12-15T13:15:23,3192.12,merchant_demo_001
txn_cb5953f6b384,acct_feffbe07ab,2026-10-29T13:15:23,2730.22,merchant_demo_001
txn_9050e01dd13e,acct_feffbe07ab,2027-01-12T13:15:23,4652.87,merchant_demo_001
txn_01be0817618a,acct_feffbe07ab,2026-05-20T13:15:23,1747.61,merchant_demo_001
txn_51dc117123f7,acct_feffbe07ab,2026-10-24T13:15:23,1764.51,merchant_demo_001
txn_f96214861b02,acct_9fc446a786,2026-09-05T02:00:30,2336.64,merchant_demo_001
txn_839e0894f608,acct_9fc446a786,2027-07-05T02:00:30,2519.92,merchant_demo_001
txn_6fd109ddcf0f,acct_9fc446a786,2027-03-19T02:00:30,3503.74,merchant_demo_001
txn_81db8014e81d,acct_9fc446a786,2027-05-30T02:00:30,1980.8,merchant_demo_001
txn_f31ded184f2e,acct_98877940ff,2026-07-02T23:09:19,3320.46,merchant_demo_001
txn_cdbb5fde6ec9,acct_98877940ff,2027-04-04T23:09:19,4840.23,merchant_demo_001
txn_a387d0f73ea2,acct_98877940ff,2027-05-05T23:09:19,2458.37,merchant_demo_001
txn_564cc11c3d71,acct_98877940ff,2026-12-09T23:09:19,461.31,merchant_demo_001
txn_91903699d791,acct_0e36d1b99e,2025-12-10T22:07:43,1554.96,merchant_demo_001
txn_ed8c2d6f670d,acct_0e36d1b99e,2026-06-23T22:07:43,1610.92,merchant_demo_001
txn_1cdd5a7c63cc,acct_0e36d1b99e,2026-05-15T22:07:43,2363.53,merchant_demo_001
txn_b1151f2cc3ad,acct_0e36d1b99e,2025-08-22T22:07:43,3143.07,merchant_demo_001
txn_d4fcdf81c732,acct_0e36d1b99e,2025-08-28T22:07:43,3140.11,merchant_demo_001
txn_c145a77328a5,acct_3220788e44,2026-04-05T15:36:41,2106.2,merchant_demo_001
txn_8ccfbdcf8bf1,acct_3220788e44,2026-09-23T15:36:41,165.87,merchant_demo_001
txn_856c0893ac27,acct_3220788e44,2026-01-20T15:36:41,2804.38,merchant_demo_001
txn_033312ba85c1,acct_3220788e44,2026-05-06T15:36:41,4948.92,merchant_demo_001
txn_938520237d44,acct_3220788e44,2026-03-08T15:36:41,4609.82,merchant_demo_001
txn_06cf55269e94,acct_b5bfdad20f,2026-09-02T08:46:00,3055.25,merchant_demo_001
txn_0b5d96209b5d,acct_b5bfdad20f,2026-04-25T08:46:00,530.05,merchant_demo_001
txn_9294f548c4b5,acct_121862a850,2026-06-29T06:20:17,4961.05,merchant_demo_001
txn_e483b44ac6a6,acct_121862a850,2026-12-30T06:20:17,1482.28,merchant_demo_001
txn_d7d7f62968b0,acct_a3e3608856,2026-08-22T07:44:53,3898.75,merchant_demo_001
txn_ffc7337e7343,acct_a3e3608856,2026-08-06T07:44:53,4895.54,merchant_demo_001
txn_0a0fb3513f88,acct_ba4e7555f0,2025-11-26T07:50:06,1792.52,merchant_demo_001
txn_59c0a44647e4,acct_ba4e7555f0,2025-11-26T07:01:06,2119.99,merchant_demo_001
txn_a0b1368d1377,acct_ba4e7555f0,2025-11-26T08:39:06,1430.45,merchant_demo_001
txn_20d312a4a4c7,acct_ff0904880a,2026-11-19T03:57:11,572.91,merchant_demo_001
txn_fb365eea01b8,acct_ff0904880a,2026-12-18T03:57:11,4803.19,merchant_demo_001
txn_d07b92a3d7e8,acct_ff0904880a,2027-01-26T03:57:11,3199.25,merchant_demo_001
txn_09e5e0206d89,acct_7b09d7a085,2027-01-08T12:01:19,2685.92,merchant_demo_001
txn_75073ef1d867,acct_7b09d7a085,2026-08-02T12:01:19,4302.33,merchant_demo_001
txn_431a36814f77,acct_7b09d7a085,2026-12-18T12:01:19,3796.3,merchant_demo_001
txn_4b756fc9213c,acct_7b09d7a085,2026-09-02T12:01:19,4139.39,merchant_demo_001
txn_187cc9d0db6b,acct_7b09d7a085,2026-11-25T12:01:19,826.99,merchant_demo_001
txn_cbf5095a9864,acct_7b0b36fea2,2026-03-26T13:15:22,1477.62,merchant_demo_001
txn_158f97aadcd6,acct_7b0b36fea2,2026-06-02T13:15:22,4157.84,merchant_demo_001
txn_2a00125d9a61,acct_029c054782,2025-12-27T22:51:34,902.74,merchant_demo_001
txn_6ef2b8764ba6,acct_029c054782,2025-03-17T22:51:34,1947.6,merchant_demo_001
txn_c67be20bf3df,acct_029c054782,2025-12-26T22:51:34,2119.59,merchant_demo_001
txn_b37403007c31,acct_029c054782,2025-08-28T22:51:34,2080.95,merchant_demo_001
txn_56f29e2a77a2,acct_b76f044dd0,2027-03-02T14:40:11,1159.75,merchant_demo_001
txn_1596826508e8,acct_5e3278fe55,2027-02-11T15:20:06,2541.64,merchant_demo_001
txn_37933d838e4d,acct_5e3278fe55,2026-05-11T15:20:06,3017.86,merchant_demo_001
txn_840e0b73b635,acct_5e3278fe55,2027-04-09T15:20:06,2073.44,merchant_demo_001
txn_7a7197356270,acct_5e3278fe55,2026-04-11T15:20:06,1658.85,merchant_demo_001
txn_5697dffd4d0b,acct_5e3278fe55,2026-08-05T15:20:06,873.97,merchant_demo_001
txn_b91e191c7736,acct_8ed8860d9c,2026-08-21T20:45:04,500.28,merchant_demo_001
txn_55076c703189,acct_8ed8860d9c,2026-03-13T20:45:04,162.46,merchant_demo_001
txn_f11a3c7bfcb8,acct_8ed8860d9c,2026-07-09T20:45:04,4423.39,merchant_demo_001
txn_d9325b147406,acct_8ed8860d9c,2026-08-05T20:45:04,1977.23,merchant_demo_001
txn_89cc55805b7d,acct_ff20033349,2026-06-20T18:36:06,4259.03,merchant_demo_001
txn_d9bf1193d9e4,acct_ff20033349,2026-06-04T18:36:06,2315.96,merchant_demo_001
txn_f147a53d2e2b,acct_ff20033349,2027-03-19T18:36:06,4379.52,merchant_demo_001
txn_6d0ca043d71a,acct_ff20033349,2026-06-11T18:36:06,2387.24,merchant_demo_001
txn_cec5845b267d,acct_ff20033349,2027-03-13T18:36:06,4610.86,merchant_demo_001
txn_116f0ad4d182,acct_a3bef36ac3,2025-03-09T07:34:02,1500.26,merchant_demo_001
txn_5e3913db9ac4,acct_a3bef36ac3,2025-01-16T07:34:02,1074.69,merchant_demo_001
txn_ea5f617f18fa,acct_a3bef36ac3,2025-08-25T07:34:02,2323.0,merchant_demo_001
txn_aa8f87663664,acct_df0466f192,2026-10-06T13:05:27,4949.08,merchant_demo_001
txn_2358a81a6a11,acct_df0466f192,2026-05-22T13:05:27,4865.39,merchant_demo_001
txn_37ecc246940d,acct_df0466f192,2026-11-04T13:05:27,3224.83,merchant_demo_001
txn_0fb6a59d2814,acct_df0466f192,2026-12-27T13:05:27,4197.48,merchant_demo_001
txn_fc53c782f3e7,acct_df0466f192,2026-05-13T13:05:27,1262.07,merchant_demo_001
txn_0f91e60e462c,acct_73b384e2b7,2025-09-30T16:20:50,3755.61,merchant_demo_001
txn_a8ef8efa05ed,acct_e9b4f7c3c9,2027-02-07T02:42:27,4977.9,merchant_demo_001
txn_4ee7aeebae8d,acct_e9b4f7c3c9,2026-11-30T02:42:27,398.31,merchant_demo_001
txn_7c98c1de93df,acct_e9b4f7c3c9,2026-12-16T02:42:27,4790.0,merchant_demo_001
txn_917ca7964082,acct_e9b4f7c3c9,2027-05-18T02:42:27,2709.84,merchant_demo_001
txn_73e478a841da,acct_70ed1c12bd,2027-05-09T17:07:54,4946.58,merchant_demo_001
txn_9d9d5b1eb312,acct_70ed1c12bd,2027-06-12T17:07:54,167.41,merchant_demo_001
txn_0ff137f57658,acct_70ed1c12bd,2027-02-13T17:07:54,4147.38,merchant_demo_001
txn_7cb46f99ae30,acct_70ed1c12bd,2026-07-12T17:07:54,1500.17,merchant_demo_001
txn_0d50c0344527,acct_70ed1c12bd,2027-01-01T17:07:54,4150.12,merchant_demo_001
txn_3ab601e8763d,acct_9257575de1,2026-03-06T03:52:23,2027.18,merchant_demo_001
txn_6ed432cbf09b,acct_0bb27c27b0,2027-04-17T07:05:38,3265.67,merchant_demo_001
txn_16420e7e0828,acct_0bb27c27b0,2027-01-04T07:05:38,3947.75,merchant_demo_001
txn_3c884bee4dff,acct_0bb27c27b0,2026-07-22T07:05:38,772.62,merchant_demo_001
txn_8241e908c829,acct_0bb27c27b0,2026-10-11T07:05:38,3801.81,merchant_demo_001
txn_d8771e6da847,acct_0bb27c27b0,2027-03-22T07:05:38,3780.21,merchant_demo_001
txn_136676833287,acct_ba1b134253,2026-10-24T23:42:18,886.32,merchant_demo_001
txn_606bed91ba43,acct_2fb897842e,2026-07-20T05:15:27,1732.18,merchant_demo_001
txn_a1c1a4fac6c1,acct_2fb897842e,2025-12-20T05:15:27,3987.99,merchant_demo_001
txn_5695c824a4d4,acct_2fb897842e,2025-12-03T05:15:27,1359.31,merchant_demo_001
txn_f7edc6edd61c,acct_2fb897842e,2026-02-02T05:15:27,3228.08,merchant_demo_001
txn_f4a9e764e3db,acct_7d1a198157,2025-12-08T20:51:09,4501.02,merchant_demo_001
txn_75f473473d42,acct_d5a18d54e9,2026-07-08T05:01:33,1261.41,merchant_demo_001
txn_ff7f6b13295c,acct_d5a18d54e9,2026-06-06T05:01:33,1745.09,merchant_demo_001
txn_faaf3c88b7e8,acct_4650229313,2026-09-24T04:22:20,3947.5,merchant_demo_001
txn_db1b6cac6fe4,acct_4650229313,2027-04-01T04:22:20,1326.71,merchant_demo_001
txn_d51c7788b069,acct_4650229313,2026-08-26T04:22:20,2992.42,merchant_demo_001
txn_40ce22f467d7,acct_4650229313,2027-05-02T04:22:20,743.1,merchant_demo_001
txn_564409887c70,acct_53fac633e6,2026-11-10T18:08:04,178.41,merchant_demo_001
txn_e664053c9b16,acct_53fac633e6,2026-12-22T18:08:04,2839.52,merchant_demo_001
txn_7151b0f85499,acct_53fac633e6,2027-06-16T18:08:04,1491.53,merchant_demo_001
txn_8860868b216b,acct_53fac633e6,2027-06-17T18:08:04,833.6,merchant_demo_001
txn_b9cf06a50402,acct_53fac633e6,2027-05-06T18:08:04,1558.47,merchant_demo_001
txn_e7c36d9f14e8,acct_fac0e369f9,2027-03-06T22:58:37,1509.65,merchant_demo_001
txn_ed122ecafe5a,acct_fac0e369f9,2027-04-11T22:58:37,4035.73,merchant_demo_001
txn_0b2ec61a2325,acct_fac0e369f9,2026-05-31T22:58:37,775.3,merchant_demo_001
txn_b0e95445652f,acct_fac0e369f9,2026-08-23T22:58:37,4302.78,merchant_demo_001
txn_12124165d4f5,acct_bf5d9d280c,2025-03-30T13:47:45,1178.19,merchant_demo_001
txn_e74e47d6cefd,acct_bf5d9d280c,2025-03-30T11:58:45,2936.99,merchant_demo_001
txn_5b319ac70d2a,acct_257269e30f,2027-01-22T22:39:38,109.73,merchant_demo_001
txn_5505b5708737,acct_257269e30f,2026-10-01T22:39:38,3619.64,merchant_demo_001
txn_99db8ff809fb,acct_b467c8ccac,2027-01-08T14:33:05,2411.02,merchant_demo_001
txn_115f79f7ffd7,acct_b467c8ccac,2026-09-10T14:33:05,4863.4,merchant_demo_001
txn_ec75124fae5b,acct_b467c8ccac,2027-05-10T14:33:05,821.59,merchant_demo_001
txn_b5fb8e30fd19,acct_b467c8ccac,2027-02-26T14:33:05,1605.77,merchant_demo_001
txn_764e222e910c,acct_b467c8ccac,2026-12-23T14:33:05,1920.99,merchant_demo_001
txn_a2182a4600d4,acct_d093bea3a4,2026-10-21T17:11:34,887.15,merchant_demo_001
txn_c9e2550b5708,acct_d093bea3a4,2026-08-19T17:11:34,2436.16,merchant_demo_001
txn_6e6ad6136db0,acct_d093bea3a4,2026-07-29T17:11:34,4490.81,merchant_demo_001
txn_b38dff4e70f6,acct_d093bea3a4,2025-12-01T17:11:34,3360.29,merchant_demo_001
txn_3617959c2a13,acct_b56df18547,2025-05-11T13:26:08,1162.88,merchant_demo_001
txn_9d48b1fee0e1,acct_04cfd135a2,2026-06-25T06:27:09,792.94,merchant_demo_001
txn_939624545f28,acct_04cfd135a2,2027-01-08T06:27:09,3901.17,merchant_demo_001
txn_0186cf97b20b,acct_d4dd9db472,2025-06-16T10:24:30,1024.86,merchant_demo_001
txn_fbff194160d2,acct_cc13ca2ffa,2026-08-22T13:04:56,2868.57,merchant_demo_001
txn_e66cb6042801,acct_cc13ca2ffa,2026-11-21T13:04:56,4536.2,merchant_demo_001
txn_e82e0a2d7cc1,acct_cc13ca2ffa,2027-01-16T13:04:56,4236.44,merchant_demo_001
txn_d58d67f3a42a,acct_cc13ca2ffa,2027-02-03T13:04:56,3949.04,merchant_demo_001
txn_ec0910def85c,acct_577e2fe355,2027-06-06T14:45:30,1052.52,merchant_demo_001
txn_ddd88efcc479,acct_577e2fe355,2027-04-28T14:45:30,212.56,merchant_demo_001
txn_271bec4ff9b3,acct_509364bfba,2026-04-21T07:06:47,2561.71,merchant_demo_001
txn_4b69ec8b0d6f,acct_99bcdbe49a,2026-12-04T13:10:02,4810.2,merchant_demo_001
txn_4307af99bec9,acct_99bcdbe49a,2027-03-10T13:10:02,2711.76,merchant_demo_001
txn_82732a6defba,acct_99bcdbe49a,2026-04-05T13:10:02,4853.66,merchant_demo_001
txn_6058aeef3c7c,acct_cf1d9af4b9,2026-07-15T04:39:43,2855.18,merchant_demo_001
txn_df44f9a3ec00,acct_cd270d4d8e,2026-08-05T04:49:03,1317.56,merchant_demo_001
txn_290f10fcc7eb,acct_cd270d4d8e,2027-04-15T04:49:03,954.29,merchant_demo_001
txn_46cde628c126,acct_570edc02f9,2026-09-23T02:10:31,3463.71,merchant_demo_001
txn_048a68416450,acct_570edc02f9,2027-01-18T02:10:31,928.28,merchant_demo_001
txn_f9a2521aa400,acct_c178edadf9,2026-07-24T09:11:17,2782.28,merchant_demo_001
txn_655ae016090e,acct_c178edadf9,2026-04-25T09:11:17,3728.4,merchant_demo_001
txn_a537b0cb21a3,acct_c178edadf9,2027-03-20T09:11:17,4161.93,merchant_demo_001
txn_3c0a240282ef,acct_c178edadf9,2026-04-11T09:11:17,4535.4,merchant_demo_001
txn_d67da0f41bef,acct_c178edadf9,2026-05-16T09:11:17,2636.66,merchant_demo_001
txn_2a3597bbf55c,acct_f395e611d8,2025-08-22T19:19:49,1176.55,merchant_demo_001
txn_56ea5d1c5aed,acct_e2bc01f3c2,2027-04-28T02:28:29,2927.29,merchant_demo_001
txn_9c4eb1efc70f,acct_e2bc01f3c2,2026-11-27T02:28:29,536.44,merchant_demo_001
txn_7e1984094fe0,acct_e2bc01f3c2,2027-05-09T02:28:29,302.86,merchant_demo_001
txn_476c918edefd,acct_e2bc01f3c2,2027-02-22T02:28:29,411.62,merchant_demo_001
txn_6c700c90ff64,acct_e2bc01f3c2,2026-12-04T02:28:29,626.21,merchant_demo_001
txn_0d7d90f1daf7,acct_772ea9b890,2025-10-04T19:32:25,1027.11,merchant_demo_001
txn_fbd78121d406,acct_9647f2a693,2026-05-13T14:05:12,1114.22,merchant_demo_001
txn_fc91294e2c25,acct_9647f2a693,2026-05-07T14:05:12,1534.81,merchant_demo_001
txn_642b82d6dddc,acct_9647f2a693,2026-04-06T14:05:12,2929.48,merchant_demo_001
txn_4120566ca343,acct_69d488dc6a,2025-03-06T00:11:04,4438.26,merchant_demo_001
txn_9abb9dc6093b,acct_0f095a57d9,2026-12-12T20:33:08,4038.54,merchant_demo_001
txn_5f5c5547d3f0,acct_0f095a57d9,2026-12-25T20:33:08,3789.94,merchant_demo_001
txn_03fbfa0785be,acct_daac78179f,2026-06-09T02:11:43,3785.07,merchant_demo_001
txn_bcfcce01fc12,acct_8fe5d1a889,2026-05-14T21:34:39,2488.4,merchant_demo_001
txn_6216705582c7,acct_8fe5d1a889,2026-03-27T21:34:39,1676.77,merchant_demo_001
txn_bfacf825ebe7,acct_8fe5d1a889,2026-08-31T21:34:39,2595.29,merchant_demo_001
txn_67ab3335fd28,acct_8fe5d1a889,2026-11-22T21:34:39,1533.2,merchant_demo_001
txn_439d57932858,acct_8fe5d1a889,2026-09-25T21:34:39,1282.66,merchant_demo_001
txn_b75691d870b2,acct_34e57f7afd,2026-07-26T23:52:15,2828.26,merchant_demo_001
txn_b3547e4e01da,acct_34e57f7afd,2026-01-18T23:52:15,3148.31,merchant_demo_001
txn_2d6e3c795f99,acct_34e57f7afd,2025-10-09T23:52:15,4887.28,merchant_demo_001
txn_98386c8c6964,acct_d336722500,2025-12-05T05:37:02,82.26,merchant_demo_001
txn_1de4e8feed7e,acct_d336722500,2025-12-16T05:37:02,2379.01,merchant_demo_001
txn_32021e5a4ecb,acct_bb460cfd38,2025-09-16T02:34:57,374.52,merchant_demo_001
txn_20ec9bb696d8,acct_bb460cfd38,2026-01-24T02:34:57,3381.23,merchant_demo_001
txn_155afb63c034,acct_58d3b16e0a,2025-11-17T15:53:52,1745.04,merchant_demo_001
txn_a2972dfe7741,acct_b1d1fa172c,2025-07-22T07:54:03,1008.3,merchant_demo_001
txn_978bd1355710,acct_b1d1fa172c,2025-06-14T07:54:03,3826.12,merchant_demo_001
txn_5771629d9dcd,acct_b1d1fa172c,2025-08-07T07:54:03,1570.64,merchant_demo_001
txn_790a60a6a313,acct_b1d1fa172c,2025-09-23T07:54:03,1634.08,merchant_demo_001
txn_c16af5560a5c,acct_b1d1fa172c,2026-01-16T07:54:03,2385.78,merchant_demo_001
txn_c128c0cb7235,acct_6c29fe1984,2027-01-10T01:04:54,1090.95,merchant_demo_001
txn_1106e7ff74b7,acct_6c29fe1984,2027-02-11T01:04:54,815.26,merchant_demo_001
txn_232c13a708a3,acct_6c29fe1984,2026-05-23T01:04:54,999.93,merchant_demo_001
txn_e6dae3338220,acct_de6c775852,2025-09-01T13:55:42,4269.17,merchant_demo_001
txn_9170b1fa05a0,acct_de6c775852,2026-04-14T13:55:42,3329.82,merchant_demo_001
txn_bb3bf434c316,acct_de6c775852,2025-11-19T13:55:42,4785.7,merchant_demo_001
txn_1db97dc1f2f6,acct_de6c775852,2026-02-03T13:55:42,3284.78,merchant_demo_001
txn_753c43e46017,acct_7fbb588efc,2026-09-18T21:49:18,3646.02,merchant_demo_001
txn_cddb224c79ee,acct_7fbb588efc,2025-12-10T21:49:18,4667.58,merchant_demo_001
txn_f9b7c495a4d0,acct_7fbb588efc,2026-04-13T21:49:18,4674.93,merchant_demo_001
txn_f402a7cb39a3,acct_7fbb588efc,2026-01-17T21:49:18,1885.42,merchant_demo_001
txn_c5bb0d63d45a,acct_b3ec2b7c61,2026-11-22T12:11:38,3647.21,merchant_demo_001
txn_4eec3afa2573,acct_b3ec2b7c61,2027-06-21T12:11:38,1610.97,merchant_demo_001
txn_7fb25186f3bb,acct_b3ec2b7c61,2026-11-09T12:11:38,2155.22,merchant_demo_001
txn_d6e1e55d0bce,acct_515d51388a,2027-05-26T16:26:25,2114.76,merchant_demo_001
txn_c3523d418c8d,acct_515d51388a,2027-05-26T16:26:25,4702.94,merchant_demo_001
txn_ae783e8b1853,acct_515d51388a,2026-05-29T16:26:25,4844.97,merchant_demo_001
txn_0deb5ad9dd90,acct_515d51388a,2026-10-29T16:26:25,3246.67,merchant_demo_001
txn_327b3982605c,acct_133cc46238,2026-04-01T19:49:10,3846.89,merchant_demo_001
txn_f3a490ac57ec,acct_133cc46238,2025-08-20T19:49:10,4101.74,merchant_demo_001
txn_f2d6fd039052,acct_11749a8c19,2025-05-21T10:28:37,3327.17,merchant_demo_001
txn_3f988abeb049,acct_11749a8c19,2025-06-15T10:28:37,1509.24,merchant_demo_001
txn_4bd3cbe324d7,acct_e3bfcd90f9,2026-06-09T17:54:12,1643.14,merchant_demo_001
txn_25a8a5cd0486,acct_e3bfcd90f9,2026-06-09T19:25:12,1662.14,merchant_demo_001
txn_94f9023bd118,acct_35dd059a2b,2026-12-04T00:37:08,1037.29,merchant_demo_001
txn_0ffbe60fa76c,acct_35dd059a2b,2026-03-11T00:37:08,3106.9,merchant_demo_001
txn_3647b72f51fc,acct_35dd059a2b,2026-07-04T00:37:08,4289.2,merchant_demo_001
txn_44da45633e1e,acct_35dd059a2b,2026-01-14T00:37:08,418.41,merchant_demo_001
txn_e047f0aa7f85,acct_35dd059a2b,2026-02-11T00:37:08,1661.14,merchant_demo_001
txn_95a33e7f506c,acct_0bdfbdcf15,2026-12-05T12:35:01,2985.05,merchant_demo_001
txn_7d61600a0b52,acct_0bdfbdcf15,2025-12-24T12:35:01,3917.08,merchant_demo_001
txn_afa3d9e74a05,acct_0bdfbdcf15,2026-06-18T12:35:01,3454.61,merchant_demo_001
txn_aadc03aa5727,acct_0bdfbdcf15,2026-11-27T12:35:01,2460.85,merchant_demo_001
txn_640a8dd7ec09,acct_d88a3a64ba,2026-06-14T19:28:41,2951.27,merchant_demo_001
txn_1efe48f1bfb0,acct_d88a3a64ba,2025-09-07T19:28:41,552.13,merchant_demo_001
txn_04de82accf97,acct_d88a3a64ba,2026-07-01T19:28:41,1746.33,merchant_demo_001
txn_d4e27d373c7d,acct_ff396de38c,2025-09-25T10:48:11,2218.72,merchant_demo_001
txn_c90b506dd9f9,acct_ff396de38c,2025-08-12T10:48:11,599.6,merchant_demo_001
txn_c9d3905c2d33,acct_ff396de38c,2025-05-27T10:48:11,4410.21,merchant_demo_001
txn_254bf0b166d1,acct_ff396de38c,2025-04-26T10:48:11,1656.5,merchant_demo_001
txn_875cdbc6efc6,acct_ff396de38c,2026-04-20T10:48:11,3675.62,merchant_demo_001
txn_6e8bd6b97700,acct_9c3ec7bdcc,2025-10-20T23:53:52,2969.55,merchant_demo_001
txn_567c2153f663,acct_95bd0d1e11,2026-03-13T19:22:35,2831.09,merchant_demo_001
txn_4e8c44718656,acct_95bd0d1e11,2026-07-13T19:22:35,1263.87,merchant_demo_001
txn_1f5aeeee2391,acct_95bd0d1e11,2026-09-20T19:22:35,2755.6,merchant_demo_001
txn_53663e9000a6,acct_95bd0d1e11,2026-11-04T19:22:35,1340.56,merchant_demo_001
txn_d84b53b1f5ca,acct_95bd0d1e11,2026-08-29T19:22:35,4095.68,merchant_demo_001
txn_17259635646c,acct_62bf5f3d32,2025-05-13T04:08:16,3871.9,merchant_demo_001
txn_672baa15293d,acct_5cbdf1a25c,2026-11-17T16:26:37,3571.44,merchant_demo_001
txn_361eeb754dcb,acct_656f920855,2026-01-21T07:40:50,4530.26,merchant_demo_001
txn_dfb4386ac002,acct_656f920855,2026-03-06T07:40:50,3749.0,merchant_demo_001
txn_43b5f9a72b80,acct_656f920855,2025-11-07T07:40:50,961.49,merchant_demo_001
txn_1ce3f2a18300,acct_6955fec863,2026-03-03T10:04:09,2330.98,merchant_demo_001
txn_ffab12d9a575,acct_6955fec863,2026-04-26T10:04:09,1034.98,merchant_demo_001
txn_b5462ee9d941,acct_6955fec863,2026-11-02T10:04:09,1332.18,merchant_demo_001
txn_f9bf28a87a3b,acct_6955fec863,2026-09-12T10:04:09,3750.87,merchant_demo_001
txn_2c7495d8c6a2,acct_1451cd622d,2026-08-30T08:08:30,639.99,merchant_demo_001
txn_105f4c86b163,acct_8a87d4c244,2026-01-20T04:22:14,2011.72,merchant_demo_001
txn_db1f88f9eb56,acct_8a87d4c244,2026-02-20T04:22:14,4000.58,merchant_demo_001
txn_6368835753ef,acct_8a87d4c244,2026-03-13T04:22:14,348.42,merchant_demo_001
txn_2962001084e5,acct_8a87d4c244,2026-03-05T04:22:14,1898.7,merchant_demo_001
txn_b409f159f70b,acct_48138723b8,2026-03-01T14:37:40,4978.49,merchant_demo_001
txn_0fcbab6e71b6,acct_48138723b8,2026-04-05T14:37:40,4371.75,merchant_demo_001
txn_92c6bd7613a5,acct_48138723b8,2026-01-04T14:37:40,3961.18,merchant_demo_001
txn_2e31016c35c5,acct_48138723b8,2026-03-29T14:37:40,1449.1,merchant_demo_001
txn_2d75b51b4baf,acct_48138723b8,2026-01-07T14:37:40,3190.15,merchant_demo_001
txn_fd1e75a49a9a,acct_a994c0d36a,2026-11-06T09:53:54,506.11,merchant_demo_001
txn_9b1fc1be2dc6,acct_ce749d4e6d,2026-05-14T16:19:49,606.06,merchant_demo_001
txn_532adb9bb10c,acct_ce749d4e6d,2025-06-30T16:19:49,4003.03,merchant_demo_001
txn_b49f26bb80b9,acct_ce749d4e6d,2025-05-24T16:19:49,2890.93,merchant_demo_001
txn_c7021d61bee1,acct_ce749d4e6d,2025-12-05T16:19:49,3069.66,merchant_demo_001
txn_f06ef539f8a9,acct_ce749d4e6d,2025-07-16T16:19:49,3771.94,merchant_demo_001
txn_74c3b74269f7,acct_8c00329ea2,2026-10-14T02:27:07,2355.29,merchant_demo_001
txn_865dad4d6390,acct_8c00329ea2,2027-06-08T02:27:07,803.42,merchant_demo_001
txn_f56077c09705,acct_8c00329ea2,2026-11-11T02:27:07,411.48,merchant_demo_001
txn_da0521d2fd89,acct_8c00329ea2,2027-04-22T02:27:07,2897.36,merchant_demo_001
txn_da8d0cc82478,acct_f4198da599,2026-01-07T13:39:27,3916.51,merchant_demo_001
txn_30d2940642d2,acct_f4198da599,2026-04-25T13:39:27,4110.03,merchant_demo_001
txn_cc3fa9eaf7f3,acct_f4198da599,2025-11-19T13:39:27,4452.52,merchant_demo_001
txn_64124dda3fda,acct_f4198da599,2025-11-03T13:39:27,2894.95,merchant_demo_001
txn_829153eb0c30,acct_1900cd5db8,2027-03-31T17:27:14,4149.7,merchant_demo_001
txn_cfb0dfe20ad5,acct_224f5b308a,2026-01-29T18:35:36,1164.89,merchant_demo_001
txn_da8c48b2bbf2,acct_dddedb186b,2025-03-19T10:39:39,1331.32,merchant_demo_001
txn_aa410dbab985,acct_dddedb186b,2025-04-25T10:39:39,2942.66,merchant_demo_001
txn_ce649d4fbe15,acct_dddedb186b,2026-01-29T10:39:39,1666.77,merchant_demo_001
txn_eb74e2500c75,acct_dddedb186b,2025-08-23T10:39:39,3285.38,merchant_demo_001
txn_de85ff8f9592,acct_efd3331193,2027-04-27T22:50:12,4116.55,merchant_demo_001
txn_cffb00dbd328,acct_efd3331193,2026-09-26T22:50:12,4471.56,merchant_demo_001
txn_c5990f33a6cb,acct_bac4b5c79a,2025-04-28T23:01:27,984.79,merchant_demo_001
txn_a023940c2915,acct_bac4b5c79a,2025-04-25T23:01:27,1070.41,merchant_demo_001
txn_1502e511c54e,acct_bac4b5c79a,2025-05-12T23:01:27,549.44,merchant_demo_001
txn_884367c0a055,acct_bac4b5c79a,2025-11-09T23:01:27,3029.51,merchant_demo_001
txn_f8eda407d846,acct_bac4b5c79a,2025-03-01T23:01:27,3908.34,merchant_demo_001
txn_acdcceee2685,acct_08a37bfb69,2025-12-23T03:55:58,4775.57,merchant_demo_001
txn_7b29287c3f0c,acct_08a37bfb69,2025-12-23T03:49:58,4359.25,merchant_demo_001
txn_06e23b820b99,acct_08a37bfb69,2025-12-23T03:24:58,3307.93,merchant_demo_001
txn_6330f0c74405,acct_6dc01dc0a5,2026-07-23T11:32:01,858.28,merchant_demo_001
txn_c3200ff9d6ae,acct_6dc01dc0a5,2026-07-06T11:32:01,1203.25,merchant_demo_001
txn_81ff2804db3c,acct_d40d001033,2026-08-11T05:05:23,1808.96,merchant_demo_001
txn_1fbfb365b9d1,acct_d40d001033,2025-09-20T05:05:23,4394.31,merchant_demo_001
txn_948c0434c95a,acct_94086cef74,2025-03-19T11:28:07,4179.08,merchant_demo_001
txn_fb260c00cdf1,acct_94086cef74,2025-04-05T11:28:07,175.85,merchant_demo_001
txn_0a0c4fb890b8,acct_e52e593f16,2026-06-17T19:43:21,293.61,merchant_demo_001
txn_435d8cb54b02,acct_e52e593f16,2026-07-17T19:43:21,2025.93,merchant_demo_001
txn_d424dd54311d,acct_9d7b9bf0b6,2026-11-07T16:57:28,1933.5,merchant_demo_001
txn_5c97fdf69e5f,acct_9d7b9bf0b6,2025-12-11T16:57:28,509.62,merchant_demo_001
txn_6f1496d80922,acct_0cf4f7bfaf,2026-10-16T06:46:15,4570.75,merchant_demo_001
txn_e6b3c0de58f6,acct_0cf4f7bfaf,2027-02-04T06:46:15,2606.66,merchant_demo_001
txn_41bfc93d45da,acct_ab8a76a07d,2026-10-21T08:49:37,1087.71,merchant_demo_001
txn_f5752918c418,acct_ab8a76a07d,2026-06-06T08:49:37,3716.18,merchant_demo_001
txn_51daee011cf6,acct_7fde5e6824,2025-10-20T23:05:34,2104.88,merchant_demo_001
txn_287d15a2b020,acct_7fde5e6824,2025-10-20T22:37:34,4926.5,merchant_demo_001
txn_0607495ed16f,acct_2ef0ffe777,2025-11-16T00:07:09,2416.0,merchant_demo_001
txn_7f02a4afa312,acct_2ef0ffe777,2026-01-31T00:07:09,604.36,merchant_demo_001
txn_a041cc14852a,acct_2ef0ffe777,2026-01-04T00:07:09,129.92,merchant_demo_001
txn_d267ed958bd5,acct_2ef0ffe777,2025-11-26T00:07:09,4026.89,merchant_demo_001
txn_7f07f99daaea,acct_2ef0ffe777,2025-12-06T00:07:09,4809.77,merchant_demo_001
txn_93aeddec9f31,acct_6ef116b72c,2027-01-17T01:43:59,1833.94,merchant_demo_001
txn_1e0a3b5c1c14,acct_cd45365827,2025-06-19T01:47:30,2199.04,merchant_demo_001
txn_a78004109ae1,acct_cd45365827,2026-04-15T01:47:30,1538.44,merchant_demo_001
txn_2fe93fc56b7b,acct_cd45365827,2026-05-11T01:47:30,468.03,merchant_demo_001
txn_9cb5e665b901,acct_1c48d3eba4,2026-07-30T23:57:58,128.46,merchant_demo_001
txn_ffa3dedeebbf,acct_1c48d3eba4,2026-04-20T23:57:58,3661.66,merchant_demo_001
txn_0c6d3fc7e751,acct_1c48d3eba4,2026-05-15T23:57:58,274.58,merchant_demo_001
txn_6e0c7e3ea846,acct_1c48d3eba4,2026-04-07T23:57:58,927.92,merchant_demo_001
txn_ab2d2644b00d,acct_78557a2a71,2025-11-29T14:13:15,2617.18,merchant_demo_001
txn_478be63fcfa6,acct_1004bff4de,2027-06-21T06:12:22,2375.57,merchant_demo_001
txn_134dbfbe7cfb,acct_1004bff4de,2026-07-20T06:12:22,352.85,merchant_demo_001
txn_fc0aaddb4ccd,acct_045a714c6f,2027-07-25T22:56:18,3321.71,merchant_demo_001
txn_2f1f2dc09d9d,acct_045a714c6f,2027-01-18T22:56:18,3106.9,merchant_demo_001
txn_6dd8ebf7ad8a,acct_15a469b1ff,2026-01-28T17:38:58,903.48,merchant_demo_001
txn_715e6c5d05c3,acct_15a469b1ff,2026-03-20T17:38:58,4828.24,merchant_demo_001
txn_97ea099c1b0d,acct_b813b726b2,2026-03-08T13:58:12,4401.43,merchant_demo_001
txn_2f4c104f689d,acct_b813b726b2,2025-10-29T13:58:12,3943.46,merchant_demo_001
txn_b8f313348f3a,acct_044004d402,2025-11-14T02:06:13,1060.18,merchant_demo_001
txn_774f83525912,acct_8e1ed4bd34,2025-12-31T09:38:16,1897.26,merchant_demo_001
txn_9250d4a69276,acct_8e1ed4bd34,2025-06-29T09:38:16,3128.47,merchant_demo_001
txn_fc2942ae25c1,acct_8e1ed4bd34,2025-02-28T09:38:16,3927.18,merchant_demo_001
txn_73defcd2cb8b,acct_8e1ed4bd34,2025-08-02T09:38:16,191.06,merchant_demo_001
txn_f82982d65f08,acct_c5f2cd7d03,2025-02-27T20:41:58,3688.01,merchant_demo_001
txn_836e644e63fd,acct_c5f2cd7d03,2025-04-24T20:41:58,4572.21,merchant_demo_001
txn_94901f667eb9,acct_c5f2cd7d03,2025-03-05T20:41:58,2720.4,merchant_demo_001
txn_841233c405fb,acct_c5f2cd7d03,2026-03-07T20:41:58,3012.61,merchant_demo_001
txn_e461eab21c36,acct_9dde27ee27,2026-09-29T16:04:50,832.95,merchant_demo_001
txn_6b855b82b4c7,acct_9dde27ee27,2026-07-12T16:04:50,1775.9,merchant_demo_001
txn_53a3310ac25c,acct_9dde27ee27,2026-10-27T16:04:50,506.01,merchant_demo_001
txn_813eec1efd5b,acct_9dde27ee27,2026-08-07T16:04:50,606.43,merchant_demo_001
txn_78516b96a6df,acct_9dde27ee27,2027-03-05T16:04:50,2348.94,merchant_demo_001
txn_f3549e154640,acct_4284aac75b,2026-07-09T21:21:55,2230.06,merchant_demo_001
txn_81eafb330385,acct_4284aac75b,2026-08-12T21:21:55,4056.65,merchant_demo_001
txn_f2a3500fe67b,acct_4284aac75b,2025-10-08T21:21:55,1591.58,merchant_demo_001
txn_92e26a8a5791,acct_4284aac75b,2026-06-05T21:21:55,4502.77,merchant_demo_001
txn_a77c1cae862f,acct_b12282e1de,2026-09-05T12:18:21,1648.24,merchant_demo_001
txn_d261f2d7cb36,acct_b12282e1de,2027-04-04T12:18:21,1859.63,merchant_demo_001
txn_91bd975c7c03,acct_b12282e1de,2027-05-12T12:18:21,3358.74,merchant_demo_001
txn_fced873be576,acct_7896530399,2026-08-14T18:15:52,2489.37,merchant_demo_001
txn_bbb85b88cb1e,acct_4e01f870e6,2025-03-22T06:45:39,672.87,merchant_demo_001
txn_8eccd7b58a66,acct_4e01f870e6,2025-03-22T08:06:39,692.55,merchant_demo_001
txn_7b04fae9aa19,acct_4e01f870e6,2025-03-22T06:31:39,1166.48,merchant_demo_001
txn_6aced448ec65,acct_502c579e4d,2026-09-12T23:53:31,519.21,merchant_demo_001
txn_033815b05bbb,acct_c7c5a34bd2,2025-07-17T06:59:09,4440.24,merchant_demo_001
txn_5af59832c20d,acct_c7c5a34bd2,2025-04-17T06:59:09,1286.41,merchant_demo_001
txn_323e052986b7,acct_c7c5a34bd2,2025-07-01T06:59:09,963.9,merchant_demo_001
txn_dd53cd912bab,acct_c7c5a34bd2,2026-01-26T06:59:09,1540.49,merchant_demo_001
txn_1ddb6e76e2f9,acct_39b047a593,2026-11-19T00:27:50,2974.38,merchant_demo_001
txn_a2e5b8c5c86f,acct_39b047a593,2026-09-02T00:27:50,2906.98,merchant_demo_001
txn_7e071d212272,acct_39b047a593,2026-04-27T00:27:50,3811.47,merchant_demo_001
txn_ea48b86573be,acct_39b047a593,2026-02-17T00:27:50,1673.32,merchant_demo_001
txn_4b13453fda84,acct_0a5f21bf9f,2026-01-03T05:02:59,768.84,merchant_demo_001
txn_37e2ca412f7e,acct_0a5f21bf9f,2026-02-11T05:02:59,4676.39,merchant_demo_001
txn_cce5f1560640,acct_0a5f21bf9f,2025-02-16T05:02:59,3752.28,merchant_demo_001
txn_81c5c8913978,acct_1b3049285a,2026-09-04T04:09:21,287.69,merchant_demo_001
txn_3cd85fed3e77,acct_1b3049285a,2026-01-25T04:09:21,4898.68,merchant_demo_001
txn_b9f3967e94aa,acct_1b3049285a,2025-10-23T04:09:21,757.62,merchant_demo_001
txn_22a3d2fce4de,acct_1b3049285a,2025-11-02T04:09:21,4185.13,merchant_demo_001
txn_ae0da2f95d54,acct_66c5cb7149,2025-06-04T12:51:48,2013.98,merchant_demo_001
txn_7402ab776275,acct_66c5cb7149,2025-03-19T12:51:48,2881.83,merchant_demo_001
txn_272f01870f84,acct_6c9a7448cd,2027-01-20T18:06:53,979.35,merchant_demo_001
txn_9a3d9953dafd,acct_6c9a7448cd,2027-05-19T18:06:53,2058.0,merchant_demo_001
txn_5a3d38a706e3,acct_6c9a7448cd,2026-11-14T18:06:53,2293.31,merchant_demo_001
txn_a5ecd7441d87,acct_6c9a7448cd,2026-12-09T18:06:53,2752.1,merchant_demo_001
txn_44aff0853c16,acct_e3d9f325e7,2026-05-06T10:08:58,1432.56,merchant_demo_001
txn_0bfeb2f83da9,acct_a7675563b7,2025-08-31T18:54:52,1719.41,merchant_demo_001
txn_1a432e71f4b7,acct_a7675563b7,2025-06-15T18:54:52,1313.66,merchant_demo_001
txn_f3f83c9bfa8e,acct_a7675563b7,2025-11-16T18:54:52,3871.44,merchant_demo_001
txn_7a08e72a2439,acct_a7675563b7,2025-10-31T18:54:52,3333.08,merchant_demo_001
txn_2d63ff282a63,acct_a7675563b7,2026-02-17T18:54:52,4288.26,merchant_demo_001
txn_b5ef08f881b1,acct_0a1a051b89,2025-05-27T18:22:37,362.43,merchant_demo_001
txn_be97679057d7,acct_0a1a051b89,2025-07-19T18:22:37,2161.25,merchant_demo_001
txn_eb6915da4b52,acct_0a1a051b89,2025-01-26T18:22:37,4825.53,merchant_demo_001
txn_7ad28d9035e8,acct_0a1a051b89,2025-03-18T18:22:37,518.19,merchant_demo_001
txn_17ffff6b4a9e,acct_0a1a051b89,2025-09-04T18:22:37,4158.89,merchant_demo_001
txn_db9766f2b1fe,acct_b15497920d,2026-06-23T20:49:47,3577.84,merchant_demo_001
txn_a751b2237453,acct_3ba77fe620,2026-05-13T03:58:53,1770.74,merchant_demo_001
txn_1af82f8bcf80,acct_597a2571d3,2026-06-26T17:59:21,2788.83,merchant_demo_001
txn_119eeceedfe5,acct_597a2571d3,2025-12-27T17:59:21,4833.15,merchant_demo_001
txn_d551b29177c5,acct_597a2571d3,2026-07-31T17:59:21,953.93,merchant_demo_001
txn_0286dbaa579f,acct_597a2571d3,2026-08-03T17:59:21,1014.65,merchant_demo_001
txn_de2f993382bd,acct_0c0fd57be7,2026-01-07T08:36:08,3890.76,merchant_demo_001
txn_fb2581ab18b4,acct_0c0fd57be7,2026-01-07T08:30:08,3680.39,merchant_demo_001
txn_490002446753,acct_0c0fd57be7,2026-01-07T09:10:08,2651.59,merchant_demo_001
txn_0a1fa73d6b5d,acct_49478a7c62,2027-03-23T00:25:29,4306.63,merchant_demo_001
txn_8e7c7f1e5863,acct_49478a7c62,2027-03-03T00:25:29,282.63,merchant_demo_001
txn_f74bf51e1b27,acct_c20472870e,2025-10-20T20:21:43,2720.31,merchant_demo_001
txn_bfe60d90c1dc,acct_c20472870e,2025-10-20T21:46:43,4738.46,merchant_demo_001
txn_64ffe8176902,acct_c20472870e,2025-10-20T21:04:43,875.43,merchant_demo_001
txn_971e94385f60,acct_872a1e958e,2025-05-10T18:58:09,3417.96,merchant_demo_001
txn_775daba4c096,acct_e1cc03e7e2,2025-12-05T18:36:09,4224.03,merchant_demo_001
txn_6479e30fe4f1,acct_e1cc03e7e2,2026-08-31T18:36:09,3594.63,merchant_demo_001
txn_95c2837508ad,acct_e1cc03e7e2,2026-05-15T18:36:09,4713.85,merchant_demo_001
txn_dd17d91215b6,acct_e1cc03e7e2,2026-06-20T18:36:09,2148.88,merchant_demo_001
txn_82f846c1c8ce,acct_e1cc03e7e2,2025-11-23T18:36:09,1428.19,merchant_demo_001
txn_f7f464e1e45f,acct_c9104268c3,2025-06-03T23:07:38,1979.37,merchant_demo_001
txn_149415de07f5,acct_c9104268c3,2025-09-27T23:07:38,4861.44,merchant_demo_001
txn_240170f8489a,acct_c9104268c3,2025-09-03T23:07:38,2366.62,merchant_demo_001
txn_d515bd4f8d94,acct_c9104268c3,2025-03-13T23:07:38,3621.66,merchant_demo_001
txn_2c15c13e178d,acct_f61d3cd29f,2025-12-06T19:04:46,420.61,merchant_demo_001
txn_0311fa0f208a,acct_f61d3cd29f,2026-12-03T19:04:46,2801.0,merchant_demo_001
txn_4d332a82ed0a,acct_f61d3cd29f,2026-05-14T19:04:46,1083.34,merchant_demo_001
txn_351c91632aef,acct_3ab9daf936,2025-12-24T10:21:46,4798.41,merchant_demo_001
txn_1f5ffe572c41,acct_3ab9daf936,2025-03-25T10:21:46,3788.09,merchant_demo_001
txn_7dc1bfae19d3,acct_3ab9daf936,2025-05-05T10:21:46,761.77,merchant_demo_001
txn_a1160a5c5dab,acct_3ab9daf936,2025-05-16T10:21:46,3834.74,merchant_demo_001
txn_b414b2f2475d,acct_3ab9daf936,2025-06-27T10:21:46,1986.63,merchant_demo_001
txn_b6ee07fc7f0a,acct_169032ef08,2027-02-19T15:50:00,2124.1,merchant_demo_001
txn_dda56471b113,acct_169032ef08,2027-01-22T15:50:00,1007.19,merchant_demo_001
txn_d2cb028b9aeb,acct_2a601916da,2026-04-10T18:46:59,1170.21,merchant_demo_001
txn_520761d9687d,acct_2a601916da,2026-07-24T18:46:59,745.18,merchant_demo_001
txn_c9a5d9120b73,acct_2a601916da,2026-09-26T18:46:59,661.18,merchant_demo_001
txn_8f5bdfdfc206,acct_499cd1b269,2027-03-15T21:30:14,801.64,merchant_demo_001
txn_4cfe489d1c4c,acct_499cd1b269,2026-11-18T21:30:14,754.92,merchant_demo_001
txn_0f09557a1dc4,acct_499cd1b269,2026-08-24T21:30:14,3814.89,merchant_demo_001
txn_c201ade85b96,acct_499cd1b269,2026-04-10T21:30:14,3201.95,merchant_demo_001
txn_79834b906559,acct_499cd1b269,2026-12-27T21:30:14,1590.24,merchant_demo_001
txn_8880c5d9fb00,acct_a58998540b,2026-08-25T21:31:01,3161.3,merchant_demo_001
txn_6b4c9425ec7b,acct_51b2fdc6ad,2025-12-06T22:21:31,3319.09,merchant_demo_001
txn_ba10cdf3bfd1,acct_51b2fdc6ad,2026-01-09T22:21:31,4120.09,merchant_demo_001
txn_f2d8217fc58a,acct_51b2fdc6ad,2026-05-14T22:21:31,3727.41,merchant_demo_001
txn_cad1bc5afc87,acct_51b2fdc6ad,2026-03-30T22:21:31,810.7,merchant_demo_001
txn_84b64784f177,acct_fd24b71398,2026-05-19T15:56:20,4749.97,merchant_demo_001
txn_1486ee331ca6,acct_fd24b71398,2026-01-20T15:56:20,1938.43,merchant_demo_001
txn_3af9c7ae8d9c,acct_fd24b71398,2026-05-10T15:56:20,608.55,merchant_demo_001
txn_06143b6933e1,acct_cf81d6685d,2026-10-04T14:22:08,2945.64,merchant_demo_001
txn_3e4b9c10d162,acct_cf81d6685d,2027-02-26T14:22:08,3472.61,merchant_demo_001
txn_0e93f3b30b01,acct_cf81d6685d,2026-11-04T14:22:08,3804.37,merchant_demo_001
txn_69bd08929268,acct_cf81d6685d,2026-06-23T14:22:08,2638.05,merchant_demo_001
txn_3fdce0781f5e,acct_ad3d2cc50e,2025-08-10T11:22:59,4800.69,merchant_demo_001
txn_9d599b531bc1,acct_3895004c13,2025-11-01T07:20:06,4353.34,merchant_demo_001
txn_fa70c1b87b5a,acct_3895004c13,2026-06-06T07:20:06,2497.93,merchant_demo_001
txn_ecbceccedaeb,acct_3895004c13,2026-06-25T07:20:06,4818.06,merchant_demo_001
txn_f16cbb2bdaf2,acct_269d559cb6,2025-07-31T10:16:04,3208.4,merchant_demo_001
txn_923eaf532546,acct_269d559cb6,2026-07-31T10:16:04,1437.01,merchant_demo_001
txn_e1f576b31076,acct_269d559cb6,2026-07-07T10:16:04,3675.59,merchant_demo_001
txn_7ad0c4ba50ea,acct_269d559cb6,2025-11-07T10:16:04,3219.31,merchant_demo_001
txn_1fbb18aebcf7,acct_aac7f6f7f7,2026-12-31T12:03:23,3351.54,merchant_demo_001
txn_bf4a253f7545,acct_aac7f6f7f7,2026-10-06T12:03:23,4916.28,merchant_demo_001
txn_3d9ef1c02193,acct_aac7f6f7f7,2026-07-12T12:03:23,113.98,merchant_demo_001
txn_67120be93da7,acct_e07d8b40cb,2025-08-04T05:43:39,2949.63,merchant_demo_001
txn_5746f9b2d403,acct_e07d8b40cb,2025-07-24T05:43:39,2975.87,merchant_demo_001
txn_9258be73ac3b,acct_e07d8b40cb,2026-03-08T05:43:39,1365.48,merchant_demo_001
txn_22e3c9c19969,acct_e07d8b40cb,2026-05-06T05:43:39,4139.99,merchant_demo_001
txn_111b71acb57c,acct_61d6a46e41,2026-06-29T05:04:51,3052.87,merchant_demo_001
txn_88d048b17df6,acct_61d6a46e41,2026-07-01T05:04:51,1910.32,merchant_demo_001
txn_1207920e9470,acct_61d6a46e41,2026-06-07T05:04:51,4358.45,merchant_demo_001
txn_f2c9ebbe4d12,acct_61d6a46e41,2026-08-22T05:04:51,1943.81,merchant_demo_001
txn_c240ee452f06,acct_255fbf6e80,2025-07-24T00:09:30,2972.2,merchant_demo_001
txn_d4579ee4359a,acct_255fbf6e80,2026-04-24T00:09:30,4772.65,merchant_demo_001
txn_1114628cf491,acct_255fbf6e80,2026-03-20T00:09:30,519.82,merchant_demo_001
txn_ef5e69a5d781,acct_255fbf6e80,2026-06-25T00:09:30,1231.14,merchant_demo_001
txn_1cfc689270db,acct_255fbf6e80,2026-03-23T00:09:30,3379.42,merchant_demo_001
txn_5679d7e849ad,acct_35e4df192f,2026-11-14T22:43:24,4085.65,merchant_demo_001
txn_57fb9c74e746,acct_35e4df192f,2027-04-15T22:43:24,3734.33,merchant_demo_001
txn_be01a268ca2c,acct_35e4df192f,2026-10-07T22:43:24,3253.09,merchant_demo_001
txn_6a94249f421d,acct_35e4df192f,2026-11-24T22:43:24,4268.55,merchant_demo_001
txn_b7a61e88b767,acct_35e4df192f,2027-01-31T22:43:24,4323.89,merchant_demo_001
txn_9c6789b60e0b,acct_6f6b479bce,2026-06-24T10:45:42,4075.15,merchant_demo_001
txn_7ee855689a81,acct_36aae1719b,2025-11-14T09:13:04,3361.89,merchant_demo_001
txn_87d3acc5ba55,acct_36aae1719b,2025-11-14T07:29:04,1119.4,merchant_demo_001
txn_5fd8b9538dee,acct_36aae1719b,2025-11-14T08:09:04,169.51,merchant_demo_001
txn_a6746ae67502,acct_8f96e5b042,2025-05-29T10:57:01,1496.77,merchant_demo_001
txn_90f968555630,acct_8f96e5b042,2025-11-06T10:57:01,4019.38,merchant_demo_001
txn_3d085adfa40b,acct_8f96e5b042,2026-04-17T10:57:01,2310.28,merchant_demo_001
txn_a897fa0cec71,acct_31db41bad7,2025-09-07T17:38:52,4100.92,merchant_demo_001
txn_327e25a9fca2,acct_31db41bad7,2025-09-07T17:35:52,1794.27,merchant_demo_001
txn_eb04aca7c4ca,acct_b1e2896f59,2026-07-10T21:05:20,2257.73,merchant_demo_001
txn_44c0934fb3d2,acct_b1e2896f59,2026-03-15T21:05:20,1656.34,merchant_demo_001
txn_203174c3c22b,acct_3711ed7911,2026-11-12T15:21:34,3978.52,merchant_demo_001
txn_a63482969d15,acct_3711ed7911,2026-01-30T15:21:34,2814.46,merchant_demo_001
txn_40d4de49c0f4,acct_3711ed7911,2026-07-22T15:21:34,3259.02,merchant_demo_001
txn_6cf0e66362d1,acct_35a62f10aa,2027-03-15T00:16:12,1775.27,merchant_demo_001
txn_b84f3df12cc4,acct_35a62f10aa,2026-05-22T00:16:12,4231.36,merchant_demo_001
txn_9bdc739225bf,acct_35a62f10aa,2026-04-09T00:16:12,1702.13,merchant_demo_001
txn_9e41e84f67a7,acct_35a62f10aa,2027-01-04T00:16:12,2714.26,merchant_demo_001
txn_040251b758d8,acct_d8a999be83,2025-03-22T07:37:50,4151.98,merchant_demo_001
txn_46439b3d6e6a,acct_33ab623213,2026-06-25T01:08:58,497.64,merchant_demo_001
txn_b368cef43ea2,acct_2dcf76a6bc,2026-04-13T09:37:33,3127.91,merchant_demo_001
txn_6946b3ea867b,acct_2dcf76a6bc,2026-09-27T09:37:33,971.65,merchant_demo_001
txn_287118509786,acct_2dcf76a6bc,2026-05-18T09:37:33,1050.64,merchant_demo_001
txn_23d8fab6c614,acct_2dcf76a6bc,2026-11-01T09:37:33,2452.93,merchant_demo_001
txn_8e4bfb2598a9,acct_53bfca8b41,2026-09-25T14:56:42,4484.11,merchant_demo_001
txn_cc31d5034c79,acct_53bfca8b41,2027-03-06T14:56:42,838.13,merchant_demo_001
txn_8ebc781b06cb,acct_53bfca8b41,2026-05-10T14:56:42,1647.66,merchant_demo_001
txn_6227416dfa2b,acct_e7d9e3cebb,2025-05-03T21:57:35,2930.14,merchant_demo_001
txn_600b87c8d8e3,acct_104b98374c,2027-07-23T23:30:11,3229.42,merchant_demo_001
txn_2458f2a9798b,acct_104b98374c,2026-12-28T23:30:11,3796.01,merchant_demo_001
txn_5833a24a94fa,acct_104b98374c,2027-05-01T23:30:11,930.65,merchant_demo_001
txn_ede2d878311e,acct_104b98374c,2027-06-11T23:30:11,3493.4,merchant_demo_001
txn_dacc10bb00ef,acct_104b98374c,2026-11-08T23:30:11,512.15,merchant_demo_001
txn_0946687856ad,acct_fbe47a309f,2026-09-03T01:59:46,2052.95,merchant_demo_001
txn_5cd0e0a10adc,acct_fbe47a309f,2026-02-10T01:59:46,771.54,merchant_demo_001
txn_afa4ca5c9af7,acct_fbe47a309f,2026-03-22T01:59:46,2687.5,merchant_demo_001
txn_4bc7ce48f6f5,acct_fbe47a309f,2026-04-20T01:59:46,708.51,merchant_demo_001
txn_a3f95f351deb,acct_fbe47a309f,2026-04-14T01:59:46,562.95,merchant_demo_001
txn_1cde08c16f93,acct_83992b9bfc,2027-04-03T12:35:50,2872.03,merchant_demo_001
txn_f14ce7b30787,acct_83992b9bfc,2026-07-05T12:35:50,1652.99,merchant_demo_001
txn_2fd6e7971360,acct_83992b9bfc,2026-09-16T12:35:50,2240.55,merchant_demo_001
txn_e6396e947c27,acct_5a8ce8888e,2026-01-26T21:26:17,2762.54,merchant_demo_001
txn_1ae59102e239,acct_5b1720df38,2025-07-15T08:26:04,2497.74,merchant_demo_001
txn_106dabbc132b,acct_5b1720df38,2026-06-22T08:26:04,4917.15,merchant_demo_001
txn_423e159983c6,acct_5b1720df38,2025-11-04T08:26:04,4381.92,merchant_demo_001
txn_bb1d06bfada4,acct_11ecfe7555,2026-10-10T01:18:16,4067.05,merchant_demo_001
txn_6332e2bd7b61,acct_11ecfe7555,2026-01-26T01:18:16,111.47,merchant_demo_001
txn_1b97adc5ba30,acct_11ecfe7555,2026-03-17T01:18:16,4824.72,merchant_demo_001
txn_9b8c5abedf48,acct_11ecfe7555,2026-09-22T01:18:16,2442.2,merchant_demo_001
txn_e75d7206db07,acct_f4592361fa,2027-01-24T18:18:47,2803.8,merchant_demo_001
txn_f41af1bdf39d,acct_f4592361fa,2027-04-12T18:18:47,1001.58,merchant_demo_001
txn_3a0318703ac1,acct_f4592361fa,2026-09-29T18:18:47,4247.13,merchant_demo_001
txn_c45b15a8bfae,acct_f4592361fa,2027-04-19T18:18:47,2028.1,merchant_demo_001
txn_aae977fe0056,acct_d129602d6c,2025-12-25T23:56:17,3746.62,merchant_demo_001
txn_242beda82437,acct_d129602d6c,2026-06-06T23:56:17,3994.15,merchant_demo_001
txn_017810866126,acct_d129602d6c,2025-12-13T23:56:17,4026.96,merchant_demo_001
txn_86ed027d606e,acct_d129602d6c,2025-10-22T23:56:17,2185.01,merchant_demo_001
txn_218100bf9c36,acct_d129602d6c,2025-12-13T23:56:17,4505.26,merchant_demo_001
txn_f5b9d9ca9cce,acct_abc1da9cd1,2026-01-30T20:25:39,2724.83,merchant_demo_001
txn_82d7482673bb,acct_abc1da9cd1,2025-09-28T20:25:39,4792.55,merchant_demo_001
txn_ea33f3b04903,acct_9adf43d029,2025-10-10T17:41:57,4306.73,merchant_demo_001
txn_39374822a8b4,acct_9adf43d029,2026-04-23T17:41:57,1272.13,merchant_demo_001
txn_84d5e254565a,acct_07f361e045,2026-08-10T11:38:18,687.39,merchant_demo_001
txn_9c74658727e4,acct_07f361e045,2026-07-04T11:38:18,3556.35,merchant_demo_001
txn_ee5adacd0cf3,acct_07f361e045,2026-07-19T11:38:18,1601.75,merchant_demo_001
txn_b152bb587e65,acct_07f361e045,2026-08-23T11:38:18,1177.73,merchant_demo_001
txn_97dfb0b7d95f,acct_07f361e045,2026-04-14T11:38:18,3601.94,merchant_demo_001
txn_1df13ddff5d8,acct_ed05e86a5f,2025-07-22T13:36:38,2353.17,merchant_demo_001
txn_8c19df19738a,acct_ed05e86a5f,2026-01-18T13:36:38,4191.24,merchant_demo_001
txn_67e9c311136e,acct_ed05e86a5f,2025-11-20T13:36:38,3113.09,merchant_demo_001
txn_c85061e62a0e,acct_ed05e86a5f,2025-12-09T13:36:38,2975.76,merchant_demo_001
txn_57e73ddb07af,acct_ed05e86a5f,2025-05-02T13:36:38,4768.16,merchant_demo_001
txn_65bed87f4dc2,acct_c5c0b09c2b,2025-12-15T12:51:20,2821.8,merchant_demo_001
txn_d3d8c015f890,acct_c5c0b09c2b,2026-09-16T12:51:20,3268.87,merchant_demo_001
txn_e1693a11ea83,acct_238a843cc6,2026-03-16T17:32:30,4344.51,merchant_demo_001
txn_c94a7be873f1,acct_238a843cc6,2025-09-28T17:32:30,365.7,merchant_demo_001
txn_dc7b8eaa26b5,acct_238a843cc6,2026-01-12T17:32:30,373.79,merchant_demo_001
txn_e51e84c02b8d,acct_33a251e67d,2025-08-10T07:43:25,2870.28,merchant_demo_001
txn_d1d805ae1982,acct_33a251e67d,2025-08-10T06:40:25,3582.38,merchant_demo_001
txn_b1a336de7e7d,acct_33a251e67d,2025-08-10T08:38:25,2182.61,merchant_demo_001
txn_44ee6efc0765,acct_f52c3fece1,2026-03-15T00:38:22,1115.26,merchant_demo_001
txn_f87ee874e31d,acct_f52c3fece1,2026-04-13T00:38:22,1583.64,merchant_demo_001
txn_b92db88f2bb5,acct_f8ec181d49,2026-05-08T06:02:45,1201.19,merchant_demo_001
txn_9769e260f5a0,acct_f8ec181d49,2026-08-07T06:02:45,4734.03,merchant_demo_001
txn_f7905f08a791,acct_f8ec181d49,2026-02-01T06:02:45,3843.19,merchant_demo_001
txn_385c91045e4d,acct_a799019164,2026-09-19T13:12:29,4320.53,merchant_demo_001
txn_363a9881cd11,acct_a799019164,2027-02-17T13:12:29,312.21,merchant_demo_001
txn_f9c915077ce1,acct_a799019164,2027-05-02T13:12:29,1823.83,merchant_demo_001
txn_ea24d04b2230,acct_a799019164,2026-06-11T13:12:29,3884.37,merchant_demo_001
txn_a1ed1b84c1f7,acct_a799019164,2026-05-17T13:12:29,3088.56,merchant_demo_001
txn_094bcf1dbadf,acct_3d2a89d4dc,2025-12-02T20:57:07,3665.38,merchant_demo_001
txn_9992bc3ec613,acct_3d2a89d4dc,2025-12-02T20:01:07,1281.56,merchant_demo_001
txn_9aa25b8b5e03,acct_3d2a89d4dc,2025-12-02T21:45:07,3879.98,merchant_demo_001
txn_efa00f6d7440,acct_ed677847d2,2025-08-10T10:29:01,195.96,merchant_demo_001
txn_afd4a960c527,acct_ed677847d2,2026-01-18T10:29:01,3656.9,merchant_demo_001
txn_9dd08d19d8b4,acct_f1b51d1331,2026-01-05T10:22:47,516.1,merchant_demo_001
txn_79fd251f37fa,acct_f1b51d1331,2026-06-15T10:22:47,2891.31,merchant_demo_001
txn_6e3aa54e7df7,acct_f1b51d1331,2026-11-06T10:22:47,1967.88,merchant_demo_001
txn_76ceba6644f8,acct_b92b898582,2026-04-07T18:08:38,3497.25,merchant_demo_001
txn_946f10f13c33,acct_b92b898582,2025-12-03T18:08:38,4243.96,merchant_demo_001
txn_029d36483f96,acct_b92b898582,2025-12-26T18:08:38,524.52,merchant_demo_001
txn_841a5fdf2b23,acct_b92b898582,2026-03-24T18:08:38,928.18,merchant_demo_001
txn_c21377077c00,acct_281f4e7938,2025-12-01T23:55:05,2523.43,merchant_demo_001
txn_ff59b1b2ce74,acct_281f4e7938,2025-10-27T23:55:05,1339.5,merchant_demo_001
txn_09521f952463,acct_281f4e7938,2025-11-04T23:55:05,1171.87,merchant_demo_001
txn_615192718aab,acct_281f4e7938,2026-06-21T23:55:05,3183.39,merchant_demo_001
txn_9dccbb17cdb8,acct_8a861050f6,2027-03-13T12:42:17,3771.49,merchant_demo_001
txn_9d9a1e729805,acct_8a861050f6,2027-04-19T12:42:17,1325.95,merchant_demo_001
txn_0df711a0b2ef,acct_8a861050f6,2027-05-31T12:42:17,351.46,merchant_demo_001
txn_d1269adae239,acct_881e4838f4,2025-04-16T11:16:00,3429.41,merchant_demo_001
txn_3e191c2b4a96,acct_881e4838f4,2025-05-04T11:16:00,884.14,merchant_demo_001
txn_f4edb66e578f,acct_881e4838f4,2025-12-12T11:16:00,112.26,merchant_demo_001
txn_86c4b9e6f3d1,acct_881e4838f4,2025-08-31T11:16:00,1954.53,merchant_demo_001
txn_b2189cf863c2,acct_881e4838f4,2025-03-31T11:16:00,4010.19,merchant_demo_001
txn_47a579720118,acct_5a57eb7928,2025-12-25T22:27:23,1905.44,merchant_demo_001
txn_332ac60ae362,acct_5a57eb7928,2025-04-16T22:27:23,4780.77,merchant_demo_001
txn_470a0451f614,acct_5a57eb7928,2025-06-16T22:27:23,3200.58,merchant_demo_001
txn_1af96a3567a8,acct_5a57eb7928,2025-11-22T22:27:23,949.84,merchant_demo_001
txn_e31e34672fa1,acct_5a57eb7928,2025-07-01T22:27:23,4880.08,merchant_demo_001
txn_93f336110681,acct_5a46a64f87,2027-05-25T08:19:07,4567.44,merchant_demo_001
txn_cf6951ae29f5,acct_8ea6b2860b,2026-07-15T16:19:25,2891.23,merchant_demo_001
txn_0cf688b8fb71,acct_8ea6b2860b,2026-08-18T16:19:25,3546.52,merchant_demo_001
txn_077465183848,acct_8ea6b2860b,2027-02-04T16:19:25,928.59,merchant_demo_001
txn_c43c9dc28deb,acct_8ea6b2860b,2026-03-22T16:19:25,4081.09,merchant_demo_001
txn_3397c7ff82de,acct_8ea6b2860b,2026-08-20T16:19:25,200.19,merchant_demo_001
txn_100ca1e6f665,acct_f605de3231,2026-11-29T15:14:39,4446.76,merchant_demo_001
txn_fbe70f4fcdbd,acct_d81a820d22,2026-04-05T21:58:05,4678.41,merchant_demo_001
txn_1aaf4f793a6a,acct_bf5d37e514,2026-07-17T23:02:28,3431.01,merchant_demo_001
txn_240325316d65,acct_448a2bbf75,2026-11-24T04:41:23,878.56,merchant_demo_001
txn_a8444a7fc80b,acct_448a2bbf75,2026-04-24T04:41:23,2513.37,merchant_demo_001
txn_6933942cff70,acct_448a2bbf75,2027-01-06T04:41:23,818.5,merchant_demo_001
txn_9f70bca332c1,acct_448a2bbf75,2027-01-11T04:41:23,4604.0,merchant_demo_001
txn_1fd40d2c116a,acct_448a2bbf75,2026-10-22T04:41:23,4646.6,merchant_demo_001
txn_a4bcd06ea7ae,acct_29666b347f,2026-04-12T12:21:27,3931.11,merchant_demo_001
txn_06f2b89b7d6a,acct_29666b347f,2025-11-23T12:21:27,3360.09,merchant_demo_001
txn_15ca02857c68,acct_29666b347f,2025-10-28T12:21:27,1724.8,merchant_demo_001
txn_ee71e530a96f,acct_29666b347f,2026-03-31T12:21:27,749.84,merchant_demo_001
txn_532298430b69,acct_29666b347f,2026-06-03T12:21:27,982.28,merchant_demo_001
txn_92af46bb5fd6,acct_235486e126,2026-03-06T12:26:19,1823.69,merchant_demo_001
txn_d121241cbad5,acct_235486e126,2026-10-16T12:26:19,4063.99,merchant_demo_001
txn_bae967f9f9bb,acct_235486e126,2027-01-16T12:26:19,3552.81,merchant_demo_001
txn_2b811137809f,acct_235486e126,2026-12-12T12:26:19,538.96,merchant_demo_001
txn_30aa6306d80f,acct_8bf1e8d2a8,2025-09-02T07:38:05,3334.39,merchant_demo_001
txn_8c6057f9af50,acct_8bf1e8d2a8,2025-12-29T07:38:05,4563.74,merchant_demo_001
txn_94697b0b35c6,acct_8bf1e8d2a8,2026-05-02T07:38:05,2896.68,merchant_demo_001
txn_0a6ddfda83a9,acct_8bf1e8d2a8,2026-04-16T07:38:05,2632.28,merchant_demo_001
txn_3c0cd65eae77,acct_8bf1e8d2a8,2026-08-09T07:38:05,2754.59,merchant_demo_001
txn_300676ae9f95,acct_6b76419f72,2026-12-17T13:00:03,1635.57,merchant_demo_001
txn_9c129d858585,acct_6b76419f72,2027-03-12T13:00:03,3829.44,merchant_demo_001
txn_9997cf407af6,acct_b21e005e87,2025-11-21T01:53:21,2160.28,merchant_demo_001
txn_b865f092b183,acct_b21e005e87,2025-08-15T01:53:21,1916.48,merchant_demo_001
txn_8c8bd358edd6,acct_b21e005e87,2025-09-13T01:53:21,167.98,merchant_demo_001
txn_95b9c436c18e,acct_f2102308bb,2026-01-02T01:39:54,2828.2,merchant_demo_001
txn_ed3be75eb8ed,acct_289afe6676,2026-08-22T23:55:31,1564.19,merchant_demo_001
txn_a3861732769e,acct_289afe6676,2027-03-05T23:55:31,1471.61,merchant_demo_001
txn_62f0b23d628b,acct_289afe6676,2027-01-20T23:55:31,3509.56,merchant_demo_001
txn_454fe413d217,acct_289afe6676,2026-11-01T23:55:31,4164.72,merchant_demo_001
txn_04ba323ae1da,acct_289afe6676,2026-05-11T23:55:31,4736.56,merchant_demo_001
txn_dc42aeeb031e,acct_d6ea8c7e00,2027-04-02T07:46:28,3751.86,merchant_demo_001
txn_3c2d22a17bbc,acct_d6ea8c7e00,2027-03-25T07:46:28,2736.8,merchant_demo_001
txn_94f826c870d3,acct_d6ea8c7e00,2027-04-30T07:46:28,1602.59,merchant_demo_001
txn_145431af20b8,acct_4ba9b30da6,2026-07-20T16:31:22,188.42,merchant_demo_001
txn_054e613e46b7,acct_d37e5571c4,2025-10-23T00:59:26,981.78,merchant_demo_001
txn_dbebb6300aae,acct_d37e5571c4,2026-01-09T00:59:26,309.55,merchant_demo_001
txn_8a5efe0528ce,acct_d37e5571c4,2026-03-25T00:59:26,4374.84,merchant_demo_001
txn_a8e32b143e44,acct_01866239e5,2025-10-08T14:46:37,4253.64,merchant_demo_001
txn_88e2403a85dc,acct_01866239e5,2025-09-30T14:46:37,1885.58,merchant_demo_001
txn_eb2c016fa1d6,acct_01866239e5,2026-01-05T14:46:37,271.37,merchant_demo_001
txn_8b3baa8c86db,acct_01866239e5,2025-05-02T14:46:37,538.32,merchant_demo_001
txn_0a6fdafcf025,acct_01866239e5,2025-04-18T14:46:37,4467.16,merchant_demo_001
txn_1b934a51ecdd,acct_a3a80df68c,2025-11-24T04:52:18,3584.47,merchant_demo_001
txn_78c4a0e43593,acct_a3a80df68c,2026-06-28T04:52:18,1073.35,merchant_demo_001
txn_6de793c2fdc7,acct_a3a80df68c,2026-09-10T04:52:18,3084.43,merchant_demo_001
txn_3790edd88e70,acct_dab3d06e14,2025-09-16T16:16:53,1069.85,merchant_demo_001
txn_37c15a3d4d83,acct_c98118d185,2026-09-13T22:11:25,73.46,merchant_demo_001
txn_64bad24839f0,acct_78da993d9f,2026-07-04T09:00:34,4077.51,merchant_demo_001
txn_60878334111e,acct_78da993d9f,2026-01-17T09:00:34,4922.79,merchant_demo_001
txn_eafa70113a47,acct_0f84f789da,2026-02-13T04:46:19,1890.33,merchant_demo_001
txn_97d45c918ad2,acct_0f84f789da,2026-05-13T04:46:19,271.55,merchant_demo_001
txn_ac102e62bee3,acct_0f84f789da,2025-12-31T04:46:19,3013.82,merchant_demo_001
txn_d111b13dc16d,acct_0f84f789da,2026-09-03T04:46:19,3359.24,merchant_demo_001
txn_a81c18fd0d48,acct_eaee48f07b,2026-05-11T11:57:10,2874.17,merchant_demo_001
txn_6e847b676119,acct_eaee48f07b,2026-04-13T11:57:10,1583.21,merchant_demo_001
txn_e87a840c4993,acct_eaee48f07b,2026-04-27T11:57:10,3696.34,merchant_demo_001
txn_b74667dee1fb,acct_eaee48f07b,2025-10-14T11:57:10,2075.56,merchant_demo_001
txn_11d0c54470b2,acct_c759d42c12,2026-12-24T09:18:49,4126.6,merchant_demo_001
txn_616dae14fb62,acct_6228d227fd,2026-06-25T17:35:19,4221.04,merchant_demo_001
txn_c771be001674,acct_6228d227fd,2026-05-11T17:35:19,4092.79,merchant_demo_001
txn_50bfeb8ce9ab,acct_6228d227fd,2026-10-10T17:35:19,1304.46,merchant_demo_001
txn_43d79b8871df,acct_6228d227fd,2026-02-08T17:35:19,3151.36,merchant_demo_001
txn_9c66780ab14e,acct_5e38870672,2025-09-07T07:14:40,3495.21,merchant_demo_001
txn_bc86ce46ce2b,acct_5e38870672,2025-09-07T08:58:40,688.0,merchant_demo_001
txn_8e69d06d4444,acct_7d83e4e784,2025-12-20T12:00:49,3206.11,merchant_demo_001
txn_4531634340e2,acct_7d83e4e784,2026-01-12T12:00:49,836.67,merchant_demo_001
txn_3d7b373e645d,acct_fff3dbb360,2026-08-31T19:45:28,957.62,merchant_demo_001
txn_95b76bfe1c48,acct_fff3dbb360,2027-01-11T19:45:28,878.47,merchant_demo_001
txn_41fe68030a3d,acct_fff3dbb360,2027-08-10T19:45:28,1319.67,merchant_demo_001
txn_b276509d7538,acct_fff3dbb360,2027-07-11T19:45:28,3589.37,merchant_demo_001
txn_39454bd7d066,acct_b3a6a9bd41,2025-09-17T18:44:19,2704.49,merchant_demo_001
txn_11c424522e19,acct_b3a6a9bd41,2025-09-17T18:44:19,4284.77,merchant_demo_001
txn_8d4131e8d0e2,acct_b3a6a9bd41,2025-09-05T18:44:19,587.04,merchant_demo_001
txn_0980f85dbaf3,acct_b3a6a9bd41,2025-06-25T18:44:19,2004.79,merchant_demo_001
txn_b6a668b34e17,acct_c1b4c543a5,2025-11-23T23:01:59,2796.01,merchant_demo_001
txn_f4b69f4b2b85,acct_c1b4c543a5,2026-06-21T23:01:59,1043.9,merchant_demo_001
txn_b924f234aba7,acct_551f6865a5,2026-02-17T18:17:48,2371.34,merchant_demo_001
txn_2115dc827dc9,acct_551f6865a5,2026-03-26T18:17:48,601.46,merchant_demo_001
txn_874c2958f0f0,acct_551f6865a5,2026-02-18T18:17:48,4173.82,merchant_demo_001
txn_42ed624a237d,acct_551f6865a5,2026-05-04T18:17:48,463.86,merchant_demo_001
txn_52c521e7eb95,acct_551f6865a5,2027-01-20T18:17:48,4041.73,merchant_demo_001
txn_b89f14a65f74,acct_26650cd9af,2026-02-22T06:10:07,3095.84,merchant_demo_001
txn_9ef7b6cba646,acct_26650cd9af,2026-02-23T06:10:07,3704.81,merchant_demo_001
txn_1743f66da48f,acct_f01a578909,2026-09-20T17:32:20,3857.18,merchant_demo_001
txn_db7e7dc92ad4,acct_f01a578909,2026-10-24T17:32:20,4671.4,merchant_demo_001
txn_8820a649a58e,acct_f01a578909,2026-12-16T17:32:20,4873.81,merchant_demo_001
txn_dff3e1e95c49,acct_f01a578909,2026-12-17T17:32:20,1091.64,merchant_demo_001
txn_a36ea6bbbeb7,acct_e63e9f24d3,2025-11-14T06:03:59,2865.57,merchant_demo_001
txn_61d320a45c50,acct_e63e9f24d3,2026-01-09T06:03:59,1739.67,merchant_demo_001
txn_ac1320e890cc,acct_e63e9f24d3,2026-02-28T06:03:59,4613.11,merchant_demo_001
txn_c203fa6a9651,acct_a80ff08be1,2025-10-28T03:59:24,1043.21,merchant_demo_001
txn_d87c9b224397,acct_a80ff08be1,2026-01-29T03:59:24,329.32,merchant_demo_001
txn_6ef7ae57ad5d,acct_a80ff08be1,2025-09-16T03:59:24,807.83,merchant_demo_001
txn_dedbe9fcb5f4,acct_6c969c3abf,2025-12-22T08:15:37,365.06,merchant_demo_001
txn_435821219afb,acct_6c969c3abf,2025-07-11T08:15:37,3154.71,merchant_demo_001
txn_7340742dfd7d,acct_6c969c3abf,2025-09-26T08:15:37,3307.16,merchant_demo_001
txn_9229717db43a,acct_60e35891ec,2025-12-13T03:29:48,4363.12,merchant_demo_001
txn_4a65016e4eab,acct_60e35891ec,2026-01-05T03:29:48,4224.94,merchant_demo_001
txn_82f84565da63,acct_60e35891ec,2026-10-05T03:29:48,2666.36,merchant_demo_001
txn_f2aaeb83f70b,acct_60e35891ec,2026-09-12T03:29:48,847.44,merchant_demo_001
txn_8bc2c557f8e0,acct_aeae805fa0,2026-12-30T10:56:29,330.73,merchant_demo_001
txn_3b3433c23394,acct_aeae805fa0,2027-07-06T10:56:29,372.4,merchant_demo_001
txn_43d9eeddbfb6,acct_aeae805fa0,2027-04-12T10:56:29,2694.66,merchant_demo_001
txn_fb500979301b,acct_aeae805fa0,2027-06-02T10:56:29,3616.39,merchant_demo_001
txn_198f40958675,acct_aeae805fa0,2027-07-26T10:56:29,4667.36,merchant_demo_001
txn_b2e46a7e11d6,acct_f7b2d067cc,2025-06-17T10:25:34,760.26,merchant_demo_001
txn_f0f3d411c0dd,acct_f7b2d067cc,2025-07-21T10:25:34,3437.37,merchant_demo_001
txn_98c8e575ef13,acct_f7b2d067cc,2025-06-01T10:25:34,1937.01,merchant_demo_001
txn_273cf80a30e1,acct_733c3dccdb,2026-03-30T02:26:02,4077.85,merchant_demo_001
txn_b166971e4f3f,acct_733c3dccdb,2027-03-29T02:26:02,2856.43,merchant_demo_001
txn_aed48d555471,acct_733c3dccdb,2026-06-23T02:26:02,3822.77,merchant_demo_001
txn_636e497d3d49,acct_733c3dccdb,2026-03-19T02:26:02,2840.01,merchant_demo_001
txn_d816fc252aa0,acct_733c3dccdb,2026-04-07T02:26:02,147.98,merchant_demo_001
txn_e8395e725ff2,acct_f919987e80,2026-08-30T07:07:47,3241.71,merchant_demo_001
txn_33ff49b50624,acct_f919987e80,2026-04-04T07:07:47,3443.77,merchant_demo_001
txn_5a861467571d,acct_f919987e80,2026-05-28T07:07:47,2275.87,merchant_demo_001
txn_fc525b9b4a95,acct_f919987e80,2026-11-29T07:07:47,1226.46,merchant_demo_001
txn_77e1dd8eba07,acct_ab9f669bb6,2026-05-17T02:52:16,1287.71,merchant_demo_001
txn_1818d6170d28,acct_ab9f669bb6,2026-05-29T02:52:16,2302.17,merchant_demo_001
txn_e47791b01922,acct_ab9f669bb6,2025-09-24T02:52:16,2298.4,merchant_demo_001
txn_3bfe97c01d06,acct_ab9f669bb6,2026-01-08T02:52:16,1158.01,merchant_demo_001
txn_09802b7cd01c,acct_5e4e94f412,2026-05-03T01:07:46,3668.34,merchant_demo_001
txn_86bc91157f3f,acct_5e4e94f412,2025-12-26T01:07:46,4995.75,merchant_demo_001
txn_b617ad932e51,acct_5e4e94f412,2025-09-01T01:07:46,1871.99,merchant_demo_001
txn_f06736e4a74e,acct_79c133e7f9,2026-01-12T00:18:25,4036.98,merchant_demo_001
txn_59e46a3a4598,acct_dc14477187,2026-08-20T12:39:51,2326.66,merchant_demo_001
txn_b18b46177a96,acct_dc14477187,2027-07-28T12:39:51,4405.03,merchant_demo_001
txn_075f5a3fe270,acct_7d4e2c3fac,2025-10-21T06:34:35,668.87,merchant_demo_001
txn_b9bd65bf2900,acct_7d4e2c3fac,2026-02-13T06:34:35,1797.06,merchant_demo_001
txn_98e8f133518c,acct_6902bbfd45,2026-04-11T13:45:34,4423.93,merchant_demo_001
txn_292cf74fad8a,acct_6902bbfd45,2026-05-01T13:45:34,3680.57,merchant_demo_001
txn_f1f3aae0c843,acct_6902bbfd45,2026-04-23T13:45:34,4764.25,merchant_demo_001
txn_9ba85dc06924,acct_6902bbfd45,2026-05-03T13:45:34,1849.62,merchant_demo_001
txn_2c66165f17dc,acct_c10b88179f,2026-01-27T04:41:09,2024.47,merchant_demo_001
txn_abf102b8aa16,acct_c10b88179f,2026-02-26T04:41:09,2673.19,merchant_demo_001
txn_ee7a1668a27d,acct_c10b88179f,2025-06-26T04:41:09,1123.95,merchant_demo_001
txn_6aa0fbb81562,acct_86476158d7,2027-02-18T17:48:48,1013.28,merchant_demo_001
txn_981383e19cce,acct_86476158d7,2027-05-11T17:48:48,3313.66,merchant_demo_001
txn_1602f08518f5,acct_2bae6d7c59,2026-06-13T05:19:51,4506.75,merchant_demo_001
txn_694d67276d93,acct_2bae6d7c59,2026-09-15T05:19:51,4319.07,merchant_demo_001
txn_5299c6657829,acct_2bae6d7c59,2026-07-06T05:19:51,1905.34,merchant_demo_001
txn_ed4182cc3ccb,acct_2bae6d7c59,2026-05-15T05:19:51,1106.89,merchant_demo_001
txn_dc13ed29fd4e,acct_2bae6d7c59,2026-02-19T05:19:51,2377.65,merchant_demo_001
txn_39442c4e78b9,acct_3819b35156,2027-03-12T21:20:19,2288.98,merchant_demo_001
txn_4f972580b81c,acct_3819b35156,2027-05-14T21:20:19,4357.05,merchant_demo_001
txn_6d3d2cd9ec17,acct_3819b35156,2026-11-10T21:20:19,301.88,merchant_demo_001
txn_bcec35fa7c85,acct_3819b35156,2026-08-02T21:20:19,1721.53,merchant_demo_001
txn_73b03ba09076,acct_3819b35156,2026-07-02T21:20:19,3315.27,merchant_demo_001
txn_99c694739d02,acct_b9d4c3ec04,2027-02-18T23:15:17,942.56,merchant_demo_001
txn_7e22fb0b193f,acct_b9d4c3ec04,2027-02-23T23:15:17,167.99,merchant_demo_001
txn_6d7c6c797138,acct_b9d4c3ec04,2026-10-25T23:15:17,1960.55,merchant_demo_001
txn_fc2bcad260c4,acct_b9d4c3ec04,2027-06-18T23:15:17,903.09,merchant_demo_001
txn_15adf2cce2e4,acct_b9d4c3ec04,2027-07-28T23:15:17,3419.12,merchant_demo_001
txn_ff85e20b48da,acct_294503168f,2027-05-02T19:44:54,2039.29,merchant_demo_001
txn_94509349355f,acct_294503168f,2027-07-13T19:44:54,4014.14,merchant_demo_001
txn_23b1637b6f4d,acct_54c8e2fbf2,2025-11-29T08:05:06,1616.63,merchant_demo_001
txn_d029898d2318,acct_54c8e2fbf2,2025-09-05T08:05:06,4346.75,merchant_demo_001
txn_a1b57d1bd58e,acct_49ff5e557b,2027-02-21T21:28:30,4659.7,merchant_demo_001
txn_e2f9077aa5c3,acct_49ff5e557b,2026-07-07T21:28:30,3071.27,merchant_demo_001
txn_e142ce6b787a,acct_b9248cecec,2025-10-01T01:52:44,3689.82,merchant_demo_001
txn_cac3edaca510,acct_b9248cecec,2025-01-21T01:52:44,3397.14,merchant_demo_001
txn_86a4e0ab326c,acct_b9248cecec,2025-02-05T01:52:44,474.46,merchant_demo_001
txn_8137385e7cd6,acct_b9248cecec,2025-01-07T01:52:44,4604.85,merchant_demo_001
txn_04833e2f068f,acct_b9248cecec,2025-01-30T01:52:44,1690.97,merchant_demo_001
txn_3073ff909e4b,acct_ba6f6e19f4,2026-07-04T23:50:59,4661.24,merchant_demo_001
txn_17d7f16d6f74,acct_55fe27f46e,2026-06-24T05:56:15,3730.74,merchant_demo_001
txn_7968a808941a,acct_55fe27f46e,2026-06-30T05:56:15,1572.43,merchant_demo_001
txn_06ab3a91ff43,acct_55fe27f46e,2026-04-15T05:56:15,1846.55,merchant_demo_001
txn_bd8f957ef0ed,acct_87772af93b,2026-02-28T20:58:59,4527.35,merchant_demo_001
txn_6fad1ae26857,acct_87772af93b,2025-12-20T20:58:59,2401.68,merchant_demo_001
txn_29a982923b8a,acct_87772af93b,2026-05-01T20:58:59,917.33,merchant_demo_001
txn_508926030e2b,acct_97d4d9bd86,2025-06-02T18:55:52,4021.56,merchant_demo_001
txn_413bfcfaf6b1,acct_97d4d9bd86,2025-07-02T18:55:52,4509.04,merchant_demo_001
txn_9d9c47e1ffca,acct_97d4d9bd86,2025-06-28T18:55:52,858.12,merchant_demo_001
txn_4a275a1e46e4,acct_c75581f367,2026-01-16T09:10:31,4555.65,merchant_demo_001
txn_7691ef717368,acct_6fb94ed89f,2026-08-31T21:54:27,2830.24,merchant_demo_001
txn_04937f913ec2,acct_6fb94ed89f,2027-04-28T21:54:27,2374.36,merchant_demo_001
txn_49818eb31c2d,acct_6fb94ed89f,2026-11-01T21:54:27,3465.32,merchant_demo_001
txn_06ac343971a1,acct_6fb94ed89f,2026-10-16T21:54:27,4881.82,merchant_demo_001
txn_319b768f7a76,acct_9a7d6e76ff,2026-06-08T14:37:05,530.49,merchant_demo_001
txn_82bdb3d7b56a,acct_9a7d6e76ff,2025-11-13T14:37:05,721.21,merchant_demo_001
txn_2a3fcc035796,acct_cd412fa37f,2025-03-31T04:07:16,1927.88,merchant_demo_001
txn_518c47f12cb4,acct_cd412fa37f,2025-03-11T04:07:16,3847.33,merchant_demo_001
txn_dcc8798a8241,acct_b304141b74,2027-07-02T12:47:56,4939.48,merchant_demo_001
txn_3bb0f30df210,acct_b304141b74,2027-01-16T12:47:56,4658.16,merchant_demo_001
txn_91603c5fc33f,acct_b304141b74,2027-05-10T12:47:56,2880.96,merchant_demo_001
txn_ba3fcdea8312,acct_b304141b74,2027-03-01T12:47:56,4475.24,merchant_demo_001
txn_12f0845d713e,acct_b304141b74,2027-03-23T12:47:56,4735.69,merchant_demo_001
txn_add4fc131264,acct_04c5a63469,2026-05-25T21:41:45,4433.74,merchant_demo_001
txn_74c0776c6efa,acct_04c5a63469,2026-01-12T21:41:45,4438.13,merchant_demo_001
txn_11a19ab2531e,acct_04c5a63469,2026-01-04T21:41:45,927.32,merchant_demo_001
txn_b63c7e469fe5,acct_04c5a63469,2026-10-15T21:41:45,1535.52,merchant_demo_001
txn_83ab89a95d86,acct_04c5a63469,2026-06-19T21:41:45,4587.98,merchant_demo_001
txn_600a0fdb2280,acct_e3457532d7,2025-08-20T09:20:18,1025.8,merchant_demo_001
txn_91e8af307fdd,acct_b8de9e3ca8,2026-08-21T16:52:00,3571.47,merchant_demo_001
txn_2969b819cdb7,acct_b8de9e3ca8,2026-05-06T16:52:00,1805.82,merchant_demo_001
txn_737cd632618d,acct_b8de9e3ca8,2026-12-03T16:52:00,128.98,merchant_demo_001
txn_7bc7a073af9c,acct_ad74143341,2025-12-31T00:32:07,4958.92,merchant_demo_001
txn_2d028a6038e2,acct_ad74143341,2025-12-04T00:32:07,4263.7,merchant_demo_001
txn_45947bf24372,acct_ad74143341,2025-09-07T00:32:07,2591.44,merchant_demo_001
txn_5a10be0b4718,acct_ad74143341,2026-02-22T00:32:07,4526.19,merchant_demo_001
txn_14430371587d,acct_ad74143341,2025-06-13T00:32:07,2473.56,merchant_demo_001
txn_8633ee6ede0d,acct_b27f02bb45,2025-08-31T15:35:57,3264.56,merchant_demo_001
txn_97b5821945ca,acct_b27f02bb45,2026-07-29T15:35:57,1567.85,merchant_demo_001
txn_4b66edb4cf2a,acct_1363c911f2,2026-04-18T21:04:05,1720.71,merchant_demo_001
txn_aad1d2154d96,acct_1363c911f2,2026-01-26T21:04:05,3762.49,merchant_demo_001
txn_7e6b0eba1e47,acct_1363c911f2,2026-10-02T21:04:05,3300.63,merchant_demo_001
txn_cda087b079a7,acct_1363c911f2,2026-08-12T21:04:05,447.21,merchant_demo_001
txn_974ac0b26bbc,acct_a00b10513a,2026-07-17T17:28:33,696.72,merchant_demo_001
txn_fde061e147af,acct_a00b10513a,2027-05-16T17:28:33,102.86,merchant_demo_001
txn_112484d7b532,acct_a00b10513a,2027-04-20T17:28:33,145.1,merchant_demo_001
txn_b209cb845505,acct_a00b10513a,2027-01-11T17:28:33,1038.23,merchant_demo_001
txn_f2aec98b71f3,acct_a00b10513a,2027-02-26T17:28:33,1931.08,merchant_demo_001
txn_e06d2258e6cd,acct_ec7339dc49,2026-10-25T06:26:08,3375.92,merchant_demo_001
txn_d28e19721b7a,acct_7ab4f40c1c,2025-12-07T02:14:19,1865.63,merchant_demo_001
txn_c67792a40dd1,acct_7ab4f40c1c,2026-03-08T02:14:19,4275.45,merchant_demo_001
txn_6eb5e3808402,acct_7ab4f40c1c,2026-01-22T02:14:19,2065.62,merchant_demo_001
txn_b4f1f43ba36b,acct_7ab4f40c1c,2025-12-11T02:14:19,705.08,merchant_demo_001
txn_318dc6b29d51,acct_7ce09e2b6e,2026-02-19T06:12:13,1344.86,merchant_demo_001
txn_95f235804c28,acct_7ce09e2b6e,2025-05-25T06:12:13,2469.71,merchant_demo_001
txn_287c1597e837,acct_7ce09e2b6e,2025-07-02T06:12:13,462.37,merchant_demo_001
txn_cf2f2a9b9e66,acct_4078f35ed7,2026-06-27T08:27:02,469.74,merchant_demo_001
txn_dac00d1b37ba,acct_4078f35ed7,2026-06-25T08:27:02,4571.04,merchant_demo_001
txn_ab9304c1c43c,acct_4078f35ed7,2026-04-05T08:27:02,4484.3,merchant_demo_001
txn_bc3deb4829fa,acct_4078f35ed7,2025-07-30T08:27:02,4063.24,merchant_demo_001
txn_ea225b260bb5,acct_614a81bedf,2026-04-09T09:21:50,418.35,merchant_demo_001
txn_6787d7a6864b,acct_bd8801eb6a,2025-06-27T08:01:42,812.33,merchant_demo_001
txn_3e3deb95fc90,acct_bd8801eb6a,2025-09-23T08:01:42,3905.44,merchant_demo_001
txn_97dfb0986a92,acct_bd8801eb6a,2025-07-02T08:01:42,97.74,merchant_demo_001
txn_80bc5707e4a5,acct_b921315a37,2026-10-18T14:09:54,4044.58,merchant_demo_001
txn_0d1e50654bc2,acct_3af1b4445c,2025-04-17T03:14:55,823.41,merchant_demo_001
txn_60d091344836,acct_3af1b4445c,2026-01-26T03:14:55,4829.94,merchant_demo_001
txn_1447041eab9e,acct_3af1b4445c,2025-11-02T03:14:55,3173.46,merchant_demo_001
txn_8c45e4914125,acct_3af1b4445c,2025-08-28T03:14:55,3941.35,merchant_demo_001
txn_de1e7631772d,acct_3af1b4445c,2025-05-05T03:14:55,3082.2,merchant_demo_001
txn_cbd485b289d4,acct_b354f3384c,2027-05-21T19:40:41,736.64,merchant_demo_001
txn_1f0deeedc017,acct_4d105ac387,2025-05-07T06:27:57,503.93,merchant_demo_001
txn_6409ece8ca3d,acct_1e727bdf16,2026-07-12T04:02:50,2193.2,merchant_demo_001
txn_359e8107f5a9,acct_2b319278fd,2026-01-06T22:47:26,297.49,merchant_demo_001
txn_6088c5ac3692,acct_2b319278fd,2025-10-31T22:47:26,1965.16,merchant_demo_001
txn_5960a49ec729,acct_39d792cac4,2025-07-06T20:22:25,2406.42,merchant_demo_001
txn_b35fc018827d,acct_39d792cac4,2025-07-09T20:22:25,3555.78,merchant_demo_001
txn_bff5f0d96252,acct_39d792cac4,2025-12-08T20:22:25,3047.02,merchant_demo_001
txn_fea6dabc2113,acct_39d792cac4,2025-07-03T20:22:25,2372.59,merchant_demo_001
txn_d8abb5c5fe60,acct_39d792cac4,2026-04-08T20:22:25,3396.99,merchant_demo_001
txn_5e180b467949,acct_d77355da67,2026-07-27T05:51:12,965.39,merchant_demo_001
txn_a91efcac8bd6,acct_a93ecec3b8,2026-05-10T15:59:19,920.46,merchant_demo_001
txn_ba9ca633d225,acct_357d53534e,2026-08-17T17:40:51,762.27,merchant_demo_001
txn_c8ae6020cbb2,acct_357d53534e,2027-01-07T17:40:51,2898.4,merchant_demo_001
txn_f5b212a6c65d,acct_3958575244,2026-02-12T02:33:54,663.85,merchant_demo_001
txn_e796addb883e,acct_59e77d6d0b,2025-09-28T12:39:43,975.89,merchant_demo_001
txn_a43143c29912,acct_31439620cb,2026-09-12T13:32:24,4960.3,merchant_demo_001
txn_118d061d89c3,acct_31439620cb,2026-08-05T13:32:24,2003.61,merchant_demo_001
txn_d746a9f06804,acct_02c91bc6b6,2025-12-02T20:43:40,3027.69,merchant_demo_001
txn_c29f117190bc,acct_02c91bc6b6,2026-03-20T20:43:40,3220.95,merchant_demo_001
txn_9d3304aba49a,acct_02c91bc6b6,2025-10-23T20:43:40,2161.29,merchant_demo_001
txn_f79f8ddb1387,acct_02c91bc6b6,2025-12-27T20:43:40,3690.44,merchant_demo_001
txn_2a8012656624,acct_02c91bc6b6,2026-04-01T20:43:40,84.57,merchant_demo_001
txn_252397933b41,acct_c624d36c52,2026-12-22T12:53:50,3783.77,merchant_demo_001
txn_6e6bcf2cc91a,acct_c624d36c52,2026-09-02T12:53:50,355.02,merchant_demo_001
txn_6aed48dc2197,acct_c624d36c52,2027-04-09T12:53:50,1753.91,merchant_demo_001
txn_378f81dbd5e2,acct_c661e85e10,2025-12-21T03:07:54,3790.47,merchant_demo_001
txn_c74c75cc5afc,acct_9f98ed0d83,2025-08-23T04:23:51,3386.47,merchant_demo_001
txn_d017f508b256,acct_9f98ed0d83,2026-07-15T04:23:51,2257.36,merchant_demo_001
txn_5a763d71402d,acct_9f98ed0d83,2026-07-30T04:23:51,3388.78,merchant_demo_001
txn_c04630de59d5,acct_9f98ed0d83,2025-12-24T04:23:51,2961.29,merchant_demo_001
txn_adf032c62d07,acct_383e6ef0a9,2026-03-30T20:09:43,3421.35,merchant_demo_001
txn_4546d5199d89,acct_383e6ef0a9,2026-03-20T20:09:43,4798.52,merchant_demo_001
txn_476d634a8d53,acct_383e6ef0a9,2026-01-23T20:09:43,1349.06,merchant_demo_001
txn_696ac8f53f01,acct_80c8cd5828,2026-01-14T18:34:57,1822.66,merchant_demo_001
txn_d9b68dce56ce,acct_80c8cd5828,2026-01-29T18:34:57,1883.69,merchant_demo_001
txn_0be453e9489f,acct_80c8cd5828,2025-10-29T18:34:57,3828.89,merchant_demo_001
txn_9bba35f88c41,acct_953ea4b737,2026-04-23T19:35:36,4995.53,merchant_demo_001
txn_72c208f9da87,acct_953ea4b737,2025-10-23T19:35:36,1179.15,merchant_demo_001
txn_12773f5ab998,acct_953ea4b737,2025-10-13T19:35:36,261.36,merchant_demo_001
txn_4735c37966e7,acct_2ff838f5bc,2025-09-26T07:48:53,2351.48,merchant_demo_001
txn_a75365898252,acct_2ff838f5bc,2025-10-23T07:48:53,1655.62,merchant_demo_001
txn_fb687b8c7a44,acct_2ff838f5bc,2025-09-23T07:48:53,2344.94,merchant_demo_001
txn_e3ebba0aa57f,acct_422d4d612a,2026-09-17T20:25:45,805.79,merchant_demo_001
txn_3230dee44aa7,acct_422d4d612a,2027-02-10T20:25:45,3765.23,merchant_demo_001
txn_d7296112168b,acct_422d4d612a,2026-08-31T20:25:45,4750.69,merchant_demo_001
txn_8f7f9f13654a,acct_422d4d612a,2026-04-10T20:25:45,3951.91,merchant_demo_001
txn_8c0a8410add8,acct_3fa360043b,2027-06-17T05:54:42,789.45,merchant_demo_001
txn_d25703948860,acct_3fa360043b,2027-02-01T05:54:42,119.05,merchant_demo_001
txn_01c778a4aa16,acct_3fa360043b,2027-07-02T05:54:42,4531.54,merchant_demo_001
txn_f5eed1b2c5f1,acct_3fa360043b,2026-10-14T05:54:42,2985.04,merchant_demo_001
txn_b45ad81ca988,acct_240547b6e3,2025-11-13T11:01:34,519.49,merchant_demo_001
txn_3b35d8db417a,acct_240547b6e3,2026-02-10T11:01:34,2387.83,merchant_demo_001
txn_e84dcb7f9b10,acct_377861976c,2026-07-18T09:17:57,1028.89,merchant_demo_001
txn_1005f228bf78,acct_377861976c,2026-10-08T09:17:57,1991.55,merchant_demo_001
txn_ce2e8944ca49,acct_377861976c,2026-07-01T09:17:57,4157.4,merchant_demo_001
txn_8a83a0f4e34f,acct_19435e188c,2026-10-16T18:50:36,1177.31,merchant_demo_001
txn_3ecae529ba7c,acct_19435e188c,2027-01-31T18:50:36,3053.78,merchant_demo_001
txn_3001df023c48,acct_19435e188c,2027-02-06T18:50:36,2192.64,merchant_demo_001
txn_2808756ea935,acct_19435e188c,2026-08-16T18:50:36,2462.34,merchant_demo_001
txn_51d3419375d3,acct_19435e188c,2027-05-02T18:50:36,345.81,merchant_demo_001
txn_9232037c009c,acct_b7b05085c2,2026-02-05T16:02:42,4767.1,merchant_demo_001
txn_e767ada43373,acct_eea9a7731e,2027-05-06T13:01:32,1482.14,merchant_demo_001
txn_cc887b88b61b,acct_eea9a7731e,2026-10-27T13:01:32,2617.88,merchant_demo_001
txn_ce5970670ddc,acct_eea9a7731e,2027-03-09T13:01:32,4027.93,merchant_demo_001
txn_b14031ad2fea,acct_eea9a7731e,2027-01-28T13:01:32,2478.01,merchant_demo_001
txn_c8e937a72653,acct_f78fc8a83e,2026-01-01T01:49:26,835.08,merchant_demo_001
txn_3ca59f8f38e2,acct_f78fc8a83e,2025-12-31T01:49:26,1587.53,merchant_demo_001
txn_1f04fee3edb8,acct_f78fc8a83e,2025-12-25T01:49:26,2173.54,merchant_demo_001
txn_54033b2dde63,acct_a4121ac338,2025-12-25T05:19:14,690.67,merchant_demo_001
txn_37b1c0332ceb,acct_7c339ec516,2026-07-09T07:33:27,3637.55,merchant_demo_001
txn_8230e0a86297,acct_7c339ec516,2027-01-03T07:33:27,4327.28,merchant_demo_001
txn_ccf388ffc2b8,acct_7c339ec516,2026-07-24T07:33:27,2848.37,merchant_demo_001
txn_101e90e602f3,acct_da749fc2c3,2026-03-17T18:50:51,137.66,merchant_demo_001
txn_6b08185c151e,acct_da749fc2c3,2026-08-21T18:50:51,2114.15,merchant_demo_001
txn_3fc1ebd28277,acct_da749fc2c3,2026-05-31T18:50:51,4725.65,merchant_demo_001
txn_a6c2b8e3e899,acct_da749fc2c3,2027-01-31T18:50:51,1205.52,merchant_demo_001
txn_b9e1d5b59d0c,acct_39c3837264,2026-01-19T22:27:41,4582.9,merchant_demo_001
txn_ce5c30401875,acct_39c3837264,2025-10-30T22:27:41,3944.69,merchant_demo_001
txn_7fd76f054ed4,acct_39c3837264,2025-12-10T22:27:41,1736.75,merchant_demo_001
txn_a836dfacdce6,acct_cee9eb8ee7,2026-03-24T04:38:33,1012.17,merchant_demo_001
txn_a8ca758458fc,acct_cee9eb8ee7,2025-06-05T04:38:33,4829.1,merchant_demo_001
txn_85321ea57847,acct_cee9eb8ee7,2026-05-06T04:38:33,3181.77,merchant_demo_001
txn_02f55291124c,acct_d503df18c6,2026-10-15T10:15:33,2984.53,merchant_demo_001
txn_aac5327ee90e,acct_d503df18c6,2026-02-16T10:15:33,4075.94,merchant_demo_001
txn_15b271c005d4,acct_d64b294010,2026-02-04T14:01:53,2838.33,merchant_demo_001
txn_d81262344116,acct_d64b294010,2025-06-08T14:01:53,1601.63,merchant_demo_001
txn_1f674bb2450f,acct_e5a1b0b5af,2027-01-16T06:50:42,3763.45,merchant_demo_001
txn_907b6413e09d,acct_c46087a149,2026-11-02T03:55:41,452.47,merchant_demo_001
txn_b33ae403f74a,acct_c46087a149,2027-01-28T03:55:41,2340.31,merchant_demo_001
txn_ea3c42549165,acct_c46087a149,2027-05-29T03:55:41,1366.74,merchant_demo_001
txn_fceb3c24894d,acct_c46087a149,2027-01-07T03:55:41,1978.4,merchant_demo_001
txn_5a91a91a456e,acct_c46087a149,2026-08-28T03:55:41,3966.84,merchant_demo_001
txn_0b729248fa6c,acct_0292f6daa2,2026-12-07T02:24:49,758.26,merchant_demo_001
txn_dc78b29c527c,acct_0292f6daa2,2027-01-10T02:24:49,342.16,merchant_demo_001
txn_bbd0aa63ce6f,acct_0292f6daa2,2026-04-13T02:24:49,1155.5,merchant_demo_001
txn_7a3b25283eb8,acct_0bc3c32d84,2026-07-14T14:57:42,1813.04,merchant_demo_001
txn_eb722296dfa0,acct_7b182bca7c,2026-06-18T02:41:14,2831.3,merchant_demo_001
txn_72012f5bc39e,acct_7b182bca7c,2026-03-02T02:41:14,4785.5,merchant_demo_001
txn_ce31df4e2993,acct_7b182bca7c,2026-06-19T02:41:14,4927.16,merchant_demo_001
txn_485968b1b8c5,acct_7b182bca7c,2026-08-19T02:41:14,4421.91,merchant_demo_001
txn_4767c9a9cb9c,acct_7b182bca7c,2026-01-24T02:41:14,4129.48,merchant_demo_001
txn_f3c9b701b4d8,acct_8499ef1c2e,2026-11-04T12:49:47,3045.15,merchant_demo_001
txn_d9ed0d2f399e,acct_8499ef1c2e,2026-06-03T12:49:47,3680.43,merchant_demo_001
txn_2a06673be963,acct_d3e43f0db8,2026-10-04T01:58:13,4004.3,merchant_demo_001
txn_d80962c80ba1,acct_d3e43f0db8,2026-06-02T01:58:13,1278.72,merchant_demo_001
txn_c97a0a066f0c,acct_e2ed4ad822,2027-02-16T07:52:22,3518.2,merchant_demo_001
txn_e213cbf96f23,acct_e2ed4ad822,2026-07-20T07:52:22,1525.98,merchant_demo_001
txn_b74657b89d45,acct_e2ed4ad822,2026-10-27T07:52:22,763.1,merchant_demo_001
txn_75e9501bbc01,acct_e2ed4ad822,2026-07-27T07:52:22,192.67,merchant_demo_001
txn_11df166bbcac,acct_99d76ae4e7,2025-08-05T16:35:36,1874.73,merchant_demo_001
txn_bf52cb877305,acct_99d76ae4e7,2026-07-28T16:35:36,4553.54,merchant_demo_001
txn_62fe1f89d1ea,acct_99d76ae4e7,2025-09-09T16:35:36,2261.09,merchant_demo_001
txn_4620b6fcd354,acct_99d76ae4e7,2026-01-07T16:35:36,2798.56,merchant_demo_001
txn_2c587d0d7b14,acct_13c71b7e42,2026-06-27T09:47:23,3804.38,merchant_demo_001
txn_2f37c7231ced,acct_13c71b7e42,2026-01-06T09:47:23,4687.67,merchant_demo_001
txn_9d8bb1324864,acct_13c71b7e42,2026-07-03T09:47:23,1415.95,merchant_demo_001
txn_bfdacf9f0d4a,acct_13c71b7e42,2026-11-08T09:47:23,3052.39,merchant_demo_001
txn_27b5417e93f8,acct_13c71b7e42,2026-04-06T09:47:23,856.36,merchant_demo_001
txn_d442fbe96428,acct_d156c8b3c1,2025-12-03T16:32:07,4782.72,merchant_demo_001
txn_1e90aee5bce5,acct_d156c8b3c1,2025-08-23T16:32:07,309.5,merchant_demo_001
txn_727546103598,acct_aad490b0d6,2025-12-28T03:34:40,2411.65,merchant_demo_001
txn_24d072aa65a8,acct_aad490b0d6,2025-06-01T03:34:40,1610.58,merchant_demo_001
txn_698d988218b9,acct_aad490b0d6,2026-03-24T03:34:40,1906.39,merchant_demo_001
txn_e12865339178,acct_a2feb2e938,2026-10-30T23:45:13,2199.59,merchant_demo_001
txn_8538436b3255,acct_0d4142a63d,2026-07-18T04:00:29,931.09,merchant_demo_001
txn_08dc7a1baa3c,acct_0d4142a63d,2026-11-06T04:00:29,4188.56,merchant_demo_001
txn_ece3888341fa,acct_0d4142a63d,2026-01-14T04:00:29,3235.92,merchant_demo_001
txn_c84d4ff82b98,acct_addf6fa680,2026-11-09T13:33:57,3794.63,merchant_demo_001
txn_a8538374cda4,acct_addf6fa680,2026-02-13T13:33:57,4422.14,merchant_demo_001
txn_e6a5984352c6,acct_addf6fa680,2026-02-21T13:33:57,3627.74,merchant_demo_001
txn_f39b1b8fd4cf,acct_c1c7343700,2025-03-30T08:26:00,2508.55,merchant_demo_001
txn_414966a7f27e,acct_c1c7343700,2025-03-30T08:10:00,742.56,merchant_demo_001
txn_713c72d0d12d,acct_c1c7343700,2025-03-30T08:19:00,2637.76,merchant_demo_001
txn_4e45fc87735f,acct_d8cd7a39df,2026-03-18T01:02:12,3785.56,merchant_demo_001
txn_bb9f3a3efae0,acct_d8cd7a39df,2026-07-31T01:02:12,1723.88,merchant_demo_001
txn_6c2d773c318e,acct_a0d90a6c9d,2025-12-26T05:50:05,3766.71,merchant_demo_001
txn_42c20f35834a,acct_a0d90a6c9d,2026-03-13T05:50:05,2032.77,merchant_demo_001
txn_5459f648a53e,acct_a0d90a6c9d,2025-08-04T05:50:05,2647.16,merchant_demo_001
txn_a1e244117137,acct_a0d90a6c9d,2026-05-28T05:50:05,3959.16,merchant_demo_001
txn_cbbb8e8c2e08,acct_f0141f7aa6,2027-01-31T02:41:24,4123.09,merchant_demo_001
txn_dd6f4979f5a0,acct_f0141f7aa6,2026-08-10T02:41:24,2270.07,merchant_demo_001
txn_eb7cd0ec6502,acct_1ca46dd81f,2026-11-04T15:32:58,4561.55,merchant_demo_001
txn_7dd9743d6da5,acct_b705d8002a,2026-04-11T19:12:50,1234.36,merchant_demo_001
txn_8bef1d241c52,acct_b705d8002a,2026-11-11T19:12:50,3433.43,merchant_demo_001
txn_70ece9cc327d,acct_b705d8002a,2025-12-28T19:12:50,309.79,merchant_demo_001
txn_9f1084b6d67d,acct_d2730a4c2a,2025-05-20T13:31:02,2419.53,merchant_demo_001
txn_e9333dd2713b,acct_d2730a4c2a,2025-05-20T12:44:02,1134.05,merchant_demo_001
txn_749003f68150,acct_d2730a4c2a,2025-05-20T13:33:02,4752.33,merchant_demo_001
txn_2090a67aada5,acct_69a809a61e,2026-05-08T04:40:14,1631.32,merchant_demo_001
txn_f67266805f00,acct_69a809a61e,2026-03-11T04:40:14,3792.02,merchant_demo_001
txn_f2a543d9680f,acct_4f6d5cb380,2025-10-08T14:06:19,2575.72,merchant_demo_001
txn_10b2f00629fc,acct_4f6d5cb380,2026-02-24T14:06:19,2486.52,merchant_demo_001
txn_c850b213c879,acct_4f6d5cb380,2026-09-06T14:06:19,3587.97,merchant_demo_001
txn_05a4411db13f,acct_4f6d5cb380,2026-04-29T14:06:19,2772.65,merchant_demo_001
txn_71ca4d1ef2b8,acct_37875a7958,2025-05-07T15:34:51,2968.86,merchant_demo_001
txn_936b95281b88,acct_3224531177,2026-04-30T19:59:48,2934.56,merchant_demo_001
txn_a6dab968cffe,acct_3224531177,2026-01-06T19:59:48,1779.44,merchant_demo_001
txn_c0ba2b82c27f,acct_cad379f27c,2027-05-08T05:42:52,4414.15,merchant_demo_001
txn_e5c2c7b51e5a,acct_cf83f16759,2025-09-02T18:23:45,2016.05,merchant_demo_001
txn_5b2f4d9cedb6,acct_cf83f16759,2025-09-02T18:19:45,2704.34,merchant_demo_001
txn_a3bb88218944,acct_cf83f16759,2025-09-02T20:21:45,3734.06,merchant_demo_001
txn_950cd5eb0b6b,acct_a856b7cfba,2025-12-08T10:07:55,2803.5,merchant_demo_001
txn_822d9960f72e,acct_a856b7cfba,2026-04-12T10:07:55,1972.68,merchant_demo_001
txn_5eda81a899d0,acct_a856b7cfba,2025-11-05T10:07:55,3783.15,merchant_demo_001
txn_d52da383de05,acct_51366ad356,2025-09-18T17:14:32,1019.07,merchant_demo_001
txn_5c3f073ef891,acct_51366ad356,2025-08-11T17:14:32,1993.53,merchant_demo_001
txn_96ce50186647,acct_51366ad356,2026-02-27T17:14:32,1462.64,merchant_demo_001
txn_e61ae18d0542,acct_0bc9d12636,2026-05-28T05:34:00,3036.67,merchant_demo_001
txn_f21d02de0388,acct_e9305738f2,2026-04-03T07:18:25,2058.17,merchant_demo_001
txn_acd2081c7a42,acct_e9305738f2,2025-06-07T07:18:25,607.83,merchant_demo_001
txn_af214d907f22,acct_e9305738f2,2025-09-19T07:18:25,4032.95,merchant_demo_001
txn_00e6db827bb1,acct_e9305738f2,2026-03-20T07:18:25,4668.76,merchant_demo_001
txn_2cf5deb4b14d,acct_e9305738f2,2025-06-18T07:18:25,1040.71,merchant_demo_001
txn_7b469070c437,acct_473e4e0dc6,2026-01-18T00:05:45,3749.0,merchant_demo_001
txn_12d45bbb683e,acct_473e4e0dc6,2025-12-26T00:05:45,3387.32,merchant_demo_001
txn_e5511b369cf5,acct_473e4e0dc6,2025-11-06T00:05:45,4098.41,merchant_demo_001
txn_5a99a477269d,acct_473e4e0dc6,2025-07-10T00:05:45,2345.71,merchant_demo_001
txn_4723b3450f19,acct_473e4e0dc6,2025-12-04T00:05:45,3149.28,merchant_demo_001
txn_0d84dc7f3a67,acct_8fdfb578f1,2025-06-24T22:52:13,1123.19,merchant_demo_001
txn_23b8f8bf2f84,acct_8fdfb578f1,2025-02-27T22:52:13,1584.01,merchant_demo_001
txn_367f8fcd4795,acct_8fdfb578f1,2025-06-05T22:52:13,4156.46,merchant_demo_001
txn_157661bc8efc,acct_8fdfb578f1,2025-08-04T22:52:13,1071.45,merchant_demo_001
txn_09f43b73c48f,acct_8fdfb578f1,2026-02-18T22:52:13,1973.43,merchant_demo_001
txn_7a1c65ebb0c3,acct_1a4d92d88e,2025-10-31T11:40:07,4921.94,merchant_demo_001
txn_97b8e84244b4,acct_1a4d92d88e,2026-01-13T11:40:07,3781.6,merchant_demo_001
txn_828d193b53c7,acct_1a4d92d88e,2025-11-17T11:40:07,2426.87,merchant_demo_001
txn_783c6f714086,acct_b0934ee13c,2025-08-12T00:49:13,3985.27,merchant_demo_001
txn_f3ffcd8f286a,acct_b0934ee13c,2026-02-23T00:49:13,4293.93,merchant_demo_001
txn_d1d6ae21798b,acct_b0934ee13c,2025-07-24T00:49:13,434.49,merchant_demo_001
txn_22c7a90e0788,acct_b0934ee13c,2025-05-12T00:49:13,4427.84,merchant_demo_001
txn_b4db8f00396c,acct_b0934ee13c,2025-04-03T00:49:13,3115.42,merchant_demo_001
txn_04bcda055275,acct_6ce7d0fbd0,2026-02-01T00:39:39,4654.29,merchant_demo_001
txn_bbe9bef3ced2,acct_05c3e3585d,2027-03-03T12:48:08,1938.03,merchant_demo_001
txn_5b7a5bf39c7a,acct_05c3e3585d,2027-05-05T12:48:08,4807.98,merchant_demo_001
txn_a094b85aac66,acct_05c3e3585d,2026-09-06T12:48:08,315.01,merchant_demo_001
txn_886309787190,acct_16f7d62d9e,2026-06-20T20:22:57,994.39,merchant_demo_001
txn_9b8881236cd8,acct_16f7d62d9e,2026-02-26T20:22:57,3722.14,merchant_demo_001
txn_6d8066ea3011,acct_fb8f864a1f,2025-09-03T08:49:38,1435.89,merchant_demo_001
txn_35befa397fe1,acct_fb8f864a1f,2026-06-26T08:49:38,160.85,merchant_demo_001
txn_5ea1a964bc03,acct_fb8f864a1f,2026-08-25T08:49:38,223.21,merchant_demo_001
txn_cb33eee28ed9,acct_10da9c9228,2026-07-01T23:47:33,752.1,merchant_demo_001
txn_8b49afc1f93e,acct_e9477de57a,2025-11-01T16:02:16,645.61,merchant_demo_001
txn_ad620f9d5a72,acct_e9477de57a,2026-06-10T16:02:16,3734.09,merchant_demo_001
txn_de15319ef322,acct_e9477de57a,2026-07-04T16:02:16,3974.17,merchant_demo_001
txn_6659ef92a84a,acct_e9477de57a,2026-03-20T16:02:16,914.18,merchant_demo_001
txn_3c06f3e4d03d,acct_b72ba1fca2,2025-08-09T18:41:14,3637.8,merchant_demo_001
txn_96829b5f5729,acct_9e0e851cfa,2026-11-10T15:11:18,3489.85,merchant_demo_001
txn_2aef66434f7b,acct_9e0e851cfa,2026-06-06T15:11:18,1386.83,merchant_demo_001
txn_aba75de15c09,acct_9e0e851cfa,2027-01-12T15:11:18,2837.99,merchant_demo_001
txn_7016d2fb92ed,acct_9e0e851cfa,2026-02-19T15:11:18,3670.6,merchant_demo_001
txn_e8f1302d13e5,acct_1b57cb0310,2026-06-20T13:04:24,372.53,merchant_demo_001
txn_db7957a2cc42,acct_1b57cb0310,2027-02-12T13:04:24,1918.25,merchant_demo_001
txn_c3a91275ae97,acct_af7ea32fd5,2026-01-16T08:47:11,2190.81,merchant_demo_001
txn_1a5e19c21549,acct_8c17678626,2025-11-28T11:40:19,916.36,merchant_demo_001
txn_5c9a1fa2a412,acct_8c17678626,2025-05-07T11:40:19,2904.97,merchant_demo_001
txn_86d5a8968f5e,acct_8c17678626,2025-05-23T11:40:19,3300.22,merchant_demo_001
txn_86ed9f090595,acct_8c17678626,2026-05-30T11:40:19,4388.06,merchant_demo_001
txn_c4e2cd51b386,acct_04138e37f9,2026-03-17T06:38:24,2421.9,merchant_demo_001
txn_85d1829cc936,acct_04138e37f9,2025-07-28T06:38:24,170.84,merchant_demo_001
txn_254463fe6cf4,acct_04138e37f9,2025-07-31T06:38:24,4817.79,merchant_demo_001
txn_df40606f751e,acct_86806a83b0,2026-08-25T02:06:29,3463.89,merchant_demo_001
txn_d9eae113d2aa,acct_86806a83b0,2026-04-27T02:06:29,4979.4,merchant_demo_001
txn_76b1f91df864,acct_8314e648cc,2026-04-04T08:26:06,4185.19,merchant_demo_001
txn_50c99ceddaba,acct_d99fa95f1b,2025-12-27T12:00:08,4763.12,merchant_demo_001
txn_2f814ee23879,acct_d99fa95f1b,2025-11-21T12:00:08,3970.22,merchant_demo_001
txn_809307cec6d2,acct_d99fa95f1b,2026-03-17T12:00:08,4249.86,merchant_demo_001
txn_377613507e0b,acct_d99fa95f1b,2025-04-09T12:00:08,1468.26,merchant_demo_001
txn_7e00f435fc48,acct_207114dda2,2026-02-15T07:22:04,1868.12,merchant_demo_001
txn_7575ae873772,acct_6b3787bee9,2025-12-03T10:38:49,861.28,merchant_demo_001
txn_2dc0c6a12538,acct_6b3787bee9,2026-01-31T10:38:49,4514.01,merchant_demo_001
txn_d9908c945ebe,acct_6b3787bee9,2026-03-06T10:38:49,2777.57,merchant_demo_001
txn_d9000547bf34,acct_6b3787bee9,2025-05-13T10:38:49,1637.52,merchant_demo_001
txn_7a432cffa9cb,acct_8de8be9f25,2026-09-06T06:03:51,911.12,merchant_demo_001
txn_ce3f5f0d38d8,acct_8de8be9f25,2026-09-03T06:03:51,1891.94,merchant_demo_001
txn_29b23479711a,acct_8de8be9f25,2026-08-06T06:03:51,3848.2,merchant_demo_001
txn_d4afbedfa0b5,acct_c3a6e5f9f7,2027-07-06T11:22:42,3770.71,merchant_demo_001
txn_ce5ac01220a2,acct_c3a6e5f9f7,2027-04-06T11:22:42,3394.77,merchant_demo_001
txn_078ee7087402,acct_c8e78d1226,2026-05-22T01:26:35,4808.86,merchant_demo_001
txn_98cee75a4e88,acct_c8e78d1226,2026-01-02T01:26:35,3030.65,merchant_demo_001
txn_8628a8f2d719,acct_c8e78d1226,2026-01-28T01:26:35,1697.38,merchant_demo_001
txn_9503561e999b,acct_c8e78d1226,2026-05-21T01:26:35,3245.05,merchant_demo_001
txn_de6942846361,acct_c0b202b4e9,2026-12-23T17:27:42,2719.1,merchant_demo_001
txn_d5ac082fea2d,acct_c0b202b4e9,2026-11-16T17:27:42,863.17,merchant_demo_001
txn_539166ae6b8e,acct_c0b202b4e9,2025-12-24T17:27:42,1750.1,merchant_demo_001
txn_1e9b01e75d9b,acct_c0b202b4e9,2026-10-19T17:27:42,768.0,merchant_demo_001
txn_eda6d92c5657,acct_35231f37cc,2027-04-04T06:10:15,3181.85,merchant_demo_001
txn_056b6d0689de,acct_35231f37cc,2027-07-18T06:10:15,839.17,merchant_demo_001
txn_da8ab04e1312,acct_35231f37cc,2027-04-21T06:10:15,740.63,merchant_demo_001
txn_643ca2889474,acct_a4b4745420,2025-10-21T09:25:28,3481.41,merchant_demo_001
txn_26100178604f,acct_c84b9f0d47,2026-01-28T17:34:28,4409.58,merchant_demo_001
txn_e9f86ac0ebea,acct_ffb7d7b464,2026-04-12T07:44:43,257.79,merchant_demo_001
txn_a1ea954c41dc,acct_ffb7d7b464,2025-08-30T07:44:43,2898.55,merchant_demo_001
txn_d4a862fa692b,acct_ffb7d7b464,2025-11-15T07:44:43,4675.8,merchant_demo_001
txn_ba90c2ae19fc,acct_ffb7d7b464,2026-06-13T07:44:43,4714.33,merchant_demo_001
txn_843546ba2fa6,acct_ffb7d7b464,2026-07-21T07:44:43,1172.57,merchant_demo_001
txn_23b16052359a,acct_a82080f9a8,2026-06-03T06:10:25,628.76,merchant_demo_001
txn_acb5bb448ea7,acct_a82080f9a8,2026-10-05T06:10:25,4190.52,merchant_demo_001
txn_7306f9822405,acct_a82080f9a8,2026-04-05T06:10:25,2764.83,merchant_demo_001
txn_98b7c26d2750,acct_35a45b4ce7,2025-11-03T21:43:53,3301.61,merchant_demo_001
txn_69525c998d50,acct_35a45b4ce7,2025-08-29T21:43:53,1134.4,merchant_demo_001
txn_38c3acf62fe1,acct_35a45b4ce7,2025-08-07T21:43:53,3761.64,merchant_demo_001
txn_c50407d66110,acct_35a45b4ce7,2026-01-27T21:43:53,3770.25,merchant_demo_001
txn_4eeac1434985,acct_dbbaa3e9f3,2025-04-30T00:35:20,3220.32,merchant_demo_001
txn_39f88ec87b20,acct_ec6493da65,2026-03-20T05:19:21,4180.03,merchant_demo_001
txn_20f04b851cd7,acct_ec6493da65,2027-01-20T05:19:21,982.24,merchant_demo_001
txn_5c6195e9462e,acct_ec6493da65,2025-12-31T05:19:21,4471.26,merchant_demo_001
txn_5b85b0ecde56,acct_ec6493da65,2026-09-15T05:19:21,4009.68,merchant_demo_001
txn_18bf51d28285,acct_33eb5a46ad,2026-01-02T05:02:31,4583.43,merchant_demo_001
txn_c54a7fc9a588,acct_33eb5a46ad,2026-10-11T05:02:31,4753.05,merchant_demo_001
txn_d9bddcd6a7d0,acct_33eb5a46ad,2026-02-21T05:02:31,3791.21,merchant_demo_001
txn_7cc6badb8657,acct_33eb5a46ad,2026-03-25T05:02:31,4134.9,merchant_demo_001
txn_cdce7ea2b57d,acct_158625904e,2026-03-05T08:59:25,528.11,merchant_demo_001
txn_3f49e27995df,acct_158625904e,2025-07-19T08:59:25,166.35,merchant_demo_001
txn_bbbfce0e1c1a,acct_158625904e,2025-04-28T08:59:25,1514.13,merchant_demo_001
txn_0792011efd28,acct_158625904e,2025-07-28T08:59:25,969.28,merchant_demo_001
txn_1178eefc5256,acct_158625904e,2026-05-15T08:59:25,3418.38,merchant_demo_001
txn_6db648216158,acct_611a290ed5,2026-03-04T19:12:06,2290.37,merchant_demo_001
txn_19b8d98cff9a,acct_7981406736,2026-06-09T08:30:54,4727.13,merchant_demo_001
txn_285f1169e2e2,acct_1b4cf8b267,2026-07-21T03:19:44,3504.2,merchant_demo_001
txn_33e7b0b8f3c9,acct_1b4cf8b267,2026-12-16T03:19:44,1748.69,merchant_demo_001
txn_98172f330b81,acct_1b4cf8b267,2027-01-23T03:19:44,1081.82,merchant_demo_001
txn_ce6e6b14c8cd,acct_1b4cf8b267,2027-02-20T03:19:44,3115.33,merchant_demo_001
txn_59b9db7716a8,acct_414b0f4102,2026-09-15T22:20:41,3093.28,merchant_demo_001
txn_90d15bbee066,acct_414b0f4102,2025-11-15T22:20:41,3411.63,merchant_demo_001
txn_ca6107c13940,acct_414b0f4102,2025-11-10T22:20:41,2524.97,merchant_demo_001
txn_f0a7ad646fc6,acct_414b0f4102,2026-04-22T22:20:41,203.65,merchant_demo_001
txn_a2bc056bade8,acct_52acc9e6c3,2026-05-31T07:30:06,3776.94,merchant_demo_001
txn_faec4efacc87,acct_52acc9e6c3,2026-12-15T07:30:06,535.13,merchant_demo_001
txn_f4b87f00d437,acct_52acc9e6c3,2026-11-03T07:30:06,2956.27,merchant_demo_001
txn_fc36763f57e0,acct_52acc9e6c3,2026-05-14T07:30:06,4748.16,merchant_demo_001
txn_f7346c57114a,acct_85807ff23e,2026-01-30T22:49:13,1930.84,merchant_demo_001
txn_cc0a07a9c62e,acct_85807ff23e,2026-09-23T22:49:13,3807.29,merchant_demo_001
txn_fd519a923efb,acct_85807ff23e,2026-03-02T22:49:13,2400.62,merchant_demo_001
txn_bfb781bdf44b,acct_85807ff23e,2026-10-22T22:49:13,505.64,merchant_demo_001
txn_6a23b4028e29,acct_62fb1097a4,2026-08-01T05:58:55,4161.62,merchant_demo_001
txn_c434e6ccf833,acct_62fb1097a4,2026-06-15T05:58:55,4615.44,merchant_demo_001
txn_b6626619593e,acct_608caa0b60,2027-01-27T11:43:09,3757.81,merchant_demo_001
txn_0087dcbba6ac,acct_608caa0b60,2026-11-17T11:43:09,3037.86,merchant_demo_001
txn_371b1632b853,acct_608caa0b60,2027-03-14T11:43:09,219.99,merchant_demo_001
txn_1976580dc7ca,acct_608caa0b60,2026-12-22T11:43:09,2785.5,merchant_demo_001
txn_471fd147f3b7,acct_e49f06b0f6,2025-05-20T02:25:12,3087.9,merchant_demo_001
txn_ec5edb1921bc,acct_e49f06b0f6,2025-03-19T02:25:12,100.96,merchant_demo_001
txn_0465ff7aa844,acct_e49f06b0f6,2025-04-05T02:25:12,2987.47,merchant_demo_001
txn_b6c83bda37aa,acct_e49f06b0f6,2026-01-10T02:25:12,3915.13,merchant_demo_001
txn_ade0ce39db34,acct_b5712ac4a4,2026-06-01T14:27:52,392.04,merchant_demo_001
txn_7931db392bbb,acct_b5712ac4a4,2026-01-17T14:27:52,2342.74,merchant_demo_001
txn_7cf770ed24f0,acct_b5712ac4a4,2026-10-08T14:27:52,2847.0,merchant_demo_001
txn_35195028e6c9,acct_b5712ac4a4,2026-07-18T14:27:52,3285.83,merchant_demo_001
txn_26d21b56c6fb,acct_b5712ac4a4,2025-11-10T14:27:52,1303.36,merchant_demo_001
txn_815b558f74a1,acct_867edcccc0,2026-03-13T20:12:43,2607.84,merchant_demo_001
txn_731317449328,acct_420225b399,2027-02-16T21:43:01,1502.28,merchant_demo_001
txn_04f3cf29a4bc,acct_420225b399,2026-09-21T21:43:01,247.09,merchant_demo_001
txn_77ebd342244f,acct_42cc49edcf,2026-02-12T01:06:29,2162.32,merchant_demo_001
txn_70024875e419,acct_42cc49edcf,2026-02-12T02:37:29,816.24,merchant_demo_001
txn_dfe640913a8c,acct_42cc49edcf,2026-02-12T00:01:29,1035.66,merchant_demo_001
txn_987c83b92628,acct_b65c482c3f,2026-10-06T22:24:34,78.18,merchant_demo_001
txn_cabd32dbab4e,acct_b65c482c3f,2027-07-03T22:24:34,3735.43,merchant_demo_001
txn_3607e7c42d68,acct_b65c482c3f,2027-05-01T22:24:34,4531.78,merchant_demo_001
txn_1ca4bb0d6bf0,acct_b65c482c3f,2027-07-01T22:24:34,1914.76,merchant_demo_001
txn_96322ca8a213,acct_dd0127a29c,2026-08-25T04:08:39,1155.94,merchant_demo_001
txn_b9bbeab77502,acct_dd0127a29c,2027-05-08T04:08:39,2938.67,merchant_demo_001
txn_dfe23885456e,acct_dd0127a29c,2027-01-31T04:08:39,1182.23,merchant_demo_001
txn_8b0cb5906918,acct_83b672b193,2026-07-16T03:42:14,4742.8,merchant_demo_001
txn_a2301dd9bd06,acct_83b672b193,2025-09-20T03:42:14,552.61,merchant_demo_001
txn_aff04eeb7583,acct_83b672b193,2025-10-02T03:42:14,703.4,merchant_demo_001
txn_7b0785d1b6d0,acct_83b672b193,2026-05-28T03:42:14,2835.72,merchant_demo_001
txn_4fc1579a8b25,acct_cd6a16ca6b,2026-06-20T18:05:33,1865.04,merchant_demo_001
txn_8db8328de5b0,acct_cd6a16ca6b,2026-06-20T18:56:33,2178.37,merchant_demo_001
txn_29d899369529,acct_712466b237,2027-06-26T02:01:09,1873.03,merchant_demo_001
txn_b4675fa85179,acct_712466b237,2027-04-10T02:01:09,576.32,merchant_demo_001
txn_eb36b2eeabb2,acct_712466b237,2027-03-05T02:01:09,216.01,merchant_demo_001
txn_e7defcd07dcb,acct_712466b237,2027-02-14T02:01:09,2808.54,merchant_demo_001
txn_88f9ff924907,acct_712466b237,2027-02-07T02:01:09,381.35,merchant_demo_001
txn_de1a788efc34,acct_c783e75ca9,2026-03-11T16:10:50,4395.02,merchant_demo_001
txn_db800e1064d1,acct_b4e318350d,2026-03-23T06:30:38,2036.57,merchant_demo_001
txn_92e22588f5c1,acct_b4e318350d,2025-11-24T06:30:38,4537.75,merchant_demo_001
txn_c9bda55e10e0,acct_b4e318350d,2025-10-01T06:30:38,649.0,merchant_demo_001
txn_11759760476d,acct_1d5761579a,2025-05-26T15:44:52,2873.58,merchant_demo_001
txn_de7beab9cdb5,acct_1d5761579a,2026-03-18T15:44:52,1022.76,merchant_demo_001
txn_387039245a41,acct_e6f46d1ad9,2025-10-19T05:20:55,2808.97,merchant_demo_001
txn_e67fae66c41c,acct_e6f46d1ad9,2025-12-11T05:20:55,380.75,merchant_demo_001
txn_b28c495e0ee5,acct_e6f46d1ad9,2026-03-13T05:20:55,968.28,merchant_demo_001
txn_c880887c3c41,acct_e6f46d1ad9,2025-11-08T05:20:55,623.46,merchant_demo_001
txn_469c49b8756a,acct_e6f46d1ad9,2025-05-01T05:20:55,1199.63,merchant_demo_001
txn_967625e570e2,acct_4ba1fbff9c,2026-07-26T21:12:27,709.41,merchant_demo_001
txn_0d90f8377cb1,acct_4ba1fbff9c,2027-02-17T21:12:27,1984.01,merchant_demo_001
txn_6d41cb3d1fd1,acct_878dfa623c,2025-03-28T08:18:06,2575.47,merchant_demo_001
txn_472f098d1911,acct_878dfa623c,2025-03-04T08:18:06,608.13,merchant_demo_001
txn_b9c03fd79f71,acct_878dfa623c,2026-02-01T08:18:06,1366.14,merchant_demo_001
txn_17ea398dd298,acct_2b917ee737,2025-05-10T21:05:57,1551.55,merchant_demo_001
txn_8029a410587a,acct_2b917ee737,2025-05-10T21:38:57,1631.67,merchant_demo_001
txn_9797c5194b9d,acct_2b917ee737,2025-05-10T22:05:57,4309.9,merchant_demo_001
txn_eda226e48f1e,acct_5c154dcf82,2026-08-04T00:27:31,3336.98,merchant_demo_001
txn_44be3e7ea507,acct_5c154dcf82,2026-12-30T00:27:31,2419.74,merchant_demo_001
txn_f90e5629d440,acct_9b8bd88256,2025-07-19T03:54:27,1969.89,merchant_demo_001
txn_59d12494a10f,acct_fbd47a5ff4,2025-05-05T09:42:43,773.26,merchant_demo_001
txn_00b897b83042,acct_fbd47a5ff4,2025-06-03T09:42:43,4296.34,merchant_demo_001
txn_5a6d821042a9,acct_fbd47a5ff4,2025-06-12T09:42:43,4312.87,merchant_demo_001
txn_35c44ffaebe6,acct_fbd47a5ff4,2025-05-03T09:42:43,2414.56,merchant_demo_001
txn_f537c3f7bb5d,acct_fbd47a5ff4,2025-05-06T09:42:43,2852.48,merchant_demo_001
txn_c1db0237beae,acct_9b9cd5a301,2025-12-22T21:29:10,3779.4,merchant_demo_001
txn_d6ea8d5ee1fd,acct_9b9cd5a301,2025-12-22T21:29:10,1840.53,merchant_demo_001
txn_cf38eaa9593c,acct_1a3d6b7029,2025-08-10T03:43:24,2061.64,merchant_demo_001
txn_fb0e7bcde7b9,acct_1a3d6b7029,2026-04-18T03:43:24,2187.76,merchant_demo_001
txn_1b848aa2c6e6,acct_7625a97ab4,2026-04-11T07:18:25,2003.41,merchant_demo_001
txn_d21071311da2,acct_7625a97ab4,2025-06-14T07:18:25,3374.7,merchant_demo_001
txn_0d66af7556cd,acct_7625a97ab4,2025-09-15T07:18:25,1984.34,merchant_demo_001
txn_072ccb96011b,acct_0c909478ac,2026-06-21T23:51:18,3755.61,merchant_demo_001
txn_af17a431daf2,acct_0c909478ac,2026-05-02T23:51:18,2422.86,merchant_demo_001
txn_231f89dd57fa,acct_0c909478ac,2026-11-13T23:51:18,4449.28,merchant_demo_001
txn_35bf12ad0e8d,acct_0c909478ac,2027-01-22T23:51:18,4365.76,merchant_demo_001
txn_7db8d6b0ada9,acct_0c909478ac,2027-01-17T23:51:18,828.56,merchant_demo_001
txn_6ddf0aa130f5,acct_ee44c6f8a9,2027-02-01T23:25:15,1473.76,merchant_demo_001
txn_e4d1cd3f56a1,acct_ee44c6f8a9,2027-06-10T23:25:15,421.52,merchant_demo_001
txn_49dd869b0b97,acct_ee44c6f8a9,2027-03-14T23:25:15,203.02,merchant_demo_001
txn_1d20ad548d9d,acct_ee44c6f8a9,2026-06-13T23:25:15,2830.35,merchant_demo_001
txn_4d6e1e4e721a,acct_ee44c6f8a9,2027-05-06T23:25:15,4463.67,merchant_demo_001
txn_13d73dec64c7,acct_6b2efecef7,2027-01-28T07:40:44,3224.93,merchant_demo_001
txn_9743a5e11356,acct_6b2efecef7,2026-07-06T07:40:44,1423.08,merchant_demo_001
txn_9f92b57b895b,acct_0c5c2ce3d5,2025-12-06T01:41:37,3268.33,merchant_demo_001
txn_0db93842873f,acct_0c5c2ce3d5,2025-10-04T01:41:37,1552.31,merchant_demo_001
txn_b73af30e24d2,acct_0c5c2ce3d5,2026-01-12T01:41:37,3046.21,merchant_demo_001
txn_4099d9c935ec,acct_7ec260509c,2026-07-02T09:58:58,2581.63,merchant_demo_001
txn_0598c20b2095,acct_7ec260509c,2026-05-20T09:58:58,3799.22,merchant_demo_001
txn_f770684018ee,acct_7ec260509c,2026-10-22T09:58:58,2968.33,merchant_demo_001
txn_1ad856a118ec,acct_6e1ebbc7c6,2025-12-21T14:02:49,3045.76,merchant_demo_001
txn_c94b59aa36fe,acct_6e1ebbc7c6,2025-12-10T14:02:49,3939.79,merchant_demo_001
txn_3d30d0df5750,acct_6e1ebbc7c6,2025-03-17T14:02:49,2373.17,merchant_demo_001
txn_c244152d33de,acct_6e1ebbc7c6,2025-02-21T14:02:49,3472.55,merchant_demo_001
txn_2173811cd9c8,acct_6e1ebbc7c6,2025-06-30T14:02:49,2687.06,merchant_demo_001
txn_a1019cb42c62,acct_4ace0e9490,2026-12-28T02:11:13,361.53,merchant_demo_001
txn_88f69eaf5236,acct_4ace0e9490,2026-12-27T02:11:13,1377.65,merchant_demo_001
txn_676d0225b769,acct_4ace0e9490,2026-06-26T02:11:13,4380.02,merchant_demo_001
txn_0aea14f427db,acct_4ace0e9490,2026-12-09T02:11:13,2591.91,merchant_demo_001
txn_662ddc7f9c66,acct_4ace0e9490,2026-07-18T02:11:13,4637.76,merchant_demo_001
txn_9be4f87c8df7,acct_95b2af83b2,2025-11-26T10:17:20,2851.77,merchant_demo_001
txn_7ebc49ff2518,acct_95b2af83b2,2026-01-21T10:17:20,4863.09,merchant_demo_001
txn_dc4ef469f35a,acct_95b2af83b2,2025-11-02T10:17:20,4137.39,merchant_demo_001
txn_59baac578ce4,acct_c72b833dce,2026-12-31T07:48:07,2087.12,merchant_demo_001
txn_7607d1ec3553,acct_c72b833dce,2026-06-03T07:48:07,3008.91,merchant_demo_001
txn_c0394a18f047,acct_c72b833dce,2026-12-27T07:48:07,3312.6,merchant_demo_001
txn_c64ed5d2b141,acct_c72b833dce,2027-02-16T07:48:07,3084.62,merchant_demo_001
txn_6b0658dc14da,acct_c72b833dce,2026-03-31T07:48:07,4021.11,merchant_demo_001
txn_9912009207e9,acct_d55a3a819a,2025-10-18T13:23:33,3451.16,merchant_demo_001
txn_dcebc95b6f20,acct_d55a3a819a,2026-01-14T13:23:33,3577.47,merchant_demo_001
txn_bb14aec14f34,acct_d55a3a819a,2026-04-22T13:23:33,1639.66,merchant_demo_001
txn_bc4f418ee42f,acct_1a548aa65e,2026-01-19T03:08:06,2624.56,merchant_demo_001
txn_f9e443c4514b,acct_1a548aa65e,2025-05-27T03:08:06,3636.73,merchant_demo_001
txn_517a89333141,acct_1a548aa65e,2025-08-24T03:08:06,3211.05,merchant_demo_001
txn_9bcbc6e45539,acct_1a548aa65e,2025-07-11T03:08:06,3010.75,merchant_demo_001
txn_c90015fc328d,acct_d64d516ccc,2025-10-23T19:46:23,4442.0,merchant_demo_001
txn_89d2961cfcdc,acct_d64d516ccc,2026-04-02T19:46:23,1906.24,merchant_demo_001
txn_85bc664dbb36,acct_d64d516ccc,2026-02-07T19:46:23,2447.5,merchant_demo_001
txn_68a8f499c4a1,acct_e8f9f1b936,2026-08-21T10:21:13,2322.44,merchant_demo_001
txn_381f0807dc53,acct_e8f9f1b936,2026-04-27T10:21:13,774.38,merchant_demo_001
txn_7f9a664ca57e,acct_e8f9f1b936,2026-09-10T10:21:13,406.65,merchant_demo_001
txn_92ac4a3313fb,acct_e9fd34c121,2026-03-07T07:17:05,4074.92,merchant_demo_001
txn_f878ea9ac289,acct_fcea402b32,2026-02-11T00:33:18,379.4,merchant_demo_001
txn_cd8f9569c13f,acct_fcea402b32,2026-06-20T00:33:18,4642.64,merchant_demo_001
txn_5632a27ab9cd,acct_fcea402b32,2026-09-30T00:33:18,4677.02,merchant_demo_001
txn_2b4bee23be26,acct_fcea402b32,2026-11-18T00:33:18,2938.74,merchant_demo_001
txn_8f88b27b7a52,acct_3dccd3a1d4,2027-03-30T04:31:24,2858.9,merchant_demo_001
txn_c8ced268f8b1,acct_3dccd3a1d4,2026-10-21T04:31:24,1365.22,merchant_demo_001
txn_4dacbfa83b9d,acct_3dccd3a1d4,2027-02-15T04:31:24,3159.16,merchant_demo_001
txn_a3f22bc50ff2,acct_03ac661377,2025-12-01T23:03:31,584.99,merchant_demo_001
txn_6d584a104b2e,acct_03ac661377,2025-09-11T23:03:31,1965.08,merchant_demo_001
txn_ca2c2dbb4e3c,acct_03ac661377,2025-04-02T23:03:31,741.65,merchant_demo_001
txn_3ed881b61b3c,acct_03ac661377,2025-04-03T23:03:31,1838.61,merchant_demo_001
txn_144bd8be48dd,acct_1ad1f82e99,2026-07-16T20:59:02,4243.51,merchant_demo_001
txn_6c03fa60d4e0,acct_0d94082aae,2025-04-13T01:54:07,2765.03,merchant_demo_001
txn_da1be3a361ad,acct_0d94082aae,2025-07-04T01:54:07,680.74,merchant_demo_001
txn_098a5e420831,acct_0d94082aae,2025-04-07T01:54:07,4632.45,merchant_demo_001
txn_fb8d8f0e2a46,acct_3a4b2834bf,2025-09-18T11:34:05,247.69,merchant_demo_001
txn_a8a88e39c31f,acct_3a4b2834bf,2026-05-10T11:34:05,2854.51,merchant_demo_001
txn_b657b2bc5a1f,acct_3a4b2834bf,2025-06-11T11:34:05,601.59,merchant_demo_001
txn_da5f1079cd42,acct_3a4b2834bf,2026-04-21T11:34:05,3611.88,merchant_demo_001
txn_4e5ea23e8102,acct_bf1143a46e,2025-12-11T21:59:33,1241.37,merchant_demo_001
txn_1f6d44a86d44,acct_bf1143a46e,2025-08-25T21:59:33,3110.64,merchant_demo_001
txn_884cb22e486d,acct_bf1143a46e,2026-02-21T21:59:33,3771.05,merchant_demo_001
txn_55e5bd58e406,acct_b4a05c1d6d,2026-07-30T08:54:58,4211.8,merchant_demo_001
txn_ca2aae462786,acct_b4a05c1d6d,2026-04-17T08:54:58,163.62,merchant_demo_001
txn_677a9dafdfb1,acct_b4a05c1d6d,2026-11-25T08:54:58,1617.75,merchant_demo_001
txn_f0c6ce3aad11,acct_b4a05c1d6d,2026-05-22T08:54:58,900.62,merchant_demo_001
txn_cd57cf145f00,acct_b4a05c1d6d,2026-08-14T08:54:58,1055.55,merchant_demo_001
txn_096762689b68,acct_1bf7c026bc,2025-01-29T09:24:24,4774.64,merchant_demo_001
txn_f65f36db4c4d,acct_1bf7c026bc,2025-03-08T09:24:24,2877.64,merchant_demo_001
txn_b4353fa82e2d,acct_1bf7c026bc,2025-12-01T09:24:24,4894.43,merchant_demo_001
txn_139b4d5bc0fa,acct_1bf7c026bc,2025-06-08T09:24:24,4057.27,merchant_demo_001
txn_5b37be30ca09,acct_1bf7c026bc,2025-03-25T09:24:24,523.63,merchant_demo_001
txn_41c4311129e6,acct_2cc1e0f788,2026-11-18T20:09:20,1248.02,merchant_demo_001
txn_9139a06961da,acct_2cc1e0f788,2027-06-05T20:09:20,869.93,merchant_demo_001
txn_56abc0c60e4c,acct_2cc1e0f788,2026-10-24T20:09:20,4592.25,merchant_demo_001
txn_4f7300f07674,acct_2cc1e0f788,2026-12-18T20:09:20,581.57,merchant_demo_001
txn_4ec9c12e28e1,acct_7040c50a21,2026-07-16T20:19:03,1577.05,merchant_demo_001
txn_5cd9b2ebb65f,acct_7040c50a21,2026-05-30T20:19:03,4311.43,merchant_demo_001
txn_f7d180c795b0,acct_0a333a79e1,2025-10-31T06:55:16,1106.27,merchant_demo_001
txn_0e7817e3c86e,acct_0a333a79e1,2025-05-07T06:55:16,4244.05,merchant_demo_001
txn_0ba3b9101fe5,acct_0a333a79e1,2025-10-12T06:55:16,3576.5,merchant_demo_001
txn_a80c3e7637ea,acct_0a333a79e1,2025-10-29T06:55:16,794.41,merchant_demo_001
txn_ad9204d2d249,acct_7a63bdd4ea,2026-09-26T17:37:14,3765.94,merchant_demo_001
txn_bcb5055a1895,acct_7a63bdd4ea,2025-11-27T17:37:14,2729.26,merchant_demo_001
txn_d9df9f43430f,acct_7a63bdd4ea,2026-04-04T17:37:14,1065.39,merchant_demo_001
txn_e289672e61cd,acct_7a63bdd4ea,2026-10-26T17:37:14,2483.02,merchant_demo_001
txn_cc2dd6bbe455,acct_31e35223a2,2026-01-21T10:14:53,1644.3,merchant_demo_001
txn_b2f0c29f4afd,acct_31e35223a2,2026-04-11T10:14:53,2562.42,merchant_demo_001
txn_18ac6fe355ff,acct_31e35223a2,2026-02-13T10:14:53,4199.18,merchant_demo_001
txn_07eaf2cd3aee,acct_31e35223a2,2026-06-05T10:14:53,1067.07,merchant_demo_001
txn_68637640cc65,acct_31e35223a2,2025-10-11T10:14:53,3532.11,merchant_demo_001
txn_0ee6e3c3b19f,acct_6615118d14,2027-02-01T21:43:58,3432.23,merchant_demo_001
txn_a2b2c0fd088e,acct_6615118d14,2026-05-06T21:43:58,3950.95,merchant_demo_001
txn_f55026a5b422,acct_6615118d14,2026-05-26T21:43:58,1128.75,merchant_demo_001
txn_b7aa7cac4483,acct_6615118d14,2026-08-08T21:43:58,2055.26,merchant_demo_001
txn_591917fb6c53,acct_6615118d14,2026-06-16T21:43:58,3588.92,merchant_demo_001
txn_4883fb78628c,acct_6f894d9847,2025-11-02T23:15:06,3022.16,merchant_demo_001
txn_7a5abab13a47,acct_6f894d9847,2025-12-18T23:15:06,4805.24,merchant_demo_001
txn_ee3d15c3e93a,acct_accdf077ad,2026-03-20T02:57:34,3245.11,merchant_demo_001
txn_462addb524bf,acct_accdf077ad,2025-12-19T02:57:34,2288.62,merchant_demo_001
txn_7072b5180ae6,acct_accdf077ad,2025-11-27T02:57:34,1974.91,merchant_demo_001
txn_3e804ee97ff8,acct_accdf077ad,2026-05-11T02:57:34,1829.63,merchant_demo_001
txn_a97936e4de98,acct_accdf077ad,2025-11-26T02:57:34,2480.24,merchant_demo_001
txn_db8af67a9609,acct_cbf5f76042,2026-01-10T00:28:31,492.83,merchant_demo_001
txn_34768b75228c,acct_cbf5f76042,2025-10-15T00:28:31,1773.74,merchant_demo_001
txn_c0a29383379f,acct_cbf5f76042,2025-10-22T00:28:31,1864.64,merchant_demo_001
txn_974ee3c3269e,acct_cbf5f76042,2025-10-18T00:28:31,2418.73,merchant_demo_001
txn_ff06a359c394,acct_95c23b790c,2025-10-06T00:32:18,4275.55,merchant_demo_001
txn_bf8bcb5486d8,acct_95c23b790c,2026-05-12T00:32:18,2609.99,merchant_demo_001
txn_760bde4c6df3,acct_4df1e75bd6,2026-02-05T07:34:51,4237.22,merchant_demo_001
txn_2834a44cbf88,acct_4df1e75bd6,2026-05-11T07:34:51,1854.63,merchant_demo_001
txn_a2834c49bf56,acct_4df1e75bd6,2026-11-21T07:34:51,1181.47,merchant_demo_001
txn_8ecae96cb520,acct_4df1e75bd6,2026-10-25T07:34:51,4583.46,merchant_demo_001
txn_d967453097b3,acct_4df1e75bd6,2025-12-14T07:34:51,3096.48,merchant_demo_001
txn_dfa755701646,acct_44bceef592,2026-06-24T00:42:25,1289.44,merchant_demo_001
txn_4dfc85895fd6,acct_44bceef592,2027-02-22T00:42:25,4663.45,merchant_demo_001
txn_a1e5405f2929,acct_44bceef592,2027-01-16T00:42:25,787.7,merchant_demo_001
txn_007bf908a3ae,acct_44bceef592,2026-08-10T00:42:25,4299.58,merchant_demo_001
txn_321ac0e5f4c0,acct_44bceef592,2026-10-19T00:42:25,4361.49,merchant_demo_001
txn_40c28e3e64dd,acct_8ec0e5a3f2,2026-08-01T04:31:38,2076.85,merchant_demo_001
txn_e2af38f0f910,acct_8ec0e5a3f2,2026-06-30T04:31:38,2626.51,merchant_demo_001
txn_33755ef7e14f,acct_aa3485dfc0,2025-05-26T23:45:24,3123.68,merchant_demo_001
txn_60991df072f0,acct_aa3485dfc0,2026-01-27T23:45:24,3290.38,merchant_demo_001
txn_402b2ecaf2ad,acct_919ef4699b,2026-11-03T03:51:54,2762.3,merchant_demo_001
txn_4f3ea30cb2fe,acct_919ef4699b,2027-01-11T03:51:54,4479.86,merchant_demo_001
txn_afa0fc04237e,acct_c23de3a397,2026-02-27T11:26:27,4048.26,merchant_demo_001
txn_930e15f073bb,acct_c23de3a397,2026-05-30T11:26:27,3033.04,merchant_demo_001
txn_d2114f8a3e68,acct_4d20e2f31e,2025-09-03T16:16:40,3875.54,merchant_demo_001
txn_9826869139cc,acct_b38b377dad,2025-03-29T16:38:44,2693.07,merchant_demo_001
txn_08f2093c46c8,acct_b38b377dad,2025-03-29T17:51:44,2789.52,merchant_demo_001
txn_0f8031fa1eef,acct_d4d66efb94,2026-07-10T06:48:00,935.67,merchant_demo_001
txn_d36175a0847a,acct_d4d66efb94,2026-04-04T06:48:00,4664.14,merchant_demo_001
txn_bae467051b70,acct_d4d66efb94,2025-11-07T06:48:00,3945.2,merchant_demo_001
txn_8c9fc1a32334,acct_1c3dd35a93,2025-05-11T05:07:35,3843.43,merchant_demo_001
txn_22fcf5a3a715,acct_1c3dd35a93,2025-11-02T05:07:35,4075.86,merchant_demo_001
txn_88482160e39c,acct_1c3dd35a93,2025-10-27T05:07:35,2547.32,merchant_demo_001
txn_f2080031ac64,acct_95b333549a,2026-07-28T02:41:05,718.0,merchant_demo_001
txn_91f5df24cd16,acct_f0282ebbd0,2026-10-16T16:03:16,821.75,merchant_demo_001
txn_e5eb13d178af,acct_ec4a098964,2025-10-28T11:25:44,4315.36,merchant_demo_001
txn_cadc020e496d,acct_ec4a098964,2026-01-01T11:25:44,2890.63,merchant_demo_001
txn_d60a90cfddb2,acct_338bd1f6d1,2026-07-07T14:12:10,1266.66,merchant_demo_001
txn_a456351f9c10,acct_338bd1f6d1,2026-02-10T14:12:10,3565.54,merchant_demo_001
txn_51e91ce2555e,acct_338bd1f6d1,2026-11-13T14:12:10,1278.66,merchant_demo_001
txn_cb87b72cea7e,acct_8c3942142e,2027-02-03T05:00:24,259.25,merchant_demo_001
txn_d61ae56a80c8,acct_8c3942142e,2026-07-25T05:00:24,722.73,merchant_demo_001
txn_462b76b4027f,acct_8c3942142e,2026-06-09T05:00:24,2330.82,merchant_demo_001
txn_bfd010ca86c7,acct_8c3942142e,2026-09-20T05:00:24,3403.75,merchant_demo_001
txn_187878210521,acct_8c3942142e,2026-08-03T05:00:24,2774.06,merchant_demo_001
txn_a94497ad850f,acct_470090a373,2026-12-22T10:45:55,2359.77,merchant_demo_001
txn_866d7caa9e6f,acct_470090a373,2027-02-23T10:45:55,4719.26,merchant_demo_001
txn_bccf05786bc0,acct_470090a373,2026-09-26T10:45:55,3942.6,merchant_demo_001
txn_da447839db30,acct_470090a373,2027-01-18T10:45:55,3605.86,merchant_demo_001
txn_4c35af42888b,acct_3f7cd3f012,2027-04-20T19:18:48,1294.58,merchant_demo_001
txn_edd15df824cf,acct_3f7cd3f012,2026-10-26T19:18:48,876.13,merchant_demo_001
txn_42ee6909e5d5,acct_3f7cd3f012,2026-12-12T19:18:48,674.89,merchant_demo_001
txn_53a7fa9fde05,acct_3f7cd3f012,2026-04-19T19:18:48,1074.12,merchant_demo_001
txn_4afb7003bdc3,acct_fdd55b4f33,2026-07-30T04:35:05,4217.63,merchant_demo_001
txn_61e0b226df38,acct_fdd55b4f33,2026-03-23T04:35:05,3041.76,merchant_demo_001
txn_b8bdad630835,acct_fdd55b4f33,2026-08-22T04:35:05,1943.73,merchant_demo_001
txn_1f46641ade5f,acct_fdd55b4f33,2026-06-25T04:35:05,1899.44,merchant_demo_001
txn_7a50d9366001,acct_fdd55b4f33,2026-07-03T04:35:05,2461.75,merchant_demo_001
txn_7dfd5a12baf2,acct_923b952c09,2025-12-04T17:14:21,2205.91,merchant_demo_001
txn_0f4d7b392925,acct_d131dbbfb0,2025-09-16T23:17:22,4332.73,merchant_demo_001
txn_ff5e897b0726,acct_d131dbbfb0,2026-02-21T23:17:22,3758.67,merchant_demo_001
txn_6045aabb3e6a,acct_7c983e87ad,2026-02-13T04:39:06,1260.23,merchant_demo_001
txn_991f8bafdbdc,acct_7c983e87ad,2025-08-03T04:39:06,4507.49,merchant_demo_001
txn_ec0d1f124e76,acct_7c983e87ad,2026-03-07T04:39:06,1301.95,merchant_demo_001
txn_92d0007f32aa,acct_393dc8ca7a,2026-05-05T22:46:55,3578.81,merchant_demo_001
txn_34ee49e86d0e,acct_393dc8ca7a,2026-03-18T22:46:55,4417.8,merchant_demo_001
txn_06e482a38501,acct_393dc8ca7a,2026-05-04T22:46:55,695.55,merchant_demo_001
txn_18c180fadcc8,acct_393dc8ca7a,2025-10-05T22:46:55,1264.56,merchant_demo_001
txn_5017f263a5a9,acct_077c0cf3cf,2027-02-19T09:51:19,4617.6,merchant_demo_001
txn_baad1c5e0202,acct_077c0cf3cf,2026-08-27T09:51:19,1901.48,merchant_demo_001
txn_2d152bdad9b9,acct_50a37cf9da,2027-03-09T01:11:30,4551.49,merchant_demo_001
txn_676a3cc1920c,acct_50a37cf9da,2027-06-13T01:11:30,4366.96,merchant_demo_001
txn_d5464a13c1d7,acct_50a37cf9da,2026-08-22T01:11:30,3011.27,merchant_demo_001
txn_d7ef50bae5e2,acct_88dec4e85a,2025-12-12T08:13:47,2780.45,merchant_demo_001
txn_0423e068a5bb,acct_88dec4e85a,2025-04-14T08:13:47,4673.19,merchant_demo_001
txn_15512768428c,acct_88dec4e85a,2025-11-25T08:13:47,385.39,merchant_demo_001
txn_11f6e5df0d4c,acct_fc025066c6,2025-04-30T09:58:11,1586.19,merchant_demo_001
txn_6a6be7f53a3b,acct_fc025066c6,2025-10-07T09:58:11,871.43,merchant_demo_001
txn_de5f2f54b440,acct_fc025066c6,2025-03-13T09:58:11,772.4,merchant_demo_001
txn_39e096bc5670,acct_0a13931a1c,2025-09-10T10:52:37,346.44,merchant_demo_001
txn_17c8d09a95ac,acct_0a13931a1c,2026-01-10T10:52:37,1132.53,merchant_demo_001
txn_ff4453033be9,acct_0a13931a1c,2026-01-16T10:52:37,1887.77,merchant_demo_001
txn_e0fabd5d40f9,acct_0a13931a1c,2025-12-10T10:52:37,2046.89,merchant_demo_001
txn_f5939fcbe57a,acct_0a13931a1c,2026-03-04T10:52:37,2328.44,merchant_demo_001
txn_9e0c6220db69,acct_2d24cb100a,2025-10-31T11:11:18,1460.39,merchant_demo_001
txn_9fc05e498e48,acct_2d24cb100a,2025-06-12T11:11:18,4016.06,merchant_demo_001
txn_6399fc99ea1a,acct_2d24cb100a,2026-03-12T11:11:18,660.32,merchant_demo_001
txn_7160c7ebd982,acct_2d24cb100a,2025-12-27T11:11:18,3804.54,merchant_demo_001
txn_50dd1decf57a,acct_2d24cb100a,2025-12-24T11:11:18,3830.02,merchant_demo_001
txn_687aa93dc9fe,acct_b6b870230a,2026-11-11T12:34:17,3907.57,merchant_demo_001
txn_8d0574decc4f,acct_fa7fd4a5bf,2027-04-10T14:34:17,383.08,merchant_demo_001
txn_1f84147d0df6,acct_fa7fd4a5bf,2026-10-11T14:34:17,4668.09,merchant_demo_001
txn_7d8130519c04,acct_fa7fd4a5bf,2027-02-03T14:34:17,1684.25,merchant_demo_001
txn_bdc3e171861c,acct_fa7fd4a5bf,2027-07-25T14:34:17,2227.31,merchant_demo_001
txn_addb1c6977d3,acct_fa7fd4a5bf,2027-07-29T14:34:17,3194.26,merchant_demo_001
txn_c4c2584edbba,acct_c0e4f74df3,2026-08-19T19:50:35,3822.44,merchant_demo_001
txn_be691a0d90fe,acct_c0e4f74df3,2026-09-16T19:50:35,511.29,merchant_demo_001
txn_ca9e3d4a0520,acct_be132e3d6c,2025-06-06T04:06:07,2002.28,merchant_demo_001
txn_7b79dc27e61a,acct_be132e3d6c,2025-02-06T04:06:07,267.87,merchant_demo_001
txn_893e5c3053f5,acct_be132e3d6c,2025-01-22T04:06:07,4770.12,merchant_demo_001
txn_6dfbc3995fa4,acct_be132e3d6c,2025-04-25T04:06:07,2120.96,merchant_demo_001
txn_6e2c17c5a76d,acct_e1f2e3555d,2025-09-26T23:35:04,4007.38,merchant_demo_001
txn_a9b772034514,acct_e1f2e3555d,2025-05-13T23:35:04,2163.21,merchant_demo_001
txn_9d47ee97a047,acct_b0875477bd,2025-10-03T02:31:31,4952.61,merchant_demo_001
txn_5d0355eb01db,acct_b0875477bd,2025-09-10T02:31:31,52.81,merchant_demo_001
txn_42e93bec5665,acct_b0875477bd,2025-06-28T02:31:31,858.79,merchant_demo_001
txn_e4c2329e866e,acct_b0875477bd,2025-06-14T02:31:31,1364.26,merchant_demo_001
txn_030e13f272b8,acct_b0875477bd,2026-01-28T02:31:31,3945.71,merchant_demo_001
txn_5a95c4757573,acct_027019adbb,2027-02-05T02:40:06,4579.91,merchant_demo_001
txn_d8c778d1aef1,acct_027019adbb,2026-09-03T02:40:06,4627.87,merchant_demo_001
txn_7ddc0a3d6e20,acct_b8610cba6b,2026-04-22T07:49:12,445.85,merchant_demo_001
txn_9d86b400c9cc,acct_b8610cba6b,2026-10-16T07:49:12,4067.86,merchant_demo_001
txn_c07af88606e0,acct_b8610cba6b,2026-08-17T07:49:12,3103.15,merchant_demo_001
txn_8c74659a8b16,acct_b8610cba6b,2026-09-01T07:49:12,4260.44,merchant_demo_001
txn_e28bd3891387,acct_f483bd90a3,2026-02-01T21:00:32,2814.91,merchant_demo_001
txn_35dfe296ad24,acct_f483bd90a3,2026-02-01T19:57:32,3176.05,merchant_demo_001
txn_09167c962664,acct_d9a942c946,2026-03-13T17:37:29,820.21,merchant_demo_001
txn_c5a7e2a085bc,acct_d9a942c946,2026-06-01T17:37:29,4185.03,merchant_demo_001
txn_1ccd86ae3785,acct_d9a942c946,2026-04-14T17:37:29,2624.24,merchant_demo_001
txn_b1b3283de467,acct_33d2478f49,2025-11-17T02:43:23,3902.57,merchant_demo_001
txn_6bd278899abc,acct_33d2478f49,2025-05-22T02:43:23,1169.68,merchant_demo_001
txn_896a9e8bf977,acct_33d2478f49,2025-01-28T02:43:23,2197.67,merchant_demo_001
txn_f9fa3d670176,acct_71adbdcb27,2026-03-30T17:03:08,4702.7,merchant_demo_001
txn_5d5a9bf57f66,acct_71adbdcb27,2026-03-15T17:03:08,2519.43,merchant_demo_001
txn_b299b5f39b49,acct_71adbdcb27,2026-10-18T17:03:08,4957.0,merchant_demo_001
txn_0eecabe64eaa,acct_c86fa26a8c,2026-01-04T23:10:23,1536.7,merchant_demo_001
txn_7d1f7c87b5b5,acct_127d10cb4d,2025-11-12T06:48:53,4129.14,merchant_demo_001
txn_a4c29323e953,acct_127d10cb4d,2025-11-12T08:43:53,1156.94,merchant_demo_001
txn_92df0ed80cac,acct_a513102da2,2025-08-10T07:32:46,2348.52,merchant_demo_001
txn_f0be519ae31f,acct_a513102da2,2025-06-22T07:32:46,4633.96,merchant_demo_001
txn_07d1280457e2,acct_ad1b34489c,2026-12-17T22:41:47,1846.81,merchant_demo_001
txn_4d5e07692dfd,acct_ad1b34489c,2027-04-18T22:41:47,2029.26,merchant_demo_001
txn_410e49b133e2,acct_ad1b34489c,2027-01-18T22:41:47,1689.51,merchant_demo_001
txn_ac15be47400e,acct_ad1b34489c,2026-05-14T22:41:47,1250.35,merchant_demo_001
txn_71328110858f,acct_ad1b34489c,2027-02-16T22:41:47,2431.81,merchant_demo_001
txn_6e44df78eeff,acct_0240572528,2027-05-08T05:26:34,1604.09,merchant_demo_001
txn_a1dfbef63b2b,acct_819ec9b45a,2026-09-25T16:33:47,2059.33,merchant_demo_001
txn_ba4a0aa19185,acct_13234bf7c7,2025-12-26T13:55:58,2100.4,merchant_demo_001
txn_cb3a7d0b1e9b,acct_13234bf7c7,2025-10-24T13:55:58,1702.24,merchant_demo_001
txn_0a690458b038,acct_13234bf7c7,2026-04-16T13:55:58,635.22,merchant_demo_001
txn_ab9e5a9f3f52,acct_13234bf7c7,2026-02-06T13:55:58,2458.27,merchant_demo_001
txn_a43eb161166b,acct_67243497a6,2026-11-30T06:52:54,2962.69,merchant_demo_001
txn_a2995c03484f,acct_67243497a6,2026-12-05T06:52:54,2179.02,merchant_demo_001
txn_9b2cd0501164,acct_67243497a6,2026-09-09T06:52:54,1468.01,merchant_demo_001
txn_4c71762ceba1,acct_67243497a6,2027-03-20T06:52:54,4032.42,merchant_demo_001
txn_8f61ad8b2f9b,acct_2c10b2522e,2026-03-16T15:30:13,3010.01,merchant_demo_001
txn_083a0b020850,acct_2c10b2522e,2026-10-24T15:30:13,1915.4,merchant_demo_001
txn_58f2b1c0db0a,acct_2c10b2522e,2026-02-05T15:30:13,548.27,merchant_demo_001
txn_6c20a2a2fa41,acct_ce7b216c18,2027-07-02T06:17:39,92.02,merchant_demo_001
txn_10f7496d6979,acct_874977d1cb,2026-11-14T00:36:35,2488.61,merchant_demo_001
txn_af54b4bad316,acct_874977d1cb,2026-05-26T00:36:35,4675.15,merchant_demo_001
txn_782c4f926988,acct_874977d1cb,2027-04-01T00:36:35,3257.45,merchant_demo_001
txn_d9c267bdc436,acct_874977d1cb,2026-05-05T00:36:35,60.33,merchant_demo_001
txn_5b0e3681600a,acct_874977d1cb,2026-07-08T00:36:35,211.79,merchant_demo_001
txn_f4cf23ac38b2,acct_b0bf44e598,2026-08-13T07:25:56,3409.76,merchant_demo_001
txn_95876c995648,acct_b0bf44e598,2027-01-31T07:25:56,1818.39,merchant_demo_001
txn_f62c3208f45e,acct_b0bf44e598,2026-11-26T07:25:56,483.22,merchant_demo_001
txn_c58c10c822b6,acct_0303b9bc1f,2025-07-02T12:31:01,1684.2,merchant_demo_001
txn_126a5748d2ca,acct_0303b9bc1f,2025-02-13T12:31:01,4981.76,merchant_demo_001
txn_1f914fdcb622,acct_d913eda300,2025-09-16T01:29:48,3091.1,merchant_demo_001
txn_c49c51ab1774,acct_cbc5b8004f,2025-04-13T19:54:39,4490.43,merchant_demo_001
txn_7e3b979641ea,acct_cbc5b8004f,2025-09-24T19:54:39,582.32,merchant_demo_001
txn_c469ff7db769,acct_2f31882294,2025-06-11T03:39:31,3096.4,merchant_demo_001
txn_d3c0b7921fc3,acct_2f31882294,2025-10-09T03:39:31,404.83,merchant_demo_001
txn_03010c14a2b4,acct_2f31882294,2025-11-22T03:39:31,1458.0,merchant_demo_001
txn_57be5188324a,acct_2f31882294,2025-02-15T03:39:31,2338.57,merchant_demo_001
txn_debe34cd8840,acct_2f31882294,2025-05-26T03:39:31,829.1,merchant_demo_001
txn_fb68027afaf4,acct_8174d02336,2025-09-06T00:43:43,2507.26,merchant_demo_001
txn_caef7f713a45,acct_8174d02336,2025-11-10T00:43:43,3460.71,merchant_demo_001
txn_c7fdf5fe637d,acct_8174d02336,2025-08-04T00:43:43,1997.3,merchant_demo_001
txn_2c1d45b100b0,acct_8174d02336,2026-01-08T00:43:43,3341.79,merchant_demo_001
txn_d43ae462d1cb,acct_8174d02336,2026-07-09T00:43:43,2389.67,merchant_demo_001
txn_e6a138e1dd71,acct_c80c0f0d76,2025-12-04T17:40:26,4760.94,merchant_demo_001
txn_82eabadd6abd,acct_c80c0f0d76,2025-11-07T17:40:26,1503.58,merchant_demo_001
txn_4885d42fb93d,acct_c80c0f0d76,2026-05-31T17:40:26,4082.46,merchant_demo_001
txn_7f5041cc4135,acct_c80c0f0d76,2026-01-04T17:40:26,4044.48,merchant_demo_001
txn_48db4c851ae6,acct_d50c9cf8ee,2025-11-14T12:01:25,3347.96,merchant_demo_001
txn_e8886c6d5611,acct_385e297fde,2025-06-17T13:13:54,2333.37,merchant_demo_001
txn_9559ffedaa47,acct_385e297fde,2026-02-09T13:13:54,818.33,merchant_demo_001
txn_71273543c76b,acct_4a55961bec,2026-07-16T19:24:29,2959.03,merchant_demo_001
txn_ed6263aacb9f,acct_42f776ffb4,2026-09-28T11:31:25,582.99,merchant_demo_001
txn_64cb3d25f65b,acct_d81255b3a4,2025-10-14T07:02:44,789.17,merchant_demo_001
txn_c1856c66625d,acct_d81255b3a4,2025-09-17T07:02:44,1448.25,merchant_demo_001
txn_1488733e85ac,acct_d81255b3a4,2026-01-28T07:02:44,3454.24,merchant_demo_001
txn_68275f8368af,acct_d81255b3a4,2026-06-03T07:02:44,1234.31,merchant_demo_001
txn_8e7e8cc028e8,acct_b7a1cf248b,2025-10-29T12:11:27,2078.91,merchant_demo_001
txn_47b138caefe6,acct_b7a1cf248b,2026-02-13T12:11:27,3357.93,merchant_demo_001
txn_c6b8595a5b9d,acct_b7a1cf248b,2026-02-27T12:11:27,2783.0,merchant_demo_001
txn_c407b0ae66d4,acct_b7a1cf248b,2026-01-15T12:11:27,1547.6,merchant_demo_001
txn_0a1e240e52ae,acct_53c9fc6cda,2027-02-11T02:20:20,3298.1,merchant_demo_001
txn_851b98d2a1dd,acct_53c9fc6cda,2026-12-17T02:20:20,824.83,merchant_demo_001
txn_91b84d041c87,acct_185379ee0e,2026-11-17T05:06:05,376.97,merchant_demo_001
txn_95e49cb20fa8,acct_185379ee0e,2026-06-10T05:06:05,4213.55,merchant_demo_001
txn_7026608e7291,acct_486e99c3ce,2025-12-16T14:37:37,973.48,merchant_demo_001
txn_600af71aad60,acct_486e99c3ce,2026-02-09T14:37:37,2344.34,merchant_demo_001
txn_98de0a19aefb,acct_486e99c3ce,2025-12-20T14:37:37,3929.44,merchant_demo_001
txn_280d65436c96,acct_b71bd57aef,2026-09-30T09:23:10,707.87,merchant_demo_001
txn_0ff02ddb6666,acct_b71bd57aef,2026-07-29T09:23:10,3739.14,merchant_demo_001
txn_fa7902db02fb,acct_b71bd57aef,2027-02-09T09:23:10,2140.62,merchant_demo_001
txn_f39fea611fc7,acct_6e821e4070,2025-09-12T21:06:28,4347.26,merchant_demo_001
txn_85b5c2b7f7b7,acct_6e821e4070,2025-09-12T19:28:28,86.82,merchant_demo_001
txn_ddad07a6e29a,acct_4908d6c4e0,2025-12-24T07:30:00,2108.22,merchant_demo_001
txn_2741042a7ef4,acct_4908d6c4e0,2026-04-24T07:30:00,4383.83,merchant_demo_001
txn_d2437364477e,acct_1057c3d35c,2025-04-25T06:08:29,258.03,merchant_demo_001
txn_d59df85f3ef1,acct_1057c3d35c,2025-04-21T06:08:29,1238.12,merchant_demo_001
txn_5b4316f3f61e,acct_1057c3d35c,2025-12-15T06:08:29,2502.02,merchant_demo_001
txn_9a9759682477,acct_9079647f02,2025-05-08T22:23:30,3617.88,merchant_demo_001
txn_6e4c24b01a3b,acct_9079647f02,2025-08-26T22:23:30,240.32,merchant_demo_001
txn_fbb247b9635f,acct_9079647f02,2025-01-29T22:23:30,3176.11,merchant_demo_001
txn_da5e1516687d,acct_ba0354e2d1,2026-08-20T21:34:49,1896.47,merchant_demo_001
txn_02c4bcf8b90e,acct_ba0354e2d1,2025-10-11T21:34:49,567.76,merchant_demo_001
txn_f5bdc0b4e763,acct_ba0354e2d1,2026-11-09T21:34:49,4130.4,merchant_demo_001
txn_c2b1a3b26bd3,acct_0612b937c6,2026-08-17T05:41:38,1094.76,merchant_demo_001
txn_fd05cdaa3a52,acct_0612b937c6,2026-10-23T05:41:38,3417.76,merchant_demo_001
txn_5f2a2901cf64,acct_0612b937c6,2027-05-18T05:41:38,3733.06,merchant_demo_001
txn_652ea8057b68,acct_0612b937c6,2026-09-23T05:41:38,2677.8,merchant_demo_001
txn_07a9d39ca503,acct_0612b937c6,2027-01-31T05:41:38,4968.47,merchant_demo_001
txn_5136778a9b85,acct_f9321368a3,2027-01-20T01:23:31,1023.47,merchant_demo_001
txn_835d4cb97a85,acct_f9321368a3,2027-04-11T01:23:31,4751.59,merchant_demo_001
txn_638e4485016a,acct_f9321368a3,2026-04-02T01:23:31,2302.01,merchant_demo_001
txn_4289950152c9,acct_f9321368a3,2027-03-16T01:23:31,2975.33,merchant_demo_001
txn_048440427829,acct_f9321368a3,2026-08-08T01:23:31,2717.02,merchant_demo_001
txn_ed9ec2a61b16,acct_7e9aa5ac91,2026-03-29T18:32:09,1458.2,merchant_demo_001
txn_3fb6dd8f7fc5,acct_7e9aa5ac91,2026-03-16T18:32:09,2066.31,merchant_demo_001
txn_3ac8e9121b24,acct_7e9aa5ac91,2027-01-22T18:32:09,4827.17,merchant_demo_001
txn_f1d9e4034549,acct_7e9aa5ac91,2026-04-08T18:32:09,2398.86,merchant_demo_001
txn_97d5fcadd3c3,acct_e96525b0fc,2026-01-08T04:06:17,4574.82,merchant_demo_001
txn_7ae1d151cdc4,acct_e96525b0fc,2026-03-23T04:06:17,2880.89,merchant_demo_001
txn_d32081ec96b7,acct_e96525b0fc,2025-10-24T04:06:17,4182.27,merchant_demo_001
txn_7c6666127cec,acct_e96525b0fc,2025-09-07T04:06:17,2273.89,merchant_demo_001
txn_d949664210d3,acct_ebdf02ce68,2026-03-20T23:19:10,4268.22,merchant_demo_001
txn_c81b8e011e03,acct_ebdf02ce68,2025-08-16T23:19:10,3358.74,merchant_demo_001
txn_029df04e1ef2,acct_ebdf02ce68,2026-02-11T23:19:10,1308.0,merchant_demo_001
txn_cf443110fe69,acct_7b60d2685f,2026-03-20T00:12:32,2677.18,merchant_demo_001
txn_8e2cd4f5ef40,acct_7b60d2685f,2026-04-07T00:12:32,1147.91,merchant_demo_001
txn_b85314dad45c,acct_7b60d2685f,2026-11-03T00:12:32,1232.95,merchant_demo_001
txn_2f36dbbed9f3,acct_4a4e9bb5ab,2027-01-14T08:39:41,286.43,merchant_demo_001
txn_0af10c2f3913,acct_7d0a622ec5,2025-07-18T12:41:12,2699.53,merchant_demo_001
txn_cc371aa5cedf,acct_c0a70d9445,2025-11-10T19:06:39,130.9,merchant_demo_001
txn_e2bef1659390,acct_c0a70d9445,2026-04-21T19:06:39,3983.42,merchant_demo_001
txn_fddcc7aeb606,acct_c0a70d9445,2026-03-04T19:06:39,3950.57,merchant_demo_001
txn_d60505abbd02,acct_c0a70d9445,2026-05-09T19:06:39,3021.21,merchant_demo_001
txn_980e4c45ac07,acct_c0a70d9445,2025-05-07T19:06:39,2508.35,merchant_demo_001
txn_7865690a1234,acct_fc0eba658d,2025-11-15T13:28:31,2693.75,merchant_demo_001
txn_a10a7671544d,acct_fc0eba658d,2025-11-15T14:55:31,1473.41,merchant_demo_001
txn_73175e5ce343,acct_fc0eba658d,2025-11-15T13:03:31,4283.41,merchant_demo_001
txn_852b4eee27d3,acct_6e075194f6,2025-11-12T10:39:38,3642.32,merchant_demo_001
txn_ceec233941f8,acct_6e075194f6,2025-04-29T10:39:38,2748.06,merchant_demo_001
txn_aa2b217d0caf,acct_6e075194f6,2025-05-11T10:39:38,120.35,merchant_demo_001
txn_1af322b9457e,acct_6e075194f6,2025-09-05T10:39:38,444.4,merchant_demo_001
txn_bef5a2e1d011,acct_851ec59f34,2026-03-27T20:02:24,152.42,merchant_demo_001
txn_a9dddc30e0a5,acct_851ec59f34,2025-09-29T20:02:24,4658.86,merchant_demo_001
txn_c55a450ea1bf,acct_68163bf92b,2025-04-27T05:24:32,3304.41,merchant_demo_001
txn_34158918517b,acct_68163bf92b,2026-01-09T05:24:32,1322.61,merchant_demo_001
txn_d74b83f24340,acct_68163bf92b,2025-04-23T05:24:32,4534.47,merchant_demo_001
txn_81c539ca479f,acct_732109dc12,2027-05-26T00:39:44,861.34,merchant_demo_001
txn_0572d43f8959,acct_732109dc12,2026-07-06T00:39:44,3837.21,merchant_demo_001
txn_0875a318c817,acct_c416250461,2026-05-22T09:20:17,4989.53,merchant_demo_001
txn_87b2f4e1e3f6,acct_c416250461,2026-12-04T09:20:17,2765.97,merchant_demo_001
txn_06e45c5bf507,acct_c416250461,2026-01-19T09:20:17,427.32,merchant_demo_001
txn_583fa4610239,acct_17ef499082,2025-09-14T15:37:17,4272.5,merchant_demo_001
txn_16afa1cf4b58,acct_17ef499082,2025-07-15T15:37:17,4770.25,merchant_demo_001
txn_ad2ab7f4a5c1,acct_b833a32c6a,2026-06-30T17:45:03,3863.18,merchant_demo_001
txn_944839604bec,acct_b41162bde6,2026-03-12T14:46:03,611.19,merchant_demo_001
txn_a70846b7a5f6,acct_b41162bde6,2026-07-30T14:46:03,1720.77,merchant_demo_001
txn_f172f7b42a55,acct_b41162bde6,2026-08-24T14:46:03,3841.7,merchant_demo_001
txn_ca211e043635,acct_e9591cfbe5,2026-11-03T11:14:07,2578.36,merchant_demo_001
txn_655a70681212,acct_e9591cfbe5,2026-11-11T11:14:07,3356.59,merchant_demo_001
txn_628df8a44c12,acct_e9591cfbe5,2026-07-30T11:14:07,3938.21,merchant_demo_001
txn_2eaa8ace740c,acct_e9591cfbe5,2026-09-08T11:14:07,3955.55,merchant_demo_001
txn_8c1b7bc684aa,acct_e9591cfbe5,2026-09-06T11:14:07,923.17,merchant_demo_001
txn_562c2584614a,acct_774cc3ce60,2026-01-05T00:56:06,4727.46,merchant_demo_001
txn_a75cb63be4f8,acct_774cc3ce60,2026-04-07T00:56:06,140.23,merchant_demo_001
txn_6cf806b2078e,acct_a6eda8c047,2026-04-22T04:46:11,477.8,merchant_demo_001
txn_c0ae5948bc68,acct_a6eda8c047,2025-04-27T04:46:11,853.35,merchant_demo_001
txn_1f1236632624,acct_a6eda8c047,2025-09-17T04:46:11,843.68,merchant_demo_001
txn_4064c3d591d6,acct_a6eda8c047,2026-03-14T04:46:11,2697.31,merchant_demo_001
txn_758dccb39282,acct_a6eda8c047,2025-11-26T04:46:11,4956.01,merchant_demo_001
txn_384a82a21caf,acct_6f72a3b5b6,2026-02-03T19:00:32,1733.89,merchant_demo_001
txn_62b5a50ea028,acct_6f72a3b5b6,2026-08-06T19:00:32,3973.69,merchant_demo_001
txn_6c11e5ccf076,acct_6f72a3b5b6,2026-08-28T19:00:32,562.67,merchant_demo_001
txn_796c9104f431,acct_48d47abbc0,2026-04-11T09:33:12,4068.46,merchant_demo_001
txn_dfc9c0160372,acct_48d47abbc0,2025-06-26T09:33:12,879.24,merchant_demo_001
txn_9db18b98e95a,acct_48d47abbc0,2026-01-21T09:33:12,3205.57,merchant_demo_001
txn_ea1a561ed4b3,acct_48d47abbc0,2026-04-10T09:33:12,2952.45,merchant_demo_001
txn_48900e8d776b,acct_48d47abbc0,2026-03-02T09:33:12,381.16,merchant_demo_001
txn_2873c5e4dedb,acct_c241c5cb75,2026-03-02T15:44:46,4672.29,merchant_demo_001
txn_b8e0693c5057,acct_c241c5cb75,2026-05-04T15:44:46,2497.16,merchant_demo_001
txn_10ba0f46159c,acct_266141b7a7,2026-08-01T10:53:37,1644.96,merchant_demo_001
txn_2e8c664bfcaa,acct_266141b7a7,2026-07-22T10:53:37,1035.61,merchant_demo_001
txn_6fc9d1c55012,acct_266141b7a7,2026-02-05T10:53:37,230.08,merchant_demo_001
txn_d68731a213c0,acct_266141b7a7,2026-04-21T10:53:37,68.42,merchant_demo_001
txn_537a242f5f22,acct_38b43e0053,2026-02-22T22:22:26,4938.93,merchant_demo_001
txn_6a30187c0055,acct_38b43e0053,2026-08-23T22:22:26,3261.15,merchant_demo_001
txn_ffcf8d665236,acct_38b43e0053,2026-09-14T22:22:26,3761.18,merchant_demo_001
txn_902ce397508b,acct_f2d8be26e6,2025-11-16T03:19:44,4316.93,merchant_demo_001
txn_75146585d912,acct_d3b072d15a,2026-08-12T06:36:36,4222.96,merchant_demo_001
txn_db7e2946dcef,acct_5cf4830137,2026-07-16T02:21:29,2828.99,merchant_demo_001
txn_7c34cfe41419,acct_5cf4830137,2025-12-21T02:21:29,2984.78,merchant_demo_001
txn_39c156dd1e1d,acct_5cf4830137,2026-06-22T02:21:29,2497.01,merchant_demo_001
txn_a6a47c784590,acct_5cf4830137,2026-08-01T02:21:29,3643.22,merchant_demo_001
txn_cd38ddae6ae7,acct_5cf4830137,2026-04-15T02:21:29,642.78,merchant_demo_001
txn_d8d566daa877,acct_54e71eb41a,2026-07-01T20:28:09,1619.48,merchant_demo_001
txn_7034103a23db,acct_a49f268ff6,2026-04-15T06:30:15,4119.71,merchant_demo_001
txn_d5782fce8b38,acct_a49f268ff6,2025-12-12T06:30:15,242.75,merchant_demo_001
txn_da2bf5ea0868,acct_a49f268ff6,2025-09-07T06:30:15,321.82,merchant_demo_001
txn_3f118991f4b9,acct_7676628796,2026-03-20T16:24:00,4822.19,merchant_demo_001
txn_fc11b1869703,acct_7676628796,2025-06-23T16:24:00,3494.74,merchant_demo_001
txn_0f98b38f85d8,acct_7676628796,2025-10-25T16:24:00,4996.44,merchant_demo_001
txn_b4e52631bf4a,acct_ce820ef5d2,2026-04-10T01:03:45,4256.2,merchant_demo_001
txn_a65c3d9faa88,acct_ce820ef5d2,2025-11-25T01:03:45,4876.89,merchant_demo_001
txn_db7e4003e6e7,acct_ce820ef5d2,2026-04-22T01:03:45,421.8,merchant_demo_001
txn_b45f3d708b78,acct_687d59339f,2026-04-08T03:43:03,1534.11,merchant_demo_001
txn_57f0d3aae4a7,acct_687d59339f,2025-04-06T03:43:03,179.43,merchant_demo_001
txn_1828b50f74cd,acct_687d59339f,2025-08-18T03:43:03,1672.38,merchant_demo_001
txn_1d46fc2d67b0,acct_8001a66025,2026-01-28T22:35:36,4660.48,merchant_demo_001
txn_151564a43ccf,acct_1c0e0d2eeb,2027-05-01T17:38:42,4265.27,merchant_demo_001
txn_a8cf2f2d96ec,acct_1c0e0d2eeb,2026-12-31T17:38:42,611.2,merchant_demo_001
txn_abd5e771ea63,acct_1c0e0d2eeb,2026-11-11T17:38:42,3851.59,merchant_demo_001
txn_7e64e8fdb68c,acct_1c0e0d2eeb,2026-12-08T17:38:42,4447.62,merchant_demo_001
txn_fd0eb38a2f3e,acct_1c0e0d2eeb,2026-09-30T17:38:42,2903.24,merchant_demo_001
txn_1f44c05ea3fd,acct_bea8a390dd,2025-09-20T20:27:33,1196.02,merchant_demo_001
txn_c6ada23d1615,acct_bea8a390dd,2025-12-30T20:27:33,1591.87,merchant_demo_001
txn_f1904f7572f8,acct_bea8a390dd,2026-09-04T20:27:33,2773.53,merchant_demo_001
txn_868a014d130f,acct_bea8a390dd,2026-05-15T20:27:33,4569.22,merchant_demo_001
txn_2e87d1d6a350,acct_bea8a390dd,2025-09-20T20:27:33,4067.31,merchant_demo_001
txn_65268187abd7,acct_4c03332bf5,2025-12-01T07:02:05,4357.99,merchant_demo_001
txn_f7dd9280c781,acct_4c03332bf5,2025-11-15T07:02:05,1521.17,merchant_demo_001
txn_6c141a35d08a,acct_4c03332bf5,2025-11-18T07:02:05,3306.6,merchant_demo_001
txn_586498c6b2f7,acct_4c03332bf5,2025-04-01T07:02:05,4481.86,merchant_demo_001
txn_93d94d802233,acct_4c03332bf5,2026-03-01T07:02:05,4657.4,merchant_demo_001
txn_57e49818ee71,acct_24d63bb29a,2025-10-19T11:06:46,510.19,merchant_demo_001
txn_8d5ed0283dfa,acct_24d63bb29a,2025-09-04T11:06:46,1381.79,merchant_demo_001
txn_ece18e90d6ac,acct_24d63bb29a,2025-04-13T11:06:46,727.61,merchant_demo_001
txn_9201dfb35116,acct_764575a1f2,2026-11-27T22:54:44,69.85,merchant_demo_001
txn_b1428d8fe71d,acct_111d8b3cb3,2025-08-17T23:03:06,2372.65,merchant_demo_001
txn_bdde717443f3,acct_111d8b3cb3,2026-01-27T23:03:06,2059.64,merchant_demo_001
txn_26777317e20d,acct_111d8b3cb3,2025-09-19T23:03:06,1358.2,merchant_demo_001
txn_e170c9ed0a08,acct_111d8b3cb3,2026-05-25T23:03:06,4701.3,merchant_demo_001
txn_4dc78e09d438,acct_b10c372179,2025-08-24T16:31:58,1703.61,merchant_demo_001
txn_09ff71378f1e,acct_b10c372179,2025-10-16T16:31:58,3260.0,merchant_demo_001
txn_d848ed5d9119,acct_75a75f7fbf,2026-06-15T01:59:12,4340.13,merchant_demo_001
txn_ceb7e96cc704,acct_75a75f7fbf,2026-05-10T01:59:12,4070.63,merchant_demo_001
txn_5c16bc080019,acct_75a75f7fbf,2026-02-17T01:59:12,1131.17,merchant_demo_001
txn_610ea6b9c45d,acct_75a75f7fbf,2026-06-19T01:59:12,676.97,merchant_demo_001
txn_faeed3d3d28d,acct_75a75f7fbf,2026-07-04T01:59:12,4788.59,merchant_demo_001
txn_a21ddecac605,acct_e99947cdbf,2026-02-02T04:23:17,4948.75,merchant_demo_001
txn_d37eaeebc0cb,acct_e99947cdbf,2025-10-05T04:23:17,3422.99,merchant_demo_001
txn_86be6e3490bf,acct_e99947cdbf,2026-02-19T04:23:17,2904.62,merchant_demo_001
txn_5472ae5cb1da,acct_e99947cdbf,2026-10-11T04:23:17,3892.5,merchant_demo_001
txn_204fdf583e5b,acct_e99947cdbf,2026-01-07T04:23:17,2488.63,merchant_demo_001
txn_2f70496471a9,acct_b14ff47860,2025-09-07T19:19:18,2177.13,merchant_demo_001
txn_92f8eeb92f7f,acct_c066424b9a,2026-08-08T15:39:06,1972.78,merchant_demo_001
txn_e8c2fb4ff013,acct_c066424b9a,2026-05-29T15:39:06,1498.9,merchant_demo_001
txn_f1170239d5db,acct_c066424b9a,2025-11-09T15:39:06,2052.38,merchant_demo_001
txn_cd52455f2f3e,acct_c066424b9a,2026-06-30T15:39:06,2087.14,merchant_demo_001
txn_c3d09e212917,acct_c066424b9a,2026-06-24T15:39:06,1473.93,merchant_demo_001
txn_dd4f4ff4db63,acct_cc0360fbb8,2026-11-20T04:12:52,4287.89,merchant_demo_001
txn_262e57ad2821,acct_cc0360fbb8,2026-03-13T04:12:52,3549.18,merchant_demo_001
txn_ad8d08fce9ee,acct_be988c40d3,2026-12-21T10:07:40,3046.02,merchant_demo_001
txn_f487c466ae14,acct_be988c40d3,2026-01-24T10:07:40,4890.19,merchant_demo_001
txn_6906eac0b0ff,acct_be988c40d3,2026-08-19T10:07:40,2974.15,merchant_demo_001
txn_3461b5a22448,acct_73c4280270,2026-04-22T14:06:27,3471.93,merchant_demo_001
txn_e54fa4299068,acct_73c4280270,2026-05-12T14:06:27,962.57,merchant_demo_001
txn_a4b3881bfe67,acct_73c4280270,2026-05-17T14:06:27,2922.01,merchant_demo_001
txn_33e391adeeb5,acct_7f7627d41e,2026-01-18T15:25:24,3569.79,merchant_demo_001
txn_e00dadde31a8,acct_7f7627d41e,2026-03-10T15:25:24,4990.82,merchant_demo_001
txn_110a069b5b62,acct_ce77bf7206,2027-04-08T08:59:47,407.39,merchant_demo_001
txn_88b8ac7ffcd1,acct_456c14ca0c,2026-03-16T18:57:51,4827.84,merchant_demo_001
txn_cc6728cd4e12,acct_456c14ca0c,2026-05-28T18:57:51,4799.03,merchant_demo_001
txn_0e15d1c745b5,acct_456c14ca0c,2026-10-28T18:57:51,63.95,merchant_demo_001
txn_0fc7d7826255,acct_456c14ca0c,2026-04-24T18:57:51,3600.32,merchant_demo_001
txn_932f6188307c,acct_af1d0ce42a,2025-11-06T21:55:18,579.42,merchant_demo_001
txn_6c2ace5a330c,acct_dba072d9f1,2025-12-24T05:15:51,764.7,merchant_demo_001
txn_ca1ddda30fef,acct_dba072d9f1,2026-05-15T05:15:51,3257.42,merchant_demo_001
txn_2eb424e05d5a,acct_cc69b8c325,2026-03-02T20:05:38,1659.3,merchant_demo_001
txn_4bcad837d585,acct_1702c640d3,2026-11-04T14:16:43,3314.63,merchant_demo_001
txn_7a27c6e2caee,acct_1702c640d3,2027-04-08T14:16:43,1411.57,merchant_demo_001
txn_177d3feb2782,acct_1702c640d3,2027-03-30T14:16:43,1047.67,merchant_demo_001
txn_4abfe065fdac,acct_1702c640d3,2027-03-16T14:16:43,772.28,merchant_demo_001
txn_d392caba9537,acct_db5d55b2fe,2025-11-04T21:25:49,980.6,merchant_demo_001
txn_f223755d256a,acct_db5d55b2fe,2026-04-13T21:25:49,4297.66,merchant_demo_001
txn_0b40547bce5c,acct_db5d55b2fe,2026-04-12T21:25:49,1251.7,merchant_demo_001
txn_4cb85c491209,acct_db5d55b2fe,2026-01-13T21:25:49,4748.26,merchant_demo_001
txn_3f237c7d9476,acct_49df12464f,2025-03-11T04:18:43,1297.95,merchant_demo_001
txn_6312a11629e1,acct_49df12464f,2025-09-23T04:18:43,2344.73,merchant_demo_001
txn_9b238ed44223,acct_49df12464f,2025-03-17T04:18:43,3917.9,merchant_demo_001
txn_cc8a1c470fd6,acct_49df12464f,2025-03-16T04:18:43,3754.21,merchant_demo_001
txn_ac85e241ac37,acct_5b73b1df61,2025-10-21T01:52:04,1059.01,merchant_demo_001
txn_fa7e0325fb75,acct_5b73b1df61,2025-10-21T01:06:04,4412.47,merchant_demo_001
txn_2d7b43695388,acct_5b73b1df61,2025-10-21T01:14:04,1453.06,merchant_demo_001
txn_4d798e6a46f3,acct_3f7bba95f7,2026-05-01T03:47:57,3856.82,merchant_demo_001
txn_15f6e7587b9d,acct_3f7bba95f7,2026-05-25T03:47:57,3939.19,merchant_demo_001
txn_a0ee99940132,acct_02a4b68969,2026-05-06T09:21:23,2953.1,merchant_demo_001
txn_a123b8c807e4,acct_02a4b68969,2026-09-28T09:21:23,1550.82,merchant_demo_001
txn_785e2dec1c69,acct_02a4b68969,2026-07-26T09:21:23,2274.25,merchant_demo_001
txn_9c2e310b7d3d,acct_02a4b68969,2027-03-21T09:21:23,4326.05,merchant_demo_001
txn_41d8b806b35f,acct_02a4b68969,2026-12-03T09:21:23,4819.37,merchant_demo_001
txn_7d70a56cf2c2,acct_50b23a6276,2026-02-06T01:24:10,2427.73,merchant_demo_001
txn_da7e65237306,acct_50b23a6276,2026-06-28T01:24:10,4528.79,merchant_demo_001
txn_c5f0b90e834e,acct_50b23a6276,2025-11-24T01:24:10,3915.99,merchant_demo_001
txn_9845f6ec9e6f,acct_f236ceeb8d,2025-12-23T15:40:20,1133.42,merchant_demo_001
txn_013858ec6501,acct_f236ceeb8d,2026-03-19T15:40:20,2573.0,merchant_demo_001
txn_1d7f6f5330bf,acct_f236ceeb8d,2025-08-23T15:40:20,593.63,merchant_demo_001
txn_48f473654d20,acct_f236ceeb8d,2026-06-14T15:40:20,1885.63,merchant_demo_001
txn_2f56bdf8ff2a,acct_4abb07eeb0,2026-02-01T15:07:27,539.23,merchant_demo_001
txn_9b5721e0b873,acct_4abb07eeb0,2026-01-16T15:07:27,2606.58,merchant_demo_001
txn_3323099633da,acct_4abb07eeb0,2025-07-21T15:07:27,3744.69,merchant_demo_001
txn_d52d4fbd4c39,acct_799214a378,2025-11-26T17:39:29,2857.42,merchant_demo_001
txn_065e2e5c7f13,acct_11634cd7a1,2026-05-09T11:32:48,4498.94,merchant_demo_001
txn_1cdf612a6fbd,acct_a1599faa99,2026-10-16T06:09:01,3800.8,merchant_demo_001
txn_36bd02cf784e,acct_a1599faa99,2027-05-21T06:09:01,4660.29,merchant_demo_001
txn_19c4fb1ee76b,acct_a1599faa99,2027-04-23T06:09:01,2893.35,merchant_demo_001
txn_b5ce8ea7cdf6,acct_84c5159d23,2025-04-14T22:32:54,3156.22,merchant_demo_001
txn_e63653e746bb,acct_84c5159d23,2025-10-08T22:32:54,66.69,merchant_demo_001
txn_abded8256d71,acct_84c5159d23,2025-01-21T22:32:54,1670.51,merchant_demo_001
txn_75510166e43c,acct_84c5159d23,2025-12-30T22:32:54,3859.95,merchant_demo_001
txn_982e197ada28,acct_84c5159d23,2025-08-13T22:32:54,2861.36,merchant_demo_001
txn_0756810538b6,acct_83c91c7753,2026-02-19T10:12:50,1007.42,merchant_demo_001
txn_8f546dad228c,acct_b3f6b3ac0a,2027-08-02T20:10:32,1566.37,merchant_demo_001
txn_bd0328aaf0c2,acct_6b10ea8512,2026-04-24T16:18:42,3495.33,merchant_demo_001
txn_febe52b23d93,acct_6b10ea8512,2026-05-05T16:18:42,2951.65,merchant_demo_001
txn_4cad388133c3,acct_6b10ea8512,2026-11-03T16:18:42,2039.67,merchant_demo_001
txn_ac21e87f2995,acct_6b10ea8512,2026-10-21T16:18:42,2847.82,merchant_demo_001
txn_79618a78cffc,acct_2ca0a854a5,2026-07-03T19:35:01,1930.61,merchant_demo_001
txn_bce1e5fe0965,acct_2ca0a854a5,2027-03-30T19:35:01,1021.53,merchant_demo_001
txn_484622e81d91,acct_2ca0a854a5,2026-09-17T19:35:01,1657.34,merchant_demo_001
txn_0ba1571d64af,acct_7384f9eed7,2025-10-22T08:19:18,2383.35,merchant_demo_001
txn_d1778376c6d9,acct_7384f9eed7,2025-08-24T08:19:18,2685.81,merchant_demo_001
txn_97fd509d2261,acct_7384f9eed7,2025-12-31T08:19:18,1176.51,merchant_demo_001
txn_9e8bf00e3f9a,acct_ba78c19025,2025-11-13T16:17:13,3464.16,merchant_demo_001
txn_e1819fc51779,acct_ba78c19025,2025-12-27T16:17:13,2847.54,merchant_demo_001
txn_760eeecd51ac,acct_ba78c19025,2026-01-14T16:17:13,1194.96,merchant_demo_001
txn_704c52c886a1,acct_ba78c19025,2025-11-27T16:17:13,1064.55,merchant_demo_001
txn_7fe69b972961,acct_ba78c19025,2026-06-04T16:17:13,2698.15,merchant_demo_001
txn_28d57bfb5a28,acct_898bdf3c72,2025-04-26T08:47:23,3420.76,merchant_demo_001
txn_d8951ee78af5,acct_c7ae1834ea,2026-03-16T14:01:10,3606.23,merchant_demo_001
txn_681f24604698,acct_c7ae1834ea,2025-11-24T14:01:10,3703.22,merchant_demo_001
txn_cc13f4d08ec7,acct_c7ae1834ea,2025-11-22T14:01:10,1885.84,merchant_demo_001
txn_2633f1f32db1,acct_c7ae1834ea,2025-08-21T14:01:10,1319.46,merchant_demo_001
txn_18d714c8ab0d,acct_c7ae1834ea,2026-05-30T14:01:10,2075.23,merchant_demo_001
txn_628502a4bde9,acct_2143efc826,2026-07-05T09:57:35,2963.7,merchant_demo_001
txn_35332f99bb4c,acct_2143efc826,2026-03-28T09:57:35,4470.86,merchant_demo_001
txn_90e8f638d2d8,acct_2143efc826,2025-09-26T09:57:35,1737.03,merchant_demo_001
txn_17f7500976f0,acct_e5b23001e5,2027-05-16T13:28:31,637.96,merchant_demo_001
txn_1c074b9990c7,acct_e5b23001e5,2026-11-12T13:28:31,3965.94,merchant_demo_001
txn_ac5e7a1d6614,acct_c1110c1f42,2026-03-20T07:18:21,3164.08,merchant_demo_001
txn_37b240b5fa76,acct_c1110c1f42,2026-03-27T07:18:21,1243.99,merchant_demo_001
txn_e6fdd7dfda96,acct_c1110c1f42,2025-11-01T07:18:21,3460.53,merchant_demo_001
txn_4a593259b2df,acct_c1110c1f42,2025-12-05T07:18:21,876.84,merchant_demo_001
txn_06c158d87ca4,acct_c1110c1f42,2026-03-25T07:18:21,3494.55,merchant_demo_001
txn_ee271f9ffd73,acct_ef6e0fd672,2025-03-30T22:19:24,4094.47,merchant_demo_001
txn_b8a4dcf5de4d,acct_fa2efa8649,2025-11-25T13:23:44,4442.97,merchant_demo_001
txn_049fb0a32951,acct_fa2efa8649,2025-06-19T13:23:44,489.12,merchant_demo_001
txn_bdf55ea4dee5,acct_0b88d01ad0,2025-10-27T00:24:02,4627.81,merchant_demo_001
txn_66a620cabc30,acct_0b88d01ad0,2025-11-21T00:24:02,50.46,merchant_demo_001
txn_901a14d2b1e2,acct_0b88d01ad0,2026-06-23T00:24:02,1777.35,merchant_demo_001
txn_661c166dbf12,acct_0b88d01ad0,2025-12-31T00:24:02,3778.97,merchant_demo_001
txn_4798870c3d98,acct_0b88d01ad0,2026-04-12T00:24:02,3494.9,merchant_demo_001
txn_3228c106fbf4,acct_ee9d109403,2027-02-24T14:27:33,532.68,merchant_demo_001
txn_a7f45bf51612,acct_0cb1a26c43,2026-01-30T18:37:30,3353.13,merchant_demo_001
txn_5c4b5bf6b693,acct_0cb1a26c43,2026-04-28T18:37:30,901.74,merchant_demo_001
txn_05e60e5fdb91,acct_0cb1a26c43,2026-04-10T18:37:30,1209.39,merchant_demo_001
txn_d310be714a06,acct_0cb1a26c43,2026-02-12T18:37:30,3675.58,merchant_demo_001
txn_4ef70ffa6487,acct_0cb1a26c43,2026-04-30T18:37:30,4145.02,merchant_demo_001
txn_f7fd4e9f8c1a,acct_fc8e0b8117,2025-07-09T12:36:50,1510.25,merchant_demo_001
txn_b30b983e4327,acct_fc8e0b8117,2025-06-03T12:36:50,3325.22,merchant_demo_001
txn_5e2a19a93bb3,acct_847957d324,2026-05-03T12:55:41,715.85,merchant_demo_001
txn_274637e974db,acct_847957d324,2025-08-20T12:55:41,3642.43,merchant_demo_001
txn_c948640fbd29,acct_065557421d,2026-09-24T05:24:42,3154.3,merchant_demo_001
txn_592870331ca7,acct_065557421d,2027-04-14T05:24:42,1532.99,merchant_demo_001
txn_a0fb65091fc8,acct_f1c8672bf5,2025-08-21T01:08:06,3455.19,merchant_demo_001
txn_a4e44ed18b72,acct_f1c8672bf5,2025-08-24T01:08:06,2394.96,merchant_demo_001
txn_7a60b79df6d7,acct_f1c8672bf5,2025-06-07T01:08:06,898.31,merchant_demo_001
txn_0e938e5426c4,acct_f1c8672bf5,2025-06-21T01:08:06,2688.5,merchant_demo_001
txn_50d04c231eb3,acct_e415ba3c71,2025-03-20T12:34:12,469.9,merchant_demo_001
txn_12ebce11fe49,acct_e415ba3c71,2025-04-14T12:34:12,1098.34,merchant_demo_001
txn_539d0fd1969b,acct_e415ba3c71,2025-04-12T12:34:12,2104.51,merchant_demo_001
txn_d601e0d131f9,acct_e415ba3c71,2025-09-03T12:34:12,1184.82,merchant_demo_001
txn_be0339c9f301,acct_0229416137,2025-06-25T17:38:54,3582.8,merchant_demo_001
txn_d4c6b0e2804a,acct_0229416137,2026-02-09T17:38:54,2797.24,merchant_demo_001
txn_088af61d17e2,acct_825845d4fd,2026-05-20T13:23:23,4499.93,merchant_demo_001
txn_39b7b31847e0,acct_825845d4fd,2026-05-17T13:23:23,4922.82,merchant_demo_001
txn_08c946565f52,acct_825845d4fd,2026-03-10T13:23:23,829.12,merchant_demo_001
txn_32d4fd10c5ed,acct_825845d4fd,2026-05-22T13:23:23,2687.6,merchant_demo_001
txn_d1a55c377652,acct_825845d4fd,2026-05-08T13:23:23,1117.16,merchant_demo_001
txn_94fedc1ee141,acct_0737868c6b,2026-07-01T02:17:30,902.07,merchant_demo_001
txn_a8c8498e8d8c,acct_0737868c6b,2026-07-11T02:17:30,1431.92,merchant_demo_001
txn_75d95b8d4a8d,acct_0737868c6b,2026-04-08T02:17:30,3051.09,merchant_demo_001
txn_e82d75c6fdc1,acct_0737868c6b,2026-12-06T02:17:30,4001.6,merchant_demo_001
txn_87e70c6aa53d,acct_ec1a641138,2025-04-27T04:47:39,2058.79,merchant_demo_001
txn_da47fa25c039,acct_5ca6388e1c,2026-10-21T08:06:02,2700.47,merchant_demo_001
txn_19b53fb8e868,acct_5ca6388e1c,2025-11-06T08:06:02,4379.89,merchant_demo_001
txn_ace538f3efbe,acct_5ca6388e1c,2025-11-19T08:06:02,3993.18,merchant_demo_001
txn_1c2318617f50,acct_5ca6388e1c,2025-11-24T08:06:02,4509.11,merchant_demo_001
txn_34d92d27b699,acct_2e6e52f83e,2027-03-18T23:53:15,3516.33,merchant_demo_001
txn_b4d691152e14,acct_2e6e52f83e,2026-05-02T23:53:15,2822.32,merchant_demo_001
txn_a6ef6cf54fb0,acct_52c9f7b37f,2027-06-18T16:57:46,2924.28,merchant_demo_001
txn_1469858e2783,acct_52c9f7b37f,2027-08-02T16:57:46,4092.69,merchant_demo_001
txn_54debd82dd4f,acct_52c9f7b37f,2026-08-17T16:57:46,2613.87,merchant_demo_001
txn_77507faa5304,acct_52c9f7b37f,2027-04-22T16:57:46,4385.21,merchant_demo_001
txn_1750234a1c6d,acct_62d0885c00,2026-05-13T12:39:42,4544.61,merchant_demo_001
txn_b909ddf34a1d,acct_62d0885c00,2026-09-27T12:39:42,4298.6,merchant_demo_001
txn_3f05a026cbe5,acct_8ae0d3226d,2026-01-17T19:03:07,1245.4,merchant_demo_001
txn_dda8c796ec06,acct_8ae0d3226d,2026-09-19T19:03:07,463.66,merchant_demo_001
txn_13e9d834d8a6,acct_8ae0d3226d,2026-09-05T19:03:07,2710.95,merchant_demo_001
txn_2e3cf7beb5d5,acct_8ae0d3226d,2026-04-22T19:03:07,1342.64,merchant_demo_001
txn_1572e4616311,acct_8ae0d3226d,2026-09-18T19:03:07,724.09,merchant_demo_001
txn_8f059a9a34af,acct_b4403470d5,2026-03-04T18:41:31,2167.22,merchant_demo_001
txn_dab1c87798da,acct_b4403470d5,2026-05-26T18:41:31,741.58,merchant_demo_001
txn_3d2190775b2e,acct_a26b993983,2027-01-16T19:36:05,3199.43,merchant_demo_001
txn_0c00d966f7ad,acct_a26b993983,2026-10-16T19:36:05,781.72,merchant_demo_001
txn_1994501a7360,acct_b5ad896459,2026-02-28T09:33:17,2139.51,merchant_demo_001
txn_a0730745a771,acct_b5ad896459,2026-12-13T09:33:17,2756.3,merchant_demo_001
txn_2e4f2b03a2f7,acct_b5ad896459,2027-02-04T09:33:17,3812.69,merchant_demo_001
txn_2cf7397ae276,acct_b5ad896459,2026-09-15T09:33:17,864.94,merchant_demo_001
txn_cc61ce4cd1d1,acct_a2810b22b1,2025-09-07T01:08:21,198.3,merchant_demo_001
txn_70469e5a9579,acct_a2810b22b1,2025-09-06T23:44:21,3911.24,merchant_demo_001
txn_2d3aebb1557f,acct_f4ecb0fb95,2026-09-14T02:15:36,200.22,merchant_demo_001
txn_f38360dc8052,acct_0029e1f4cf,2026-10-02T03:03:11,3799.91,merchant_demo_001
txn_7fe6fd6759bc,acct_0029e1f4cf,2027-06-01T03:03:11,2949.91,merchant_demo_001
txn_7d8fc8349aaf,acct_0029e1f4cf,2026-08-21T03:03:11,3455.38,merchant_demo_001
txn_bfc8d05ea6b5,acct_d72face3b9,2025-07-02T13:41:32,536.39,merchant_demo_001
txn_b71b02d14479,acct_d72face3b9,2025-07-01T13:41:32,4476.76,merchant_demo_001
txn_6747926eb3d6,acct_f1c80d7db9,2025-08-30T06:07:45,3947.96,merchant_demo_001
txn_d9df2bea2a3e,acct_f1c80d7db9,2026-08-19T06:07:45,4844.79,merchant_demo_001
txn_8feb50d99ce3,acct_f1c80d7db9,2025-08-14T06:07:45,3610.17,merchant_demo_001
txn_f44d865f3a7e,acct_233d3ab485,2025-07-30T18:05:23,1926.27,merchant_demo_001
txn_0bd546da2086,acct_233d3ab485,2025-04-19T18:05:23,3983.71,merchant_demo_001
txn_ac4885963e92,acct_233d3ab485,2025-11-05T18:05:23,3245.75,merchant_demo_001
txn_1ac58baa5810,acct_73dcfd86c9,2026-05-01T10:01:22,838.41,merchant_demo_001
txn_220e7b57cef3,acct_73dcfd86c9,2026-09-24T10:01:22,4073.19,merchant_demo_001
txn_84875a97d602,acct_73dcfd86c9,2026-10-22T10:01:22,3357.31,merchant_demo_001
txn_fe23cbd8f086,acct_be10808589,2025-11-03T14:04:35,1471.56,merchant_demo_001
txn_b22a42e98555,acct_be10808589,2025-11-26T14:04:35,4555.76,merchant_demo_001
txn_dd1dab1a9f51,acct_be10808589,2025-04-12T14:04:35,795.36,merchant_demo_001
txn_716df6c360a1,acct_be10808589,2026-03-29T14:04:35,1480.44,merchant_demo_001
txn_591ab646ab2d,acct_be10808589,2026-01-16T14:04:35,3952.13,merchant_demo_001
txn_e0c8777cac1b,acct_8d943eb38b,2026-12-07T20:19:43,2370.93,merchant_demo_001
txn_be29a385f688,acct_8d943eb38b,2027-02-10T20:19:43,2201.72,merchant_demo_001
txn_9de526ee50ec,acct_8d943eb38b,2026-06-09T20:19:43,268.52,merchant_demo_001
txn_2c6b1dc30662,acct_ca7aa8d12f,2026-05-23T12:51:42,3327.08,merchant_demo_001
txn_9077341767f5,acct_d1602187e9,2026-05-17T02:10:28,1759.49,merchant_demo_001
txn_e0dcec395644,acct_d1602187e9,2026-04-28T02:10:28,489.01,merchant_demo_001
txn_f8fe7bc07e26,acct_cb464ab5fd,2026-03-27T16:56:46,2673.67,merchant_demo_001
txn_e05e95c8589d,acct_cb464ab5fd,2026-06-02T16:56:46,1919.72,merchant_demo_001
txn_1e0e8ac60840,acct_cb464ab5fd,2026-01-08T16:56:46,1217.22,merchant_demo_001
txn_8d03d2aa37f2,acct_cb464ab5fd,2026-01-22T16:56:46,3998.62,merchant_demo_001
txn_8938b0082ca6,acct_cb464ab5fd,2026-07-26T16:56:46,1177.83,merchant_demo_001
txn_311971f0b5fe,acct_6e723b188a,2025-12-04T09:32:59,3323.55,merchant_demo_001
txn_dba98db9aded,acct_6e723b188a,2025-12-02T09:32:59,1585.13,merchant_demo_001
txn_dcd4278f1e89,acct_6e723b188a,2025-08-24T09:32:59,3936.44,merchant_demo_001
txn_e0d06331d6a3,acct_02fa645977,2026-03-04T01:09:58,257.27,merchant_demo_001
txn_6ebda7efc817,acct_02fa645977,2026-02-24T01:09:58,244.91,merchant_demo_001
txn_1aed956f9ef1,acct_02fa645977,2025-10-22T01:09:58,312.53,merchant_demo_001
txn_83413e01ab6b,acct_02fa645977,2025-06-10T01:09:58,1239.93,merchant_demo_001
txn_87ef236cbed5,acct_9f0e317112,2025-12-02T21:27:14,2813.4,merchant_demo_001
txn_cb479b450f64,acct_9f0e317112,2025-12-04T21:27:14,1807.63,merchant_demo_001
txn_a6f22a06a243,acct_9f0e317112,2025-01-30T21:27:14,3873.21,merchant_demo_001
txn_9ce3d21ce297,acct_9f0e317112,2026-02-24T21:27:14,3199.41,merchant_demo_001
txn_0a21a8182614,acct_9f0e317112,2025-10-18T21:27:14,964.59,merchant_demo_001
txn_9b533759849d,acct_5ae0846120,2026-01-07T03:39:05,1375.66,merchant_demo_001
txn_6a08a67f8499,acct_900041af48,2026-05-16T06:19:07,4332.99,merchant_demo_001
txn_1ee5e66c04f3,acct_643475fcfe,2026-06-02T03:14:11,665.11,merchant_demo_001
txn_5d3c71393a2b,acct_643475fcfe,2026-06-16T03:14:11,4580.41,merchant_demo_001
txn_8e7613b75dca,acct_643475fcfe,2026-09-18T03:14:11,74.61,merchant_demo_001
txn_c2865dc9cf69,acct_dbf7b02112,2026-10-12T18:08:03,928.35,merchant_demo_001
txn_710a3845ed98,acct_dbf7b02112,2026-07-17T18:08:03,2517.31,merchant_demo_001
txn_5c49dcaffef6,acct_dbf7b02112,2026-03-24T18:08:03,2602.53,merchant_demo_001
txn_43f00b9434d1,acct_b241bede18,2026-10-20T14:52:53,3831.07,merchant_demo_001
txn_1bd88cd06395,acct_b241bede18,2026-07-15T14:52:53,3256.33,merchant_demo_001
txn_bf043b4d7251,acct_b241bede18,2026-05-10T14:52:53,1375.61,merchant_demo_001
txn_fe88381ef451,acct_b241bede18,2026-01-05T14:52:53,3381.35,merchant_demo_001
txn_82f0af66b83b,acct_e4a90eaf9d,2025-08-20T10:32:49,2030.41,merchant_demo_001
txn_be260a5881f4,acct_65a98f1ba5,2027-07-21T03:49:20,895.81,merchant_demo_001
txn_060c0bd4dc57,acct_65a98f1ba5,2027-05-03T03:49:20,3243.67,merchant_demo_001
txn_5ee59e5356ac,acct_65a98f1ba5,2027-06-21T03:49:20,3666.23,merchant_demo_001
txn_959d9732371f,acct_d019ca8869,2026-02-10T18:29:09,835.03,merchant_demo_001
txn_6edf31f56a81,acct_d019ca8869,2026-01-13T18:29:09,4403.26,merchant_demo_001
txn_6ec638c5925b,acct_d019ca8869,2026-10-03T18:29:09,3599.11,merchant_demo_001
txn_c01e25d05fa4,acct_d019ca8869,2026-03-18T18:29:09,3625.13,merchant_demo_001
txn_470b8999a401,acct_d2861affd6,2026-07-31T13:31:45,1108.68,merchant_demo_001
txn_681271f85ac3,acct_d2861affd6,2026-07-31T13:00:45,4805.83,merchant_demo_001
txn_c496527b823b,acct_d2861affd6,2026-07-31T12:45:45,456.73,merchant_demo_001
txn_98ba8986cfc0,acct_7293c5db56,2026-02-14T23:23:28,1493.55,merchant_demo_001
txn_02c1995213b4,acct_b0709ee59b,2025-12-10T16:59:10,1805.65,merchant_demo_001
txn_2e608340269b,acct_b0709ee59b,2026-10-10T16:59:10,1899.64,merchant_demo_001
txn_9eda838c19bd,acct_b0709ee59b,2026-02-16T16:59:10,4338.05,merchant_demo_001
txn_9982b1fb8f7e,acct_b0709ee59b,2025-10-12T16:59:10,973.62,merchant_demo_001
txn_0d273d892ec7,acct_fd4480a6f8,2026-06-25T22:35:01,3394.97,merchant_demo_001
txn_d7f99d59f65d,acct_fd4480a6f8,2025-12-12T22:35:01,2740.17,merchant_demo_001
txn_e7841c59ae04,acct_3f01a4949d,2025-06-25T08:27:03,998.78,merchant_demo_001
txn_97269e64b8a2,acct_3f01a4949d,2026-02-03T08:27:03,165.16,merchant_demo_001
txn_a625fdd102d8,acct_c44723a1d6,2027-03-09T10:12:22,1917.49,merchant_demo_001
txn_1ba1cad2715e,acct_a29288bce1,2026-04-20T18:22:54,4322.27,merchant_demo_001
txn_c419a4a35d19,acct_a29288bce1,2026-04-20T19:22:54,2899.76,merchant_demo_001
txn_6c7f8da3e506,acct_2f19d389d0,2026-11-17T20:23:00,4585.56,merchant_demo_001
txn_57429ee7a42b,acct_2f19d389d0,2026-03-15T20:23:00,3871.58,merchant_demo_001
txn_c436d23b2bf1,acct_2f19d389d0,2027-03-13T20:23:00,589.38,merchant_demo_001
txn_8634b3fe35ea,acct_2f19d389d0,2026-07-05T20:23:00,2802.65,merchant_demo_001
txn_b76fada28ef7,acct_2f19d389d0,2026-11-15T20:23:00,2617.8,merchant_demo_001
txn_a30fd41c2807,acct_fabb7cac92,2026-12-19T04:36:14,3641.2,merchant_demo_001
txn_c402755df221,acct_fabb7cac92,2026-09-09T04:36:14,2355.13,merchant_demo_001
txn_9a48c525a685,acct_fabb7cac92,2027-06-24T04:36:14,354.57,merchant_demo_001
txn_df8189a000c4,acct_b344efd888,2025-05-03T13:37:15,1484.0,merchant_demo_001
txn_0ee43f5d6c4d,acct_b344efd888,2026-03-07T13:37:15,334.74,merchant_demo_001
txn_b63fbcb70d9a,acct_b344efd888,2025-09-10T13:37:15,1232.14,merchant_demo_001
txn_de51d2e7bb96,acct_ec3cec64fa,2026-09-19T12:58:14,4850.17,merchant_demo_001
txn_557850b512c1,acct_ec3cec64fa,2026-12-03T12:58:14,1011.93,merchant_demo_001
txn_833947fbcf62,acct_de38e18bfc,2025-02-05T17:32:01,2956.25,merchant_demo_001
txn_fd7442d8b84e,acct_de38e18bfc,2025-02-05T16:58:01,2003.86,merchant_demo_001
txn_e802909b52cc,acct_de38e18bfc,2025-02-05T17:23:01,4043.19,merchant_demo_001
txn_97f284722b6e,acct_ac90a753f1,2026-03-05T23:42:52,518.15,merchant_demo_001
txn_62f6754f7241,acct_756ed1bee0,2026-06-28T14:15:13,2654.75,merchant_demo_001
txn_f3f1d907557e,acct_756ed1bee0,2026-11-12T14:15:13,4399.05,merchant_demo_001
txn_7a1778c17550,acct_756ed1bee0,2026-01-10T14:15:13,2744.67,merchant_demo_001
txn_3cbc7b36e1b4,acct_756ed1bee0,2026-09-14T14:15:13,4879.17,merchant_demo_001
txn_f177e3d1a47f,acct_756ed1bee0,2026-03-11T14:15:13,2986.92,merchant_demo_001
txn_9a35c98832d9,acct_ad44dd7db7,2025-12-17T00:55:46,1123.07,merchant_demo_001
txn_2dcf735f7240,acct_ad44dd7db7,2025-11-02T00:55:46,3237.94,merchant_demo_001
txn_d4ad97504790,acct_d96b8c79c6,2025-10-21T03:58:09,4417.79,merchant_demo_001
txn_8e791c70ab0d,acct_e659a5d786,2027-03-14T09:58:40,430.36,merchant_demo_001
txn_878c0e01b5bd,acct_f70763ba0c,2026-11-13T03:08:33,3078.78,merchant_demo_001
txn_a3e6d987294c,acct_96bfa2e7ce,2025-12-13T19:00:28,3804.07,merchant_demo_001
txn_81f0f4d3ce25,acct_96bfa2e7ce,2025-12-13T18:16:28,4957.54,merchant_demo_001
txn_9bf8468f9841,acct_96bfa2e7ce,2025-12-13T17:17:28,2335.48,merchant_demo_001
txn_bea90e021e64,acct_69b3c8ed5c,2026-03-16T17:53:21,3905.62,merchant_demo_001
txn_64f29de88dd7,acct_69b3c8ed5c,2026-08-23T17:53:21,4326.88,merchant_demo_001
txn_59010bfcda8a,acct_69b3c8ed5c,2025-08-24T17:53:21,102.83,merchant_demo_001
txn_4284fe76db7b,acct_69b3c8ed5c,2025-11-22T17:53:21,1083.08,merchant_demo_001
txn_b8986ef0273f,acct_69b3c8ed5c,2025-09-02T17:53:21,4986.45,merchant_demo_001
txn_75e453a2d365,acct_44449203b3,2026-08-02T19:29:01,578.39,merchant_demo_001
txn_30e33c99da22,acct_24bbbf0529,2026-03-25T18:05:11,2771.22,merchant_demo_001
txn_db301e58f50b,acct_24bbbf0529,2026-03-25T20:09:11,2643.16,merchant_demo_001
txn_78208946a176,acct_fb359e0251,2025-11-28T05:50:45,3457.56,merchant_demo_001
txn_2d4cd4cd3f44,acct_b45c338715,2026-12-07T00:11:28,3202.33,merchant_demo_001
txn_504464af3376,acct_b45c338715,2026-12-20T00:11:28,1356.24,merchant_demo_001
txn_e967398b9cfb,acct_b45c338715,2026-09-02T00:11:28,4124.05,merchant_demo_001
txn_ee178dafeebf,acct_a921d54b89,2025-04-17T17:29:11,4803.82,merchant_demo_001
txn_f1cc06333115,acct_a921d54b89,2025-09-15T17:29:11,4587.53,merchant_demo_001
txn_803b5a29a4f5,acct_a921d54b89,2025-12-29T17:29:11,3416.6,merchant_demo_001
txn_e083d50809ba,acct_a921d54b89,2025-09-03T17:29:11,1871.13,merchant_demo_001
txn_0f2b29fac613,acct_a921d54b89,2025-08-11T17:29:11,712.94,merchant_demo_001
txn_f2c48d662752,acct_03afcfb27e,2026-08-30T19:18:58,1590.58,merchant_demo_001
txn_c978f6333119,acct_fc9c246d5c,2025-08-27T23:04:06,4360.67,merchant_demo_001
txn_8daa87e58092,acct_e1d8372b60,2025-12-22T23:36:30,1469.84,merchant_demo_001
txn_106d9e6a720a,acct_e1d8372b60,2025-12-22T23:27:30,1496.61,merchant_demo_001
txn_9cd248c22283,acct_e1d8372b60,2025-12-22T22:08:30,2015.16,merchant_demo_001
txn_cf3ee81d043b,acct_db92b114b8,2025-08-11T08:49:09,4198.42,merchant_demo_001
txn_bc32a0ff7501,acct_db92b114b8,2025-12-14T08:49:09,739.5,merchant_demo_001
txn_9f577a6fdd6e,acct_db92b114b8,2025-09-13T08:49:09,1013.79,merchant_demo_001
txn_07723d7f13c1,acct_db92b114b8,2026-02-22T08:49:09,830.51,merchant_demo_001
txn_6b756cf6b09c,acct_6407a2a7f2,2026-07-20T03:14:48,3029.72,merchant_demo_001
txn_929c4f566e43,acct_6407a2a7f2,2025-11-27T03:14:48,413.83,merchant_demo_001
txn_93784c3a1f58,acct_37213493a0,2025-07-16T08:05:13,1709.2,merchant_demo_001
txn_522420849b52,acct_37213493a0,2025-09-28T08:05:13,429.89,merchant_demo_001
txn_0bbe6ee8d195,acct_37213493a0,2025-07-06T08:05:13,4672.2,merchant_demo_001
txn_7d5d178134d5,acct_37213493a0,2026-02-17T08:05:13,3742.78,merchant_demo_001
txn_1e7ec8e4c699,acct_f5f72eb317,2026-02-23T05:49:56,2622.42,merchant_demo_001
txn_69eabf2b9bd5,acct_f5f72eb317,2026-07-15T05:49:56,4706.31,merchant_demo_001
txn_b335a5ea1bab,acct_f5f72eb317,2026-01-09T05:49:56,4156.44,merchant_demo_001
txn_a184dcb262a7,acct_e8a91e6b57,2027-04-16T05:40:07,3970.56,merchant_demo_001
txn_9f2cbdf96672,acct_50e10a556f,2025-12-14T06:07:38,4681.18,merchant_demo_001
txn_00be555c9048,acct_50e10a556f,2025-11-11T06:07:38,2205.09,merchant_demo_001
txn_adde0400f50d,acct_c28e2ddd4d,2025-12-12T11:15:16,3483.75,merchant_demo_001
txn_ffb94f2ca880,acct_1e5ad2663e,2027-05-07T22:46:37,687.49,merchant_demo_001
txn_fc492a4e7a88,acct_04297c9ae9,2025-11-23T05:12:15,4722.05,merchant_demo_001
txn_771a8437e008,acct_73785b540a,2026-07-29T13:13:54,4430.44,merchant_demo_001
txn_87eb4a68744f,acct_6d8c12257e,2026-12-27T07:34:56,2019.26,merchant_demo_001
txn_c2811273bf25,acct_6d8c12257e,2027-04-18T07:34:56,487.48,merchant_demo_001
txn_917b5b7de425,acct_6d8c12257e,2027-07-06T07:34:56,184.98,merchant_demo_001
txn_905088726882,acct_924009d8da,2026-12-19T08:54:58,2305.36,merchant_demo_001
txn_a1482ee74a15,acct_924009d8da,2026-06-16T08:54:58,4704.53,merchant_demo_001
txn_137c88197d3b,acct_05d7378d5f,2025-03-25T16:10:34,4766.29,merchant_demo_001
txn_5d8159cb0007,acct_05d7378d5f,2026-03-02T16:10:34,1132.09,merchant_demo_001
txn_cdca877532e7,acct_34e09a1d8a,2025-11-11T02:59:26,307.66,merchant_demo_001
txn_faed79c6f0dc,acct_34e09a1d8a,2025-12-19T02:59:26,2569.93,merchant_demo_001
txn_ae91b1056eb0,acct_34e09a1d8a,2025-08-14T02:59:26,2209.39,merchant_demo_001
txn_084584cf99cc,acct_93487d1e44,2025-12-23T13:37:56,3150.57,merchant_demo_001
txn_28bf2b3f40bd,acct_c43ea9ed7f,2025-12-31T10:45:50,3827.11,merchant_demo_001
txn_cd878567e1ad,acct_c43ea9ed7f,2026-04-22T10:45:50,4516.97,merchant_demo_001
txn_1e260893228c,acct_c43ea9ed7f,2026-04-11T10:45:50,1093.75,merchant_demo_001
txn_39634936e13f,acct_c43ea9ed7f,2026-02-20T10:45:50,4165.39,merchant_demo_001
txn_2f642cf8faf7,acct_35cfd1d819,2027-06-12T23:14:29,4817.49,merchant_demo_001
txn_edc7955781ea,acct_35cfd1d819,2026-07-23T23:14:29,1248.4,merchant_demo_001
txn_13832c723514,acct_35cfd1d819,2027-03-04T23:14:29,74.55,merchant_demo_001
txn_bcbc6632eb47,acct_ff45cdf03a,2026-03-03T15:25:34,3912.2,merchant_demo_001
txn_a6e100584eb9,acct_ff45cdf03a,2026-01-08T15:25:34,1527.28,merchant_demo_001
txn_304fd93782a8,acct_ff45cdf03a,2026-03-18T15:25:34,4321.03,merchant_demo_001
txn_ef216e01aeaa,acct_ff45cdf03a,2026-04-24T15:25:34,3696.46,merchant_demo_001
txn_e0887c46a42c,acct_ff45cdf03a,2026-04-13T15:25:34,725.65,merchant_demo_001
txn_7c39e6034bf8,acct_133f7d2e38,2025-07-20T00:05:49,1207.05,merchant_demo_001
txn_5fcbae58782c,acct_5927d0cc23,2027-01-21T04:43:46,3633.09,merchant_demo_001
txn_e44a7a6a8cc0,acct_5927d0cc23,2026-04-09T04:43:46,557.25,merchant_demo_001
txn_e5d0c5905aa6,acct_5927d0cc23,2026-09-18T04:43:46,2285.09,merchant_demo_001
txn_43550f83a348,acct_cf4f49a549,2026-09-24T16:56:40,4120.17,merchant_demo_001
txn_69d967a1e3e7,acct_3b3381c841,2025-12-27T23:14:47,4966.29,merchant_demo_001
txn_33c6d5ef81a2,acct_3b3381c841,2026-04-15T23:14:47,3552.36,merchant_demo_001
txn_b3824f6bb366,acct_3b3381c841,2025-11-17T23:14:47,1464.53,merchant_demo_001
txn_b6826bf24f45,acct_3b3381c841,2025-09-23T23:14:47,4678.06,merchant_demo_001
txn_b31b69f4df19,acct_3b3381c841,2026-06-22T23:14:47,4977.05,merchant_demo_001
txn_def10f2c24bc,acct_cc9eaf2247,2027-05-08T19:13:42,4046.26,merchant_demo_001
txn_84180e20342b,acct_cc9eaf2247,2027-02-05T19:13:42,3793.28,merchant_demo_001
txn_1eb983c49139,acct_cc9eaf2247,2027-07-10T19:13:42,2885.3,merchant_demo_001
txn_b7c4cd7a5e0b,acct_c03a9edded,2027-04-20T04:55:43,3141.2,merchant_demo_001
txn_1d457cacab2f,acct_c03a9edded,2026-10-02T04:55:43,4354.42,merchant_demo_001
txn_07591a8b9354,acct_c03a9edded,2027-02-23T04:55:43,1517.24,merchant_demo_001
txn_65c6a15acba7,acct_c03a9edded,2026-12-31T04:55:43,3226.66,merchant_demo_001
txn_ff247390356b,acct_96d5cccba8,2026-07-11T06:49:27,3662.3,merchant_demo_001
txn_68fe21cb7bb8,acct_96d5cccba8,2026-06-07T06:49:27,3817.37,merchant_demo_001
txn_f4b340b4472c,acct_96d5cccba8,2026-02-13T06:49:27,493.79,merchant_demo_001
txn_faa7aa7b1224,acct_96d5cccba8,2026-03-19T06:49:27,1512.96,merchant_demo_001
txn_f28471a2d563,acct_96d5cccba8,2026-03-26T06:49:27,3928.48,merchant_demo_001
txn_aa5e94835b3b,acct_1269c2ca28,2026-02-08T04:02:02,3202.05,merchant_demo_001
txn_c409d1f861ca,acct_1269c2ca28,2026-05-14T04:02:02,1278.59,merchant_demo_001
txn_651c0108a8f4,acct_1269c2ca28,2026-01-12T04:02:02,2848.43,merchant_demo_001
txn_71091ee7c409,acct_1269c2ca28,2025-12-24T04:02:02,155.3,merchant_demo_001
txn_7faceef49006,acct_1269c2ca28,2026-04-09T04:02:02,4442.33,merchant_demo_001
txn_f37ed1cdf0c8,acct_df961f00b1,2025-02-10T05:59:43,3971.88,merchant_demo_001
txn_35a6051d0b53,acct_df961f00b1,2025-02-10T04:10:43,4768.78,merchant_demo_001
txn_2a3d115a2e26,acct_df961f00b1,2025-02-10T04:09:43,586.36,merchant_demo_001
txn_2eeac9459368,acct_ce320edda3,2026-05-19T09:25:01,3913.61,merchant_demo_001
txn_9d1be9262faa,acct_ce320edda3,2027-01-21T09:25:01,4847.09,merchant_demo_001
txn_9d08b4e0a1b9,acct_ee4594aa9e,2025-04-16T11:36:07,2821.25,merchant_demo_001
txn_d685d6c959bf,acct_ee4594aa9e,2025-03-14T11:36:07,2068.7,merchant_demo_001
txn_6121908ce482,acct_7badb770a0,2026-01-31T04:44:06,2391.24,merchant_demo_001
txn_1310a70677a4,acct_dc5fce458b,2026-04-03T14:13:15,632.7,merchant_demo_001
txn_dbc000f68630,acct_dc5fce458b,2026-06-06T14:13:15,2117.63,merchant_demo_001
txn_78a172c3d86e,acct_dc5fce458b,2025-05-26T14:13:15,3227.58,merchant_demo_001
txn_8d254673095e,acct_dc5fce458b,2025-08-08T14:13:15,3758.92,merchant_demo_001
txn_e255dca975fe,acct_da1d8bf8b7,2026-12-23T20:59:06,4718.01,merchant_demo_001
txn_2e006df00d4e,acct_da1d8bf8b7,2027-03-16T20:59:06,1179.15,merchant_demo_001
txn_ad023c44b3d5,acct_da1d8bf8b7,2027-01-15T20:59:06,1140.97,merchant_demo_001
txn_ac6a4a8e3901,acct_d409e610b0,2026-03-16T23:14:46,3268.44,merchant_demo_001
txn_042073054dce,acct_d409e610b0,2026-06-05T23:14:46,735.69,merchant_demo_001
txn_20c43bb76749,acct_d409e610b0,2026-06-26T23:14:46,3797.21,merchant_demo_001
txn_4794a583095d,acct_d409e610b0,2026-02-04T23:14:46,4148.67,merchant_demo_001
txn_904eb16b1094,acct_d409e610b0,2026-03-07T23:14:46,4802.1,merchant_demo_001
txn_866eed7427a1,acct_3f98978204,2025-10-19T16:30:02,4516.13,merchant_demo_001
txn_f37be3e1e81e,acct_4ed5fb50cd,2026-09-03T15:16:22,2199.03,merchant_demo_001
txn_b1b3fff271cc,acct_4ed5fb50cd,2025-11-10T15:16:22,2768.8,merchant_demo_001
txn_ec3e7553feed,acct_4ed5fb50cd,2026-01-09T15:16:22,2060.84,merchant_demo_001
txn_b348ae80666a,acct_4ed5fb50cd,2026-11-20T15:16:22,1825.67,merchant_demo_001
txn_5e02b108064c,acct_4ed5fb50cd,2026-10-07T15:16:22,775.73,merchant_demo_001
txn_18c506dc735c,acct_a61e7d8197,2025-09-16T06:34:10,512.81,merchant_demo_001
txn_f5d7769efe92,acct_a61e7d8197,2025-10-04T06:34:10,1943.05,merchant_demo_001
txn_1e2d59ae1b72,acct_a61e7d8197,2025-09-23T06:34:10,1756.35,merchant_demo_001
txn_9af43a621027,acct_44bfee5ef9,2026-02-27T17:24:16,123.92,merchant_demo_001
txn_02e41676277b,acct_28d15ee658,2026-02-28T23:44:35,536.35,merchant_demo_001
txn_9728c05acddd,acct_28d15ee658,2026-07-11T23:44:35,4417.32,merchant_demo_001
txn_5281dd3bafc6,acct_28d15ee658,2026-08-21T23:44:35,991.92,merchant_demo_001
txn_f6964aba5306,acct_28d15ee658,2026-04-21T23:44:35,1602.79,merchant_demo_001
txn_d1c4f44c0ab7,acct_b8f4bbbf79,2026-04-20T17:46:54,1297.06,merchant_demo_001
txn_f269fb346b4a,acct_b8f4bbbf79,2026-04-20T18:05:54,3897.23,merchant_demo_001
txn_2dd98137bc54,acct_6d10369ae4,2026-07-27T07:15:41,787.31,merchant_demo_001
txn_c89d0db1ca45,acct_6d10369ae4,2026-08-19T07:15:41,3991.6,merchant_demo_001
txn_4dd50599e89e,acct_6d10369ae4,2026-03-31T07:15:41,4256.33,merchant_demo_001
txn_09669a0d8dd4,acct_6d10369ae4,2026-03-11T07:15:41,3148.9,merchant_demo_001
txn_d490cc4ad3f3,acct_7e723a479e,2026-01-03T04:10:50,4171.02,merchant_demo_001
txn_9b29f6187dd6,acct_8bdf1e367c,2025-09-17T03:04:22,3774.05,merchant_demo_001
txn_f3a95ca4a6d1,acct_8bdf1e367c,2025-01-16T03:04:22,82.24,merchant_demo_001
txn_2c1146d08504,acct_ff0f0c6ec6,2026-06-01T08:34:15,3021.94,merchant_demo_001
txn_19ca126eddfb,acct_ff0f0c6ec6,2026-05-09T08:34:15,359.89,merchant_demo_001
txn_88ca30da1159,acct_ff0f0c6ec6,2025-11-19T08:34:15,628.08,merchant_demo_001
txn_aef899cd61ad,acct_ff0f0c6ec6,2026-11-16T08:34:15,1966.58,merchant_demo_001
txn_844a26a09fcf,acct_ff0f0c6ec6,2026-02-02T08:34:15,421.53,merchant_demo_001
txn_f351f6b9ed30,acct_724ff8e7ef,2026-12-10T06:03:42,1707.46,merchant_demo_001
txn_0e776f2a1cd7,acct_724ff8e7ef,2026-02-13T06:03:42,287.18,merchant_demo_001
txn_bd294f6c3de7,acct_e05a02326d,2027-01-19T14:27:15,2662.67,merchant_demo_001
txn_0b666affa38f,acct_82eac2b355,2026-01-07T07:53:44,1432.27,merchant_demo_001
txn_5c92ff96f77c,acct_82eac2b355,2026-01-07T06:23:44,3167.82,merchant_demo_001
txn_ee5fe31974c6,acct_82eac2b355,2026-01-07T05:26:44,4296.29,merchant_demo_001
txn_6e72ff988e66,acct_8842fbcb4e,2026-08-17T23:42:06,2293.03,merchant_demo_001
txn_306a5ced110a,acct_8842fbcb4e,2027-08-21T23:42:06,927.09,merchant_demo_001
txn_4ce4d1561f79,acct_8842fbcb4e,2027-06-08T23:42:06,2632.95,merchant_demo_001
txn_287ec7ac4887,acct_296fc798de,2027-01-03T15:43:46,3228.26,merchant_demo_001
txn_0bf53a78266f,acct_296fc798de,2027-04-08T15:43:46,761.06,merchant_demo_001
txn_4c8a4ebc5932,acct_296fc798de,2027-05-30T15:43:46,1873.39,merchant_demo_001
txn_9b6d4d271ff3,acct_296fc798de,2027-04-13T15:43:46,1435.01,merchant_demo_001
txn_991fb1f6238a,acct_296fc798de,2026-05-30T15:43:46,4483.81,merchant_demo_001
txn_7edfaccc86df,acct_d94119b0d3,2026-01-02T00:20:39,3014.24,merchant_demo_001
txn_8c36474225e0,acct_d94119b0d3,2025-12-07T00:20:39,853.45,merchant_demo_001
txn_18424204fd26,acct_d94119b0d3,2026-05-21T00:20:39,4717.51,merchant_demo_001
txn_57923d21b089,acct_d94119b0d3,2025-07-31T00:20:39,3643.8,merchant_demo_001
txn_760654ac6043,acct_ebd9a9bc8f,2026-09-22T06:56:04,693.64,merchant_demo_001
txn_8949f9d1fbc9,acct_ebd9a9bc8f,2025-12-23T06:56:04,1755.52,merchant_demo_001
txn_46577df8a1c7,acct_ebd9a9bc8f,2026-07-25T06:56:04,4003.4,merchant_demo_001
txn_44053fec41fa,acct_ebd9a9bc8f,2026-10-30T06:56:04,4368.62,merchant_demo_001
txn_c6e59b5a26cc,acct_87e1601c85,2025-05-20T20:34:34,4138.73,merchant_demo_001
txn_eae2b9003506,acct_87e1601c85,2025-05-20T19:32:34,4619.3,merchant_demo_001
txn_5ed3195e658b,acct_87e1601c85,2025-05-20T18:35:34,2848.84,merchant_demo_001
txn_c795518cd317,acct_8e218ad4ff,2025-04-24T09:20:15,3857.11,merchant_demo_001
txn_df4551ab89bc,acct_8e218ad4ff,2025-08-02T09:20:15,162.54,merchant_demo_001
txn_bf5300b9c3bf,acct_8e218ad4ff,2025-12-14T09:20:15,3389.43,merchant_demo_001
txn_f0b5986d6e19,acct_8e218ad4ff,2025-08-02T09:20:15,382.43,merchant_demo_001
txn_79310944f9c1,acct_8e218ad4ff,2025-06-28T09:20:15,1032.27,merchant_demo_001
txn_f549e9c4ea6a,acct_6f1d96c3a3,2025-08-26T18:23:22,491.47,merchant_demo_001
txn_25b885adbfcd,acct_6f1d96c3a3,2025-07-06T18:23:22,4773.26,merchant_demo_001
txn_f7ed57836492,acct_6f1d96c3a3,2025-10-07T18:23:22,1821.5,merchant_demo_001
txn_aa75ceebe39a,acct_6f1d96c3a3,2025-07-26T18:23:22,1052.96,merchant_demo_001
txn_5613ada590a4,acct_a5b6ac34e0,2025-09-27T21:41:35,2362.6,merchant_demo_001
txn_9f84a722fe9b,acct_a5b6ac34e0,2025-09-12T21:41:35,2348.06,merchant_demo_001
txn_6b7633223da8,acct_a5b6ac34e0,2025-11-15T21:41:35,4255.25,merchant_demo_001
txn_26890d8a9954,acct_a5b6ac34e0,2025-10-26T21:41:35,3406.26,merchant_demo_001
txn_7c9c6ea1d7be,acct_451ac98d8e,2026-01-30T21:28:49,858.74,merchant_demo_001
txn_1769c34a0a05,acct_807751602b,2025-07-09T10:34:30,1133.41,merchant_demo_001
txn_8602c63157d9,acct_807751602b,2025-12-15T10:34:30,1227.97,merchant_demo_001
txn_12192277b083,acct_807751602b,2026-01-30T10:34:30,4898.74,merchant_demo_001
txn_9dd421954705,acct_807751602b,2025-10-22T10:34:30,705.16,merchant_demo_001
txn_f1123294dfe8,acct_c8e03db92a,2025-12-13T12:39:26,2888.51,merchant_demo_001
txn_c008e15e523a,acct_c8e03db92a,2025-09-01T12:39:26,1911.11,merchant_demo_001
txn_d4026611cb27,acct_c8e03db92a,2025-06-14T12:39:26,1130.36,merchant_demo_001
txn_a4a37a5d4318,acct_c8e03db92a,2025-04-16T12:39:26,4462.43,merchant_demo_001
txn_25f1d87198a8,acct_45cedef861,2025-11-02T16:03:03,1570.14,merchant_demo_001
txn_ae5591004464,acct_45cedef861,2026-04-03T16:03:03,293.46,merchant_demo_001
txn_fedcccad47a2,acct_45cedef861,2025-08-29T16:03:03,4329.56,merchant_demo_001
txn_6f2f00af5350,acct_45cedef861,2025-11-16T16:03:03,286.54,merchant_demo_001
txn_af3428fabdd4,acct_45cedef861,2025-12-23T16:03:03,1505.38,merchant_demo_001
txn_83672d60a643,acct_2057dafbe2,2026-02-14T04:39:23,517.86,merchant_demo_001
txn_11011a7ff2e9,acct_a3a0073ced,2026-05-25T01:09:48,4974.9,merchant_demo_001
txn_b00ed757a658,acct_a3a0073ced,2026-05-01T01:09:48,2286.11,merchant_demo_001
txn_2f766c8325a4,acct_a3a0073ced,2026-12-15T01:09:48,1288.12,merchant_demo_001
txn_86df8685a867,acct_b3186ed6e5,2025-10-07T23:02:35,2378.47,merchant_demo_001
txn_2c3d68528b5c,acct_d1ab17cb1d,2026-02-21T12:36:49,751.78,merchant_demo_001
txn_9da941e1f964,acct_4bba6f3549,2027-05-08T02:01:46,3965.14,merchant_demo_001
txn_fdc71b78226c,acct_4bba6f3549,2027-03-31T02:01:46,2591.28,merchant_demo_001
txn_47c653b8d364,acct_4bba6f3549,2026-07-28T02:01:46,422.13,merchant_demo_001
txn_429e722abce8,acct_4bba6f3549,2026-07-15T02:01:46,3213.36,merchant_demo_001
txn_213680496a17,acct_3f457d6fe0,2026-04-24T00:19:54,2704.41,merchant_demo_001
txn_7ef1797590fb,acct_3f457d6fe0,2025-09-28T00:19:54,556.57,merchant_demo_001
txn_ecf791bfd594,acct_3f457d6fe0,2025-10-04T00:19:54,1342.44,merchant_demo_001
txn_71296d049113,acct_3f457d6fe0,2026-01-27T00:19:54,899.52,merchant_demo_001
txn_e133c6352e1b,acct_969a16ccc9,2026-07-29T07:26:47,3686.01,merchant_demo_001
txn_67e6a248fe9b,acct_969a16ccc9,2026-10-14T07:26:47,3932.75,merchant_demo_001
txn_e39f3a61a034,acct_969a16ccc9,2027-01-22T07:26:47,3052.15,merchant_demo_001
txn_4a87622419e5,acct_969a16ccc9,2026-06-04T07:26:47,3801.5,merchant_demo_001
txn_6fa14e2a38ec,acct_969a16ccc9,2026-06-03T07:26:47,4379.93,merchant_demo_001
txn_7e27d93125f7,acct_9670331620,2025-11-07T20:26:32,4389.38,merchant_demo_001
txn_17b27696cf92,acct_9670331620,2026-03-26T20:26:32,927.22,merchant_demo_001
txn_aaed1d6f2fda,acct_9670331620,2026-06-19T20:26:32,4979.78,merchant_demo_001
txn_56e8ce6deaae,acct_9670331620,2026-01-31T20:26:32,194.33,merchant_demo_001
txn_1a4ece0132bd,acct_9670331620,2025-10-31T20:26:32,2883.51,merchant_demo_001
txn_ad0361006cac,acct_0918a013b6,2026-04-04T20:45:19,163.45,merchant_demo_001
txn_3857a774fba8,acct_0918a013b6,2026-03-16T20:45:19,2963.63,merchant_demo_001
txn_489f82bc23fe,acct_0918a013b6,2026-03-25T20:45:19,3201.42,merchant_demo_001
txn_8e4ea1d1700a,acct_0918a013b6,2025-10-14T20:45:19,3419.69,merchant_demo_001
txn_cf7b76dbd697,acct_d54d4826f5,2026-05-21T06:13:24,2417.69,merchant_demo_001
txn_369f580b013e,acct_bfce46cfcb,2026-03-03T15:02:39,4311.47,merchant_demo_001
txn_bba82631cb7e,acct_1c1785ee7b,2026-01-17T06:27:20,4506.55,merchant_demo_001
txn_e314cca07232,acct_1c1785ee7b,2026-06-11T06:27:20,3910.44,merchant_demo_001
txn_e72f9f85fbb0,acct_1c1785ee7b,2025-12-03T06:27:20,4307.5,merchant_demo_001
txn_ea9d3902f15e,acct_1c1785ee7b,2025-09-26T06:27:20,1857.18,merchant_demo_001
txn_323db3032af4,acct_664d1451a8,2026-09-01T11:47:08,2726.07,merchant_demo_001
txn_5d913f32419a,acct_46d08bd0eb,2026-10-12T10:46:10,4211.37,merchant_demo_001
txn_80ccef546597,acct_2bcfcbe0d1,2025-12-03T10:15:31,3164.42,merchant_demo_001
txn_05d1999dd0b9,acct_96724eb705,2027-04-13T04:10:47,838.12,merchant_demo_001
txn_ece54544b226,acct_96724eb705,2026-11-20T04:10:47,3409.8,merchant_demo_001
txn_8a44a9d135a0,acct_96724eb705,2027-04-05T04:10:47,1861.9,merchant_demo_001
txn_5878ec2cad32,acct_4c5f40d6f5,2026-01-17T17:23:37,4944.92,merchant_demo_001
txn_3fe46a57827a,acct_4c5f40d6f5,2025-06-08T17:23:37,3449.4,merchant_demo_001
txn_e80cda16e53e,acct_4c5f40d6f5,2025-11-09T17:23:37,2868.69,merchant_demo_001
txn_1633bc206322,acct_8d21527578,2025-11-11T21:43:03,2638.05,merchant_demo_001
txn_48a5b7318a70,acct_8d21527578,2025-11-11T22:09:03,410.13,merchant_demo_001
txn_125bfae888c9,acct_8d21527578,2025-11-11T23:51:03,736.78,merchant_demo_001
txn_5e8926bf7cb2,acct_31321db0ca,2025-08-20T12:05:02,4846.14,merchant_demo_001
txn_271da542a206,acct_31321db0ca,2026-02-19T12:05:02,2991.15,merchant_demo_001
txn_7bc893bdd114,acct_31321db0ca,2025-02-18T12:05:02,2809.76,merchant_demo_001
txn_7d4d53e2d114,acct_31321db0ca,2025-10-29T12:05:02,3874.23,merchant_demo_001
txn_a146b9ebad99,acct_31321db0ca,2025-06-15T12:05:02,1214.33,merchant_demo_001
txn_4e9d8db6c90d,acct_604d070b0c,2027-03-30T17:32:28,2732.2,merchant_demo_001
txn_28716b838cdf,acct_604d070b0c,2027-02-26T17:32:28,4346.98,merchant_demo_001
txn_e0aaf8c71904,acct_604d070b0c,2026-08-12T17:32:28,678.03,merchant_demo_001
txn_0fb3a2f8ba58,acct_604d070b0c,2026-06-11T17:32:28,4261.82,merchant_demo_001
txn_32e8357ecf5d,acct_604d070b0c,2026-06-09T17:32:28,4759.43,merchant_demo_001
txn_e2dfb8715c32,acct_7db65f2aec,2026-06-16T18:10:21,4216.73,merchant_demo_001
txn_473e074d236c,acct_7db65f2aec,2026-02-18T18:10:21,4876.3,merchant_demo_001
txn_3eaa907bb07c,acct_eeac1efce7,2026-09-21T23:14:19,3472.46,merchant_demo_001
txn_1af27c9ed6f7,acct_eeac1efce7,2026-06-06T23:14:19,4846.87,merchant_demo_001
txn_7b0a016e0858,acct_eeac1efce7,2026-08-17T23:14:19,693.44,merchant_demo_001
txn_333830599f49,acct_eeac1efce7,2026-07-27T23:14:19,1721.72,merchant_demo_001
txn_0fefdd2606d1,acct_eeac1efce7,2026-10-01T23:14:19,3068.16,merchant_demo_001
txn_8dc7485d4ef1,acct_55eb46edeb,2027-04-01T22:03:33,376.79,merchant_demo_001
txn_b2564b14e237,acct_55eb46edeb,2026-06-26T22:03:33,1453.65,merchant_demo_001
txn_346ff68f3422,acct_55eb46edeb,2026-12-31T22:03:33,3149.03,merchant_demo_001
txn_3fc422d52c1e,acct_55eb46edeb,2027-01-28T22:03:33,2316.53,merchant_demo_001
txn_900f195522d8,acct_55eb46edeb,2027-06-02T22:03:33,4568.95,merchant_demo_001
txn_11229586e8b3,acct_f48bff781b,2026-02-04T04:32:46,1816.84,merchant_demo_001
txn_78b5dad4b3f5,acct_f48bff781b,2026-03-21T04:32:46,1214.64,merchant_demo_001
txn_b5903551fefe,acct_f48bff781b,2026-09-24T04:32:46,2038.18,merchant_demo_001
txn_56f47dda3522,acct_f48bff781b,2026-07-07T04:32:46,2414.13,merchant_demo_001
txn_cda76bd3cceb,acct_4319de5d96,2026-04-20T07:07:52,974.47,merchant_demo_001
txn_ab35edbfec0e,acct_4319de5d96,2026-04-20T06:56:52,2287.43,merchant_demo_001
txn_ed2b72d29288,acct_4319de5d96,2026-04-20T05:56:52,3912.23,merchant_demo_001
txn_86bf87de2744,acct_538c264398,2026-04-09T16:41:44,3611.07,merchant_demo_001
txn_eb07b04690ef,acct_538c264398,2027-02-10T16:41:44,4868.12,merchant_demo_001
txn_699b2d24302a,acct_538c264398,2026-11-16T16:41:44,3071.64,merchant_demo_001
txn_7526ac460e3a,acct_538c264398,2026-11-15T16:41:44,1953.15,merchant_demo_001
txn_a5b4bc0ec3fd,acct_538c264398,2026-05-23T16:41:44,4292.27,merchant_demo_001
txn_2e426dff612e,acct_4acfff8ced,2026-01-09T12:35:47,2210.5,merchant_demo_001
txn_4627d88ed079,acct_4acfff8ced,2025-12-13T12:35:47,3606.77,merchant_demo_001
txn_4fb32eba6cf2,acct_4acfff8ced,2025-11-21T12:35:47,4193.37,merchant_demo_001
txn_f1126c046a3f,acct_031566536b,2026-09-28T11:29:09,2604.78,merchant_demo_001
txn_5cae5bae403f,acct_031566536b,2026-07-27T11:29:09,2494.84,merchant_demo_001
txn_1a999180a8d8,acct_1a9df1c9cb,2027-06-18T22:56:09,2684.1,merchant_demo_001
txn_0858b2d3a57c,acct_884be2d63e,2025-01-30T18:01:23,2023.04,merchant_demo_001
txn_09863170ebd8,acct_884be2d63e,2025-05-05T18:01:23,3427.58,merchant_demo_001
txn_3ae640530974,acct_884be2d63e,2025-05-31T18:01:23,1874.97,merchant_demo_001
txn_fb3f65489de8,acct_884be2d63e,2026-01-21T18:01:23,1383.17,merchant_demo_001
txn_d79365b49c05,acct_884be2d63e,2025-02-14T18:01:23,3334.67,merchant_demo_001
txn_8f82d608ccdd,acct_6f8b544106,2026-06-20T03:14:13,4972.64,merchant_demo_001
txn_b9487b7b4a61,acct_6f8b544106,2025-12-11T03:14:13,3652.06,merchant_demo_001
txn_d9dbe8f9ca29,acct_6f8b544106,2025-11-15T03:14:13,3443.78,merchant_demo_001
txn_2060310d9973,acct_bef73cebbe,2026-02-01T23:29:31,201.64,merchant_demo_001
txn_e5222db0c79b,acct_bef73cebbe,2026-03-17T23:29:31,881.2,merchant_demo_001
txn_83222cbf2685,acct_bef73cebbe,2026-10-17T23:29:31,920.74,merchant_demo_001
txn_6cdd3f7540e3,acct_bef73cebbe,2027-01-30T23:29:31,1746.03,merchant_demo_001
txn_887572845545,acct_bef73cebbe,2026-07-23T23:29:31,1378.2,merchant_demo_001
txn_0396ddb58c88,acct_e5b6b3a4a3,2027-03-20T12:44:08,1996.21,merchant_demo_001
txn_d8b4bd82a2fb,acct_e5b6b3a4a3,2027-04-24T12:44:08,2000.63,merchant_demo_001
txn_cad8a253b46d,acct_3f979ab4f0,2026-08-28T04:38:38,4141.02,merchant_demo_001
txn_06485a97d09a,acct_3f979ab4f0,2027-01-08T04:38:38,1506.11,merchant_demo_001
txn_02a3edfacf04,acct_b28fd831d4,2025-03-26T05:09:34,3188.05,merchant_demo_001
txn_e58cdbb5cc0d,acct_b28fd831d4,2025-03-19T05:09:34,3433.45,merchant_demo_001
txn_2632a7b38ab9,acct_b28fd831d4,2025-04-27T05:09:34,2901.46,merchant_demo_001
txn_0781515feee5,acct_22e8e032ff,2026-07-14T03:21:22,4160.03,merchant_demo_001
txn_e301df85fec4,acct_22e8e032ff,2026-04-18T03:21:22,4338.15,merchant_demo_001
txn_3dcd77b001fb,acct_22e8e032ff,2026-04-04T03:21:22,2753.6,merchant_demo_001
txn_833a6907986f,acct_4ce1bafaf6,2026-06-03T04:49:42,1733.92,merchant_demo_001
txn_ad1b12b4312c,acct_4ce1bafaf6,2026-07-05T04:49:42,1340.61,merchant_demo_001
txn_099eba60ae03,acct_4ce1bafaf6,2027-03-28T04:49:42,3418.62,merchant_demo_001
txn_4789f61e4784,acct_4ce1bafaf6,2026-09-26T04:49:42,973.68,merchant_demo_001
txn_23a1b0183566,acct_4ce1bafaf6,2027-05-06T04:49:42,1722.55,merchant_demo_001
txn_093fa0cedfae,acct_8fb095f7f6,2026-09-25T01:24:24,4574.07,merchant_demo_001
txn_f4f35e511819,acct_8fb095f7f6,2026-12-18T01:24:24,1975.93,merchant_demo_001
txn_cb28d8f568bc,acct_8fb095f7f6,2027-04-16T01:24:24,900.69,merchant_demo_001
txn_d6dbd4676a98,acct_8fb095f7f6,2027-04-23T01:24:24,1147.18,merchant_demo_001
txn_41bbf8ace3c4,acct_814a280c99,2026-06-03T14:30:59,1749.46,merchant_demo_001
txn_3019580aeebe,acct_814a280c99,2026-06-27T14:30:59,3919.33,merchant_demo_001
txn_b315e17eb4f3,acct_814a280c99,2026-06-12T14:30:59,555.99,merchant_demo_001
txn_23852fc7c78e,acct_bc661bc049,2025-08-22T15:01:35,2821.67,merchant_demo_001
txn_1c5521af20cc,acct_bc661bc049,2026-01-15T15:01:35,1877.7,merchant_demo_001
txn_748676cad792,acct_bc661bc049,2025-07-12T15:01:35,4760.56,merchant_demo_001
txn_4d671722e210,acct_bc661bc049,2026-03-06T15:01:35,2618.73,merchant_demo_001
txn_3c14109ba698,acct_bc661bc049,2026-01-12T15:01:35,4750.41,merchant_demo_001
txn_5e14ffc4238a,acct_cc6e7b51d0,2026-12-14T00:38:16,127.38,merchant_demo_001
txn_1d8b332d6151,acct_cc6e7b51d0,2026-12-12T00:38:16,3792.14,merchant_demo_001
txn_6c970f61fecb,acct_cc6e7b51d0,2027-07-31T00:38:16,3416.51,merchant_demo_001
txn_5b8461e2f86a,acct_cc6e7b51d0,2026-11-11T00:38:16,1159.82,merchant_demo_001
txn_35df5b23ede0,acct_cc6e7b51d0,2026-10-08T00:38:16,1567.77,merchant_demo_001
txn_481307ab4668,acct_71444f6652,2025-08-22T01:56:15,4394.86,merchant_demo_001
txn_805b10ef0b35,acct_71444f6652,2025-08-22T03:37:15,4130.43,merchant_demo_001
txn_630e6ccfe491,acct_71444f6652,2025-08-22T01:45:15,4635.28,merchant_demo_001
txn_e680839dc551,acct_ab37b52424,2025-09-04T21:27:26,3015.06,merchant_demo_001
txn_c4bc4910447f,acct_26c9c7ca09,2025-05-12T06:02:38,1035.78,merchant_demo_001
txn_b35c220fa2d2,acct_26c9c7ca09,2026-04-13T06:02:38,1701.39,merchant_demo_001
txn_927121d8876e,acct_cebfbe935a,2026-08-16T12:30:05,3977.58,merchant_demo_001
txn_cf8f797840b9,acct_cebfbe935a,2026-05-15T12:30:05,4200.89,merchant_demo_001
txn_5e4fb3c08a1a,acct_bb55c57a9d,2026-10-17T17:51:34,1572.52,merchant_demo_001
txn_73f85168552a,acct_bb55c57a9d,2026-09-12T17:51:34,1503.57,merchant_demo_001
txn_e3a606601a60,acct_e7c39e09a6,2025-10-17T18:49:59,4146.62,merchant_demo_001
txn_558b547c7b16,acct_7039a156f3,2025-11-26T14:25:00,1122.15,merchant_demo_001
txn_254d2f7163a3,acct_7039a156f3,2025-12-30T14:25:00,1862.25,merchant_demo_001
txn_82c04984bab9,acct_6bf2975ac2,2026-05-20T13:01:23,2405.49,merchant_demo_001
txn_099d75327e0c,acct_6bf2975ac2,2026-07-13T13:01:23,532.02,merchant_demo_001
txn_06cc2232f59e,acct_5096758982,2026-07-13T17:14:50,4265.22,merchant_demo_001
txn_2a6588ed0595,acct_5096758982,2025-12-19T17:14:50,129.48,merchant_demo_001
txn_046502e3b357,acct_5096758982,2026-10-09T17:14:50,1365.48,merchant_demo_001
txn_be9cba612500,acct_5096758982,2026-02-10T17:14:50,3500.77,merchant_demo_001
txn_c438c4b8fe14,acct_0a2a793057,2026-01-21T20:14:00,4754.41,merchant_demo_001
txn_f340a30bb1f9,acct_ac8a231218,2025-12-26T12:50:58,3892.85,merchant_demo_001
txn_a1cf6d46a9ce,acct_d9ef861f69,2026-05-11T19:37:14,1945.52,merchant_demo_001
txn_af065124a3a3,acct_d9ef861f69,2026-06-17T19:37:14,4742.48,merchant_demo_001
txn_f1f1e20d1e0a,acct_83ace15c4b,2026-10-16T22:33:41,2979.09,merchant_demo_001
txn_80753953ade5,acct_88c3e5c424,2026-07-03T13:44:34,347.7,merchant_demo_001
txn_bfb8866e1168,acct_88c3e5c424,2026-09-29T13:44:34,4182.82,merchant_demo_001
txn_a7bb0d1817ca,acct_88c3e5c424,2026-10-11T13:44:34,2416.17,merchant_demo_001
txn_80a8d3e0a895,acct_88c3e5c424,2026-02-05T13:44:34,1836.88,merchant_demo_001
txn_c1551e4ecad4,acct_023aed6144,2026-04-22T14:40:11,2657.58,merchant_demo_001
txn_4d21735930e0,acct_023aed6144,2026-08-29T14:40:11,1774.17,merchant_demo_001
txn_4670993ba4fd,acct_d113af3cbd,2026-02-03T15:51:46,4679.11,merchant_demo_001
txn_1c644308915d,acct_d113af3cbd,2026-09-06T15:51:46,4055.03,merchant_demo_001
txn_d2c451627587,acct_cb0fd69b49,2025-10-15T02:06:26,338.93,merchant_demo_001
txn_d6a0c1cc9fad,acct_cb0fd69b49,2025-08-29T02:06:26,4326.97,merchant_demo_001
txn_b36317619ba8,acct_cb0fd69b49,2026-01-08T02:06:26,2556.88,merchant_demo_001
txn_cf239bb4580f,acct_cb0fd69b49,2026-04-06T02:06:26,2276.41,merchant_demo_001
txn_89b402db2d10,acct_301db6603b,2025-10-06T07:22:23,1528.32,merchant_demo_001
txn_afa86d5e08e3,acct_301db6603b,2025-08-09T07:22:23,734.18,merchant_demo_001
txn_468ea16a0923,acct_301db6603b,2026-05-12T07:22:23,1722.56,merchant_demo_001
txn_957915f1c91e,acct_301db6603b,2025-11-04T07:22:23,4916.61,merchant_demo_001
txn_712206c3ca94,acct_8840731e73,2025-05-23T04:08:02,2729.68,merchant_demo_001
txn_2036353feec9,acct_8840731e73,2025-05-27T04:08:02,3677.79,merchant_demo_001
txn_b054bf4e32ec,acct_8840731e73,2025-06-02T04:08:02,4824.45,merchant_demo_001
txn_b8eaa7fd879a,acct_208d9771d5,2026-02-18T08:48:27,4215.8,merchant_demo_001
txn_7489f791384c,acct_208d9771d5,2025-07-16T08:48:27,929.99,merchant_demo_001
txn_a435e9baab3e,acct_208d9771d5,2025-04-25T08:48:27,1557.48,merchant_demo_001
txn_f97512dae781,acct_b864ed14a1,2025-10-08T16:53:00,4839.79,merchant_demo_001
txn_63c640fa9c28,acct_b864ed14a1,2026-07-29T16:53:00,2169.13,merchant_demo_001
txn_86ae90d53dfb,acct_b864ed14a1,2026-01-26T16:53:00,175.71,merchant_demo_001
txn_59628ff5493d,acct_b864ed14a1,2025-08-12T16:53:00,4418.33,merchant_demo_001
txn_c65bf5d7f6fe,acct_b864ed14a1,2025-08-30T16:53:00,821.92,merchant_demo_001
txn_1d87b402c488,acct_13a405de77,2025-08-31T13:38:02,3213.87,merchant_demo_001
txn_b701ddf8e8d8,acct_13a405de77,2025-12-19T13:38:02,3254.33,merchant_demo_001
txn_0d39337536f8,acct_13a405de77,2025-06-20T13:38:02,410.1,merchant_demo_001
txn_e48ef975b6b4,acct_5b1fb87419,2026-09-02T12:36:36,3231.12,merchant_demo_001
txn_7218770c6c6c,acct_5b1fb87419,2026-08-25T12:36:36,4006.59,merchant_demo_001
txn_8ffe49e31c93,acct_404a9daa36,2025-06-21T12:56:20,1081.3,merchant_demo_001
txn_87d6bc6668df,acct_404a9daa36,2025-10-29T12:56:20,1732.65,merchant_demo_001
txn_a1840b9c614e,acct_404a9daa36,2025-06-03T12:56:20,2632.85,merchant_demo_001
txn_cd1968f5e097,acct_28b9673b8b,2027-03-03T15:50:38,3703.87,merchant_demo_001
txn_e0119d2b1146,acct_28b9673b8b,2027-05-07T15:50:38,546.83,merchant_demo_001
txn_447e206c5194,acct_28b9673b8b,2026-10-25T15:50:38,1457.6,merchant_demo_001
txn_7bf8a6d7ab5e,acct_28b9673b8b,2027-02-13T15:50:38,2647.72,merchant_demo_001
txn_6596c5948c74,acct_d03e5e94cb,2025-07-23T06:57:25,2952.85,merchant_demo_001
txn_c5dbc9eb377b,acct_d03e5e94cb,2026-01-08T06:57:25,2478.62,merchant_demo_001
txn_b057f2745f64,acct_d03e5e94cb,2025-09-19T06:57:25,4817.32,merchant_demo_001
txn_e3d5ad8dfad2,acct_d03e5e94cb,2025-12-26T06:57:25,4952.79,merchant_demo_001
txn_37bc93a10777,acct_ace52934d4,2026-03-03T14:16:48,2272.57,merchant_demo_001
txn_d82a7fc7789e,acct_ace52934d4,2026-06-21T14:16:48,3954.7,merchant_demo_001
txn_fc4a74fc2333,acct_5405d32a15,2027-03-31T00:34:41,2095.73,merchant_demo_001
txn_593d45da5ede,acct_5405d32a15,2027-05-23T00:34:41,81.51,merchant_demo_001
txn_270ce2ec0d5c,acct_5405d32a15,2026-11-09T00:34:41,4237.52,merchant_demo_001
txn_c802fcba7af2,acct_f8547ae9e6,2025-08-30T00:56:53,1475.17,merchant_demo_001
txn_9032d0fd00a1,acct_f8547ae9e6,2025-03-30T00:56:53,2652.85,merchant_demo_001
txn_5fdb246d8792,acct_0a29010880,2026-12-25T04:51:42,2739.66,merchant_demo_001
txn_7ef4c11113a1,acct_0a29010880,2026-02-20T04:51:42,3698.38,merchant_demo_001
txn_c9920f48ed7e,acct_2f2adf3439,2025-03-05T05:58:21,675.16,merchant_demo_001
txn_5fd02a31b317,acct_2f2adf3439,2025-12-08T05:58:21,758.9,merchant_demo_001
txn_1f7f292b595e,acct_3feb86dc90,2026-05-29T19:34:17,1559.1,merchant_demo_001
txn_009e2c5daf47,acct_2204a3233c,2025-05-05T21:13:19,1916.92,merchant_demo_001
txn_a7f9aa76b9a7,acct_b958312844,2025-05-24T16:20:45,2621.97,merchant_demo_001
txn_0953b982540f,acct_6158962cf9,2025-09-12T00:29:14,2473.21,merchant_demo_001
txn_8403938fe12a,acct_6158962cf9,2025-09-12T00:14:14,3601.85,merchant_demo_001
txn_ebf2f3e9e801,acct_5307d2cb34,2025-08-24T17:14:53,169.92,merchant_demo_001
txn_4f27e0e1f328,acct_5307d2cb34,2025-05-24T17:14:53,3846.33,merchant_demo_001
txn_9421c3bffd76,acct_5307d2cb34,2025-09-23T17:14:53,2617.47,merchant_demo_001
txn_29d01fe5d1d1,acct_5307d2cb34,2025-04-14T17:14:53,3342.53,merchant_demo_001
txn_fc43de615d62,acct_11bb4e4c98,2026-07-18T17:13:15,4504.27,merchant_demo_001
txn_8557ef51c8da,acct_11bb4e4c98,2026-12-18T17:13:15,2348.09,merchant_demo_001
txn_b05838d30eff,acct_dce57026c7,2026-09-09T22:48:17,4867.82,merchant_demo_001
txn_91651a0fbd16,acct_dce57026c7,2026-08-28T22:48:17,3157.29,merchant_demo_001
txn_48c75ab1e66c,acct_32a11e1840,2025-09-17T04:11:44,1925.6,merchant_demo_001
txn_7dcd31221406,acct_32a11e1840,2026-04-28T04:11:44,4713.58,merchant_demo_001
txn_ed4049e3915a,acct_32a11e1840,2025-12-23T04:11:44,755.11,merchant_demo_001
txn_692ae9401716,acct_32a11e1840,2025-08-25T04:11:44,2579.09,merchant_demo_001
txn_b9a0d216a1bf,acct_94557af0e4,2026-12-11T03:25:53,4503.27,merchant_demo_001
txn_f6e0dd7203f1,acct_94557af0e4,2027-03-09T03:25:53,1243.39,merchant_demo_001
txn_b54aab02d08e,acct_94557af0e4,2026-07-21T03:25:53,1992.85,merchant_demo_001
txn_f127d46ee6ea,acct_94557af0e4,2027-03-07T03:25:53,4351.7,merchant_demo_001
txn_24c3d572e4b7,acct_311ce90d93,2025-07-05T06:16:50,3244.83,merchant_demo_001
txn_fccb268696d9,acct_311ce90d93,2025-08-02T06:16:50,363.44,merchant_demo_001
txn_42cf41fdaa91,acct_311ce90d93,2026-04-21T06:16:50,1114.59,merchant_demo_001
txn_a53d3eecb2ee,acct_311ce90d93,2025-12-17T06:16:50,3946.7,merchant_demo_001
txn_28c02b0221dc,acct_d24b7e0a92,2027-01-15T10:58:22,3294.21,merchant_demo_001
txn_b1a61e644a85,acct_d24b7e0a92,2026-07-05T10:58:22,4785.62,merchant_demo_001
txn_165e47d959de,acct_02a1a8b459,2025-11-25T17:29:38,949.86,merchant_demo_001
txn_307ee40c4853,acct_ea2b8da2da,2025-11-27T04:30:56,4778.2,merchant_demo_001
txn_f44a1b103b2b,acct_ea2b8da2da,2025-12-16T04:30:56,1109.79,merchant_demo_001
txn_30faec0892c8,acct_0fa642c532,2026-09-30T12:42:55,4778.94,merchant_demo_001
txn_eb0db0a2fd53,acct_0fa642c532,2027-07-15T12:42:55,2164.15,merchant_demo_001
txn_30307f4fdd5c,acct_0fa642c532,2026-12-19T12:42:55,3303.37,merchant_demo_001
txn_9e18146d34aa,acct_0fa642c532,2027-04-30T12:42:55,423.05,merchant_demo_001
txn_4550ad488794,acct_7a16aa2061,2025-06-23T03:27:18,2788.03,merchant_demo_001
txn_f1c90afa0b66,acct_7a16aa2061,2025-05-07T03:27:18,1220.45,merchant_demo_001
txn_9f06cf46b832,acct_7a16aa2061,2025-05-19T03:27:18,1659.26,merchant_demo_001
txn_d78e27b51cd8,acct_ef9b6440b1,2026-03-22T02:32:27,4822.55,merchant_demo_001
txn_5b87a55b7f8d,acct_ef9b6440b1,2026-01-17T02:32:27,4285.71,merchant_demo_001
txn_1e153ba45a11,acct_ef9b6440b1,2025-12-29T02:32:27,1055.77,merchant_demo_001
txn_122950a0a6c8,acct_73b888fe98,2026-06-29T18:20:42,1370.55,merchant_demo_001
txn_287546b09396,acct_73b888fe98,2026-03-26T18:20:42,2471.06,merchant_demo_001
txn_a44d62dbfcbd,acct_73b888fe98,2026-12-19T18:20:42,2341.99,merchant_demo_001
txn_868d80ca61df,acct_73b888fe98,2027-02-07T18:20:42,4418.41,merchant_demo_001
txn_cb00f4705fa9,acct_73b888fe98,2026-05-15T18:20:42,849.73,merchant_demo_001
txn_c8bbe64b42a1,acct_fdd0bf8418,2026-05-16T08:31:57,1273.32,merchant_demo_001
txn_d715e58d27a3,acct_fdd0bf8418,2025-12-29T08:31:57,2876.67,merchant_demo_001
txn_da2480c6621f,acct_fdd0bf8418,2026-05-01T08:31:57,4333.89,merchant_demo_001
txn_929c0e61afde,acct_fdd0bf8418,2026-10-10T08:31:57,4063.28,merchant_demo_001
txn_e7f769792e16,acct_cd98535d5b,2026-04-24T08:50:26,3591.68,merchant_demo_001
txn_5a81d54afb37,acct_cd98535d5b,2025-08-14T08:50:26,943.28,merchant_demo_001
txn_8294bfb76673,acct_cd98535d5b,2026-01-30T08:50:26,3037.86,merchant_demo_001
txn_b286402a48ee,acct_cd98535d5b,2026-04-10T08:50:26,2222.04,merchant_demo_001
txn_2503a53648c1,acct_4cce195de3,2026-08-10T11:00:29,912.94,merchant_demo_001
txn_adc30b924e0c,acct_4cce195de3,2025-11-26T11:00:29,852.34,merchant_demo_001
txn_339b82ffd1ac,acct_37ea2ac25c,2025-12-31T23:31:49,3350.27,merchant_demo_001
txn_a8c4e81f5a7c,acct_37ea2ac25c,2026-06-28T23:31:49,2369.13,merchant_demo_001
txn_73a4338678b7,acct_37ea2ac25c,2026-05-23T23:31:49,4557.78,merchant_demo_001
txn_aa921d5e41eb,acct_fecad92643,2026-04-16T01:52:30,2477.12,merchant_demo_001
txn_3612d99675df,acct_5a896f6325,2025-05-30T12:11:43,2918.91,merchant_demo_001
txn_cc8aec6a0910,acct_5a896f6325,2025-12-31T12:11:43,4731.73,merchant_demo_001
txn_2dcd92527189,acct_5a896f6325,2025-12-11T12:11:43,1252.98,merchant_demo_001
txn_9f2a54f5bc62,acct_e67dc3a45c,2026-03-17T14:11:46,4070.99,merchant_demo_001
txn_c97730ebcdd0,acct_e67dc3a45c,2027-03-23T14:11:46,4861.82,merchant_demo_001
txn_266b4dd1ce03,acct_e4cae6b9b2,2026-11-01T07:42:37,2015.8,merchant_demo_001
txn_d97798a9a919,acct_e4cae6b9b2,2027-05-05T07:42:37,4321.74,merchant_demo_001
txn_d147e34bc22b,acct_2cb2d23f5d,2025-10-29T17:43:27,907.67,merchant_demo_001
txn_7338248bac4e,acct_2cb2d23f5d,2025-08-16T17:43:27,1363.29,merchant_demo_001
txn_5de61d41cc18,acct_2cb2d23f5d,2026-05-04T17:43:27,2470.28,merchant_demo_001
txn_0ff2eddd61cd,acct_2cb2d23f5d,2026-07-11T17:43:27,4429.89,merchant_demo_001
txn_2cd6797274cd,acct_2cb2d23f5d,2026-04-16T17:43:27,2542.13,merchant_demo_001
txn_86abcb3ac782,acct_047ffa135f,2026-02-26T06:28:50,1779.1,merchant_demo_001
txn_665b06963f57,acct_047ffa135f,2025-11-01T06:28:50,3481.93,merchant_demo_001
txn_063411bb68d7,acct_047ffa135f,2026-07-21T06:28:50,3539.52,merchant_demo_001
txn_8b6efff6cf86,acct_047ffa135f,2026-01-23T06:28:50,3353.37,merchant_demo_001
txn_b94a15a8b176,acct_047ffa135f,2026-01-15T06:28:50,964.05,merchant_demo_001
txn_0df1db7f8877,acct_9fb40dd952,2025-10-27T01:05:53,4625.3,merchant_demo_001
txn_03e575360edd,acct_9fb40dd952,2026-04-28T01:05:53,3962.16,merchant_demo_001
txn_fb29d35af2a5,acct_9fb40dd952,2026-05-07T01:05:53,250.17,merchant_demo_001
txn_607346e77303,acct_9fb40dd952,2025-04-17T01:05:53,1426.74,merchant_demo_001
txn_e1ef58a3ec04,acct_9fb40dd952,2025-09-10T01:05:53,1219.62,merchant_demo_001
txn_f59aa569eaad,acct_fac3f634a2,2027-05-05T23:06:12,455.95,merchant_demo_001
txn_6bb5fefa5534,acct_fac3f634a2,2027-03-29T23:06:12,4283.17,merchant_demo_001
txn_826285788f02,acct_fac3f634a2,2027-03-29T23:06:12,1637.63,merchant_demo_001
txn_da97773b89a4,acct_fac3f634a2,2027-01-30T23:06:12,378.72,merchant_demo_001
txn_36ebf4d8cea7,acct_6a665953d6,2026-05-31T03:36:14,4366.43,merchant_demo_001
txn_cd2d2d97a718,acct_6a665953d6,2026-12-02T03:36:14,4497.77,merchant_demo_001
txn_939385024649,acct_9368f0e11d,2025-12-25T08:12:58,3905.78,merchant_demo_001
txn_e5eadd11ebcd,acct_cd42806e46,2026-07-13T12:20:37,3907.14,merchant_demo_001
txn_fb71f4da8b18,acct_cd42806e46,2027-04-27T12:20:37,4712.05,merchant_demo_001
txn_7d7543a64ca6,acct_cd42806e46,2027-05-07T12:20:37,1773.83,merchant_demo_001
txn_12553ff5224c,acct_cd42806e46,2026-05-01T12:20:37,507.75,merchant_demo_001
txn_10787db71c52,acct_cd42806e46,2026-07-29T12:20:37,2415.95,merchant_demo_001
txn_4d20f60f98d0,acct_c49aee12ef,2026-09-02T06:17:35,330.61,merchant_demo_001
txn_8a27467b51f4,acct_c49aee12ef,2026-09-04T06:17:35,4562.69,merchant_demo_001
txn_edbaeb9a522c,acct_c49aee12ef,2027-03-18T06:17:35,2107.14,merchant_demo_001
txn_d405beddf1e6,acct_c49aee12ef,2027-01-22T06:17:35,459.11,merchant_demo_001
txn_d2161a9fd45a,acct_c49aee12ef,2027-05-13T06:17:35,2987.75,merchant_demo_001
txn_d4a57c554131,acct_a350b32214,2026-08-01T07:45:06,4838.7,merchant_demo_001
txn_46b5aff2cc59,acct_50d5b57d34,2027-01-30T03:34:22,289.66,merchant_demo_001
txn_e277a698d2df,acct_50d5b57d34,2026-09-26T03:34:22,3672.19,merchant_demo_001
txn_3292d7613446,acct_116e655459,2026-09-27T13:05:21,829.15,merchant_demo_001
txn_e0126489a2b2,acct_7466bb4500,2026-01-13T18:12:01,2359.44,merchant_demo_001
txn_a49adf668eea,acct_7466bb4500,2026-05-22T18:12:01,741.19,merchant_demo_001
txn_d227013ec9b9,acct_7466bb4500,2025-08-15T18:12:01,3048.89,merchant_demo_001
txn_751eaf7d2326,acct_7466bb4500,2026-07-04T18:12:01,3383.52,merchant_demo_001
txn_22c4346d9968,acct_45e0761b6e,2026-01-11T10:33:19,1943.78,merchant_demo_001
txn_f885d94b85b7,acct_41118ab97d,2025-12-02T20:36:03,4570.76,merchant_demo_001
txn_ac8bef918ae3,acct_b175d7e266,2025-06-16T09:37:18,3106.66,merchant_demo_001
txn_8406aaa212a7,acct_f212c23699,2026-12-27T02:27:36,723.13,merchant_demo_001
txn_c76a80ef7d50,acct_865f0f0215,2027-06-23T07:06:41,3725.77,merchant_demo_001
txn_b36f4c2af704,acct_865f0f0215,2027-04-16T07:06:41,3811.76,merchant_demo_001
txn_cc2993014024,acct_865f0f0215,2026-11-24T07:06:41,1029.86,merchant_demo_001
txn_709cad7293a4,acct_942c97f311,2026-01-23T07:19:21,3661.92,merchant_demo_001
txn_2196ace23e3b,acct_942c97f311,2025-01-24T07:19:21,1503.38,merchant_demo_001
txn_d38a38371aa3,acct_942c97f311,2025-04-14T07:19:21,2185.67,merchant_demo_001
txn_132b023d92a0,acct_942c97f311,2025-06-27T07:19:21,1081.59,merchant_demo_001
txn_cd7ee9cf0849,acct_942c97f311,2025-01-12T07:19:21,3318.67,merchant_demo_001
txn_03880b0f7557,acct_334815a2c6,2025-09-02T18:57:54,4390.52,merchant_demo_001
txn_487f6ebbbd39,acct_334815a2c6,2025-09-02T17:28:54,3894.41,merchant_demo_001
txn_213c1a89983f,acct_76311ede89,2026-09-08T01:07:09,3833.58,merchant_demo_001
txn_9847993558fe,acct_c67a81858c,2025-08-04T16:17:55,547.27,merchant_demo_001
txn_eb55b0b8b30c,acct_c67a81858c,2025-08-04T16:44:55,162.41,merchant_demo_001
txn_9c21e76e3e29,acct_316f300b5b,2026-06-26T10:16:39,2004.18,merchant_demo_001
txn_29122d774dbc,acct_316f300b5b,2026-04-06T10:16:39,746.03,merchant_demo_001
txn_107c33181b26,acct_316f300b5b,2025-12-31T10:16:39,4306.23,merchant_demo_001
txn_04488f6a53e1,acct_316f300b5b,2026-05-03T10:16:39,3341.37,merchant_demo_001
txn_d91c79b96e26,acct_316f300b5b,2025-09-18T10:16:39,793.13,merchant_demo_001
txn_48573797830e,acct_4c9ab9f84e,2026-12-26T16:13:44,687.6,merchant_demo_001
txn_56a563f11899,acct_4c9ab9f84e,2027-04-15T16:13:44,1008.59,merchant_demo_001
txn_84c16b76b2c6,acct_4c9ab9f84e,2026-12-21T16:13:44,4973.11,merchant_demo_001
txn_e64bfa119556,acct_1ca024f0f1,2026-06-03T18:15:53,1933.45,merchant_demo_001
txn_95b4936f662d,acct_1ca024f0f1,2025-07-02T18:15:53,4061.8,merchant_demo_001
txn_ef23a43e6498,acct_1ca024f0f1,2026-06-10T18:15:53,3293.02,merchant_demo_001
txn_6afbea80e6a5,acct_454d2fada8,2026-12-11T08:18:03,3351.41,merchant_demo_001
txn_322c23c72e15,acct_454d2fada8,2026-10-11T08:18:03,1758.93,merchant_demo_001
txn_c6c7a5d5a4a6,acct_4a872db91d,2026-07-16T13:01:08,4126.29,merchant_demo_001
txn_e8c20b2280f4,acct_4a872db91d,2026-12-06T13:01:08,530.98,merchant_demo_001
txn_33dd7231d4a2,acct_4a872db91d,2026-06-24T13:01:08,637.32,merchant_demo_001
txn_1f3ce9ae4ec0,acct_4a872db91d,2026-03-25T13:01:08,994.24,merchant_demo_001
txn_9115712cba1e,acct_4a872db91d,2026-05-06T13:01:08,2770.99,merchant_demo_001
txn_f620d8ed5cb2,acct_29e47273f5,2026-02-18T16:41:37,1967.48,merchant_demo_001
txn_a5bb9dc2a9b7,acct_29e47273f5,2026-09-09T16:41:37,4623.9,merchant_demo_001
txn_d423382b8d2c,acct_29e47273f5,2025-12-01T16:41:37,4239.39,merchant_demo_001
txn_38882e8ebf7d,acct_29e47273f5,2025-12-25T16:41:37,4710.49,merchant_demo_001
txn_5d381ab2ef34,acct_29e47273f5,2026-08-30T16:41:37,3903.68,merchant_demo_001
txn_8610f049eaa1,acct_b096000fd8,2025-08-10T08:31:08,4950.99,merchant_demo_001
txn_b4af6033a9d2,acct_ad2b789501,2025-10-10T12:41:45,659.41,merchant_demo_001
txn_a99bc4402f53,acct_87c017e596,2025-09-05T13:29:03,2422.59,merchant_demo_001
txn_4a186c9a40fb,acct_87c017e596,2026-03-27T13:29:03,2499.54,merchant_demo_001
txn_084d3dbbcc4a,acct_87c017e596,2025-07-15T13:29:03,873.44,merchant_demo_001
txn_4a7fb4ca4cb2,acct_87c017e596,2026-04-28T13:29:03,354.52,merchant_demo_001
txn_62b4250d88ff,acct_87c017e596,2026-06-18T13:29:03,3621.66,merchant_demo_001
txn_7db1af9eab71,acct_162d1f9027,2026-01-31T07:06:47,2159.68,merchant_demo_001
txn_42df2523ff4b,acct_9ffecb519b,2025-05-08T19:09:43,2091.09,merchant_demo_001
txn_5fb24fb87cb3,acct_9ffecb519b,2025-07-02T19:09:43,676.09,merchant_demo_001
txn_fa3b53911838,acct_9ffecb519b,2025-09-18T19:09:43,2678.68,merchant_demo_001
txn_8168c72c191e,acct_9ffecb519b,2025-06-20T19:09:43,1744.83,merchant_demo_001
txn_bfcb35cffbc2,acct_9ffecb519b,2025-09-07T19:09:43,4766.93,merchant_demo_001
txn_901639581808,acct_8ad791b452,2026-10-07T03:42:50,3177.09,merchant_demo_001
txn_8782903babba,acct_8ad791b452,2025-10-25T03:42:50,1148.09,merchant_demo_001
txn_8ae3ae87375d,acct_014b30be6b,2026-04-20T07:54:10,210.3,merchant_demo_001
txn_47eba6972925,acct_014b30be6b,2026-04-20T06:56:10,667.24,merchant_demo_001
txn_305d7f428438,acct_014b30be6b,2026-04-20T09:18:10,1847.77,merchant_demo_001
txn_90962ea12566,acct_b0daf638df,2026-07-20T00:55:32,2843.92,merchant_demo_001
txn_4fb1ad76503b,acct_b0daf638df,2026-12-06T00:55:32,3217.2,merchant_demo_001
txn_507fe4ef1f20,acct_b0daf638df,2026-05-15T00:55:32,2144.79,merchant_demo_001
txn_9530e6603c92,acct_b0daf638df,2026-04-14T00:55:32,3133.39,merchant_demo_001
txn_b8e029d906d5,acct_15a2832de3,2026-03-07T09:47:57,2971.11,merchant_demo_001
txn_570249221cc9,acct_15a2832de3,2026-08-26T09:47:57,4990.3,merchant_demo_001
txn_ef8a868cc873,acct_15a2832de3,2026-01-30T09:47:57,1460.97,merchant_demo_001
txn_333c96d22277,acct_00c308a4cb,2026-05-09T08:51:16,1293.84,merchant_demo_001
txn_176c9f244931,acct_00c308a4cb,2026-02-26T08:51:16,727.45,merchant_demo_001
txn_f2d55f78bce7,acct_eae9b24a2e,2026-09-06T05:23:25,2199.22,merchant_demo_001
txn_f57ec362b855,acct_eae9b24a2e,2026-03-10T05:23:25,268.41,merchant_demo_001
txn_7964a09f8b41,acct_eae9b24a2e,2026-02-12T05:23:25,3857.33,merchant_demo_001
txn_48dfdca56c05,acct_f18059976a,2026-07-02T12:32:23,241.72,merchant_demo_001
txn_f7d6819f0548,acct_f18059976a,2026-05-14T12:32:23,4040.18,merchant_demo_001
txn_aa40c9899de5,acct_f18059976a,2027-05-13T12:32:23,3973.02,merchant_demo_001
txn_7e8741d92a38,acct_f18059976a,2027-02-08T12:32:23,1187.76,merchant_demo_001
txn_0d462e5f03c5,acct_f18059976a,2026-12-17T12:32:23,2023.26,merchant_demo_001
txn_182286d9ff84,acct_dca4db7e0e,2025-12-24T10:41:26,851.28,merchant_demo_001
txn_59d775629471,acct_7b1a9015ba,2026-05-08T00:14:10,2744.64,merchant_demo_001
txn_0485b4fc7ab2,acct_7b1a9015ba,2027-01-06T00:14:10,532.27,merchant_demo_001
txn_948c9b21e49a,acct_7b1a9015ba,2027-04-24T00:14:10,3367.46,merchant_demo_001
txn_2ac01fd3ebf8,acct_7b1a9015ba,2026-12-02T00:14:10,581.64,merchant_demo_001
txn_e9e67f7152fd,acct_7b1a9015ba,2027-02-14T00:14:10,200.89,merchant_demo_001
txn_3a4c1a6c731c,acct_e05cb67297,2025-03-10T17:06:52,4872.3,merchant_demo_001
txn_65079616ef33,acct_e05cb67297,2025-04-18T17:06:52,350.97,merchant_demo_001
txn_b6138cae7a5e,acct_e05cb67297,2025-03-09T17:06:52,1017.65,merchant_demo_001
txn_67687068beff,acct_846f9aede1,2027-01-27T04:55:06,2292.17,merchant_demo_001
txn_711d5ecd593a,acct_5e1965e6ad,2026-06-16T18:36:18,2336.63,merchant_demo_001
txn_76c570d95fe3,acct_5e1965e6ad,2026-09-14T18:36:18,1694.09,merchant_demo_001
txn_b792ecae0597,acct_b7202fa6f2,2025-06-09T22:08:07,1837.55,merchant_demo_001
txn_b70d2c75da3f,acct_75afc151f4,2026-06-05T16:24:49,2485.56,merchant_demo_001
txn_297dfd767a02,acct_75afc151f4,2026-04-27T16:24:49,4015.08,merchant_demo_001
txn_d90f54652423,acct_75afc151f4,2026-04-14T16:24:49,615.32,merchant_demo_001
txn_164d216303f7,acct_75afc151f4,2026-04-25T16:24:49,172.71,merchant_demo_001
txn_e31f9d4d38ea,acct_75afc151f4,2026-10-31T16:24:49,2203.73,merchant_demo_001
txn_92518fa5c8c3,acct_10191a7539,2026-09-22T02:09:45,4304.05,merchant_demo_001
txn_04ae241aa2ff,acct_10191a7539,2026-12-05T02:09:45,1808.9,merchant_demo_001
txn_99aa4de4d3d3,acct_10191a7539,2026-07-30T02:09:45,3531.87,merchant_demo_001
txn_e601c59d4f37,acct_b14e2d07dd,2026-11-24T09:01:23,2506.06,merchant_demo_001
txn_838556f6cba9,acct_b14e2d07dd,2026-10-30T09:01:23,646.46,merchant_demo_001
txn_62d7dfd357c3,acct_b14e2d07dd,2026-07-20T09:01:23,1702.13,merchant_demo_001
txn_e8a20e4b8829,acct_b14e2d07dd,2027-06-26T09:01:23,4028.08,merchant_demo_001
txn_d27124fbc7f8,acct_b14e2d07dd,2027-08-19T09:01:23,1041.81,merchant_demo_001
txn_392b24d0079b,acct_51c79f17ea,2025-06-28T04:07:52,4121.8,merchant_demo_001
txn_2cf24b5f979b,acct_51c79f17ea,2025-11-20T04:07:52,4613.75,merchant_demo_001
txn_36ecb1cf25b5,acct_51c79f17ea,2025-11-18T04:07:52,4453.7,merchant_demo_001
txn_849cdb3c5dbe,acct_51c79f17ea,2025-11-18T04:07:52,4124.81,merchant_demo_001
txn_2c68295afb04,acct_5ed4794b59,2026-04-21T03:53:18,2946.48,merchant_demo_001
txn_99a646348954,acct_731fb59890,2026-10-01T10:37:34,4161.93,merchant_demo_001
txn_9430e515f6af,acct_731fb59890,2027-05-24T10:37:34,4276.06,merchant_demo_001
txn_12a43d0ba960,acct_731fb59890,2026-06-09T10:37:34,208.82,merchant_demo_001
txn_a16b8146abaa,acct_731fb59890,2026-10-14T10:37:34,2044.77,merchant_demo_001
txn_c0ac020520ef,acct_731fb59890,2027-01-03T10:37:34,545.83,merchant_demo_001
txn_5a284e277700,acct_458bc76de0,2026-11-10T19:51:47,2967.11,merchant_demo_001
txn_5213a68dae2a,acct_458bc76de0,2027-01-15T19:51:47,385.67,merchant_demo_001
txn_074ed7806f34,acct_458bc76de0,2026-02-22T19:51:47,300.36,merchant_demo_001
txn_d650d22e98d7,acct_b0a4935e3b,2025-12-13T00:22:54,3349.36,merchant_demo_001
txn_12d449d98de5,acct_b0a4935e3b,2025-06-11T00:22:54,4573.95,merchant_demo_001
txn_5636636f0090,acct_b0a4935e3b,2025-04-28T00:22:54,147.26,merchant_demo_001
txn_b05a4fbaeeb3,acct_b0a4935e3b,2026-03-10T00:22:54,1350.34,merchant_demo_001
txn_996c8889d4a6,acct_b0a4935e3b,2025-08-07T00:22:54,2742.2,merchant_demo_001
txn_6051bf1ac5fc,acct_00d0871748,2025-11-26T06:17:59,4111.71,merchant_demo_001
txn_d5f0ce1a607e,acct_00d0871748,2025-11-26T08:24:59,3798.57,merchant_demo_001
txn_017a69d30b89,acct_00d0871748,2025-11-26T08:41:59,3497.37,merchant_demo_001
txn_7f14f592c7ad,acct_8baa65be21,2026-06-11T07:35:16,1609.48,merchant_demo_001
txn_e63f7f52eac1,acct_8baa65be21,2027-05-17T07:35:16,4987.55,merchant_demo_001
txn_3b3da90cb53f,acct_8baa65be21,2026-07-13T07:35:16,1617.5,merchant_demo_001
txn_043f2aa8da7c,acct_8baa65be21,2026-09-06T07:35:16,259.37,merchant_demo_001
txn_7c1b31b3bd32,acct_8baa65be21,2027-04-18T07:35:16,3063.8,merchant_demo_001
txn_93f5cab54cae,acct_e14eec5415,2026-09-29T13:35:52,1523.26,merchant_demo_001
txn_e13e2d325cf1,acct_a1ba9b3d2d,2026-09-08T05:18:31,4649.84,merchant_demo_001
txn_2007b66e7887,acct_a1ba9b3d2d,2026-07-18T05:18:31,3927.46,merchant_demo_001
txn_8e6879ec333c,acct_a1ba9b3d2d,2026-09-24T05:18:31,4949.0,merchant_demo_001
txn_d6bff8f140b5,acct_a1ba9b3d2d,2026-11-20T05:18:31,1157.22,merchant_demo_001
txn_a70b93b5e007,acct_a1ba9b3d2d,2026-01-30T05:18:31,1033.39,merchant_demo_001
txn_1ed9a3dec0a3,acct_813ba18249,2025-12-21T07:48:58,3441.52,merchant_demo_001
txn_7ffce6903661,acct_813ba18249,2025-12-09T07:48:58,1942.0,merchant_demo_001
txn_ef104998aca1,acct_813ba18249,2026-02-19T07:48:58,3762.04,merchant_demo_001
txn_f9be771e518f,acct_813ba18249,2025-07-02T07:48:58,2083.89,merchant_demo_001
txn_9a7c6a50d988,acct_813ba18249,2025-11-22T07:48:58,4779.49,merchant_demo_001
txn_2501fe503861,acct_14af28d8d1,2026-09-13T13:47:31,2450.53,merchant_demo_001
txn_703c1191607b,acct_14af28d8d1,2026-06-20T13:47:31,2450.86,merchant_demo_001
txn_ee9e45c59e79,acct_a357f57b9c,2026-10-26T10:38:03,1278.8,merchant_demo_001
txn_7d112385294e,acct_a357f57b9c,2026-09-09T10:38:03,3822.87,merchant_demo_001
txn_bc9005980fe6,acct_a357f57b9c,2027-01-21T10:38:03,955.93,merchant_demo_001
txn_363895043b43,acct_a357f57b9c,2027-06-24T10:38:03,3459.98,merchant_demo_001
txn_209c14373d91,acct_a357f57b9c,2027-03-02T10:38:03,3365.17,merchant_demo_001
txn_b4a86adcee62,acct_26505951a4,2025-07-06T02:15:03,2935.18,merchant_demo_001
txn_2563548ccff0,acct_26505951a4,2025-04-07T02:15:03,4978.57,merchant_demo_001
txn_70c29336f11d,acct_26505951a4,2025-09-24T02:15:03,4044.72,merchant_demo_001
txn_d00d1d13701a,acct_26505951a4,2025-03-14T02:15:03,3571.86,merchant_demo_001
txn_b423b8e7af41,acct_26505951a4,2025-06-23T02:15:03,867.46,merchant_demo_001
txn_d26233c5c3b4,acct_46aab48e87,2026-06-27T01:51:30,740.85,merchant_demo_001
txn_22b96de07151,acct_46aab48e87,2025-11-10T01:51:30,2362.98,merchant_demo_001
txn_003dbcda89c1,acct_46aab48e87,2026-04-13T01:51:30,2330.67,merchant_demo_001
txn_0fc89adbae07,acct_46aab48e87,2026-04-26T01:51:30,4229.04,merchant_demo_001
txn_bcda6343a13d,acct_0ef35df13f,2026-08-01T14:00:23,2083.17,merchant_demo_001
txn_78395b7d8b11,acct_333e7d4ded,2026-04-20T04:47:28,3343.52,merchant_demo_001
txn_4c4e07d1118b,acct_333e7d4ded,2025-05-31T04:47:28,3172.58,merchant_demo_001
txn_f2bb51b3b44a,acct_4ebcbc1082,2026-01-03T18:53:22,4255.62,merchant_demo_001
txn_815a20a9ddee,acct_4ebcbc1082,2026-08-22T18:53:22,4721.39,merchant_demo_001
txn_3f950edbf289,acct_4ebcbc1082,2025-12-28T18:53:22,1214.29,merchant_demo_001
txn_d23b438e3369,acct_1f6b940e66,2026-09-22T01:48:52,2589.13,merchant_demo_001
txn_2e0a34a2b3be,acct_1f6b940e66,2026-08-19T01:48:52,4430.51,merchant_demo_001
txn_cd6674af22a3,acct_1f6b940e66,2027-01-07T01:48:52,2944.33,merchant_demo_001
txn_9f780ccbef53,acct_1f6b940e66,2026-02-17T01:48:52,4492.36,merchant_demo_001
txn_ff40f80606b5,acct_1f6b940e66,2026-01-15T01:48:52,4881.26,merchant_demo_001
txn_0dc5e744cee3,acct_db3b6eb758,2026-12-02T12:06:52,4189.59,merchant_demo_001
txn_cc0b16aa3976,acct_20ae4fdc52,2027-04-15T23:12:40,2958.85,merchant_demo_001
txn_d9bf97452ba6,acct_20ae4fdc52,2026-10-25T23:12:40,4642.63,merchant_demo_001
txn_2a2834522098,acct_20ae4fdc52,2027-02-14T23:12:40,201.15,merchant_demo_001
txn_2882f94df2b5,acct_20ae4fdc52,2026-07-05T23:12:40,4854.02,merchant_demo_001
txn_4cbfef1f9a02,acct_20ae4fdc52,2026-12-20T23:12:40,4476.11,merchant_demo_001
txn_2c4209b6fe92,acct_aed9de6eb0,2027-02-18T06:55:12,734.29,merchant_demo_001
txn_85d6809a7aa2,acct_aed9de6eb0,2027-06-13T06:55:12,645.2,merchant_demo_001
txn_5989e50c0f03,acct_aed9de6eb0,2026-11-19T06:55:12,2633.63,merchant_demo_001
txn_21be96d3c1be,acct_559a1c799b,2025-12-29T04:47:34,4915.14,merchant_demo_001
txn_0bca9414af56,acct_559a1c799b,2025-11-26T04:47:34,1900.31,merchant_demo_001
txn_19a093e1791f,acct_2db848e056,2026-12-26T23:44:07,904.25,merchant_demo_001
txn_3db2d5fc1b43,acct_42ca498422,2025-09-04T17:08:17,2723.47,merchant_demo_001
txn_23adb5b87f04,acct_2d498b190b,2027-02-03T17:12:47,1634.98,merchant_demo_001
txn_db8c22937791,acct_2d498b190b,2027-05-13T17:12:47,513.8,merchant_demo_001
txn_00b1b1641845,acct_2d498b190b,2026-09-06T17:12:47,4218.49,merchant_demo_001
txn_9545c14f2add,acct_2d498b190b,2026-12-17T17:12:47,2838.97,merchant_demo_001
txn_3d37161e1e58,acct_6bcdc63ab0,2026-04-10T21:41:35,2045.99,merchant_demo_001
txn_428df685d52d,acct_6bcdc63ab0,2026-07-06T21:41:35,3257.36,merchant_demo_001
txn_c16f76560b3f,acct_6bcdc63ab0,2025-07-23T21:41:35,4674.04,merchant_demo_001
txn_eb6bf2a17672,acct_6517413c20,2025-10-07T02:26:27,3387.99,merchant_demo_001
txn_7a6ec1316dfd,acct_6517413c20,2025-11-23T02:26:27,1388.56,merchant_demo_001
txn_c47b606153b9,acct_6517413c20,2025-04-19T02:26:27,3019.51,merchant_demo_001
txn_c1fc4c131700,acct_6517413c20,2025-08-29T02:26:27,2820.46,merchant_demo_001
txn_f66539adee4e,acct_6517413c20,2025-10-10T02:26:27,794.66,merchant_demo_001
txn_a867cca736f6,acct_a120e8109d,2027-04-10T21:47:01,4719.19,merchant_demo_001
txn_e7954824ca08,acct_a120e8109d,2027-05-27T21:47:01,4654.56,merchant_demo_001
txn_ba1218df749e,acct_a120e8109d,2027-02-17T21:47:01,3339.69,merchant_demo_001
txn_227487cc0180,acct_a120e8109d,2026-07-13T21:47:01,1372.32,merchant_demo_001
txn_254f9aecc2d2,acct_92f64e2d68,2026-06-24T04:27:26,1185.22,merchant_demo_001
txn_da79df790e2d,acct_92f64e2d68,2026-02-23T04:27:26,1330.32,merchant_demo_001
txn_e62339f8922b,acct_92f64e2d68,2026-02-08T04:27:26,3961.08,merchant_demo_001
txn_865a9def9ba8,acct_92f64e2d68,2026-07-29T04:27:26,606.84,merchant_demo_001
txn_a62c36d19cd6,acct_92f64e2d68,2026-07-31T04:27:26,267.9,merchant_demo_001
txn_ba55d24bf693,acct_b4334fbcf9,2026-11-17T00:44:57,1278.15,merchant_demo_001
txn_fa59e2a43cae,acct_b4334fbcf9,2026-08-30T00:44:57,1456.38,merchant_demo_001
txn_0c827e9ab6c9,acct_b4334fbcf9,2026-12-12T00:44:57,2788.4,merchant_demo_001
txn_d200c3bb99ea,acct_b4334fbcf9,2026-04-17T00:44:57,1699.87,merchant_demo_001
txn_75557f1eb04d,acct_b4334fbcf9,2026-07-05T00:44:57,1802.51,merchant_demo_001
txn_bb3f05f9d6e0,acct_802b1d990a,2026-03-06T23:24:39,3999.43,merchant_demo_001
txn_8dedd119517a,acct_802b1d990a,2026-04-15T23:24:39,3366.64,merchant_demo_001
txn_7e33c4f5ce78,acct_802b1d990a,2025-12-02T23:24:39,949.54,merchant_demo_001
txn_0d55c191de76,acct_802b1d990a,2026-04-05T23:24:39,273.58,merchant_demo_001
txn_7b2829439e46,acct_5fece12109,2027-01-22T01:34:52,3524.95,merchant_demo_001
txn_52c8ac18278d,acct_5fece12109,2026-11-12T01:34:52,4183.68,merchant_demo_001
txn_7d2113b77336,acct_5fece12109,2026-12-30T01:34:52,1949.47,merchant_demo_001
txn_5061374a425a,acct_5fece12109,2026-10-26T01:34:52,3615.76,merchant_demo_001
txn_ce2f68afa7fa,acct_5fece12109,2027-04-30T01:34:52,2175.08,merchant_demo_001
txn_d1e3cba1721f,acct_5b529d2d0d,2026-08-13T14:40:58,2582.92,merchant_demo_001
txn_481ee5d0ed32,acct_5b529d2d0d,2026-03-12T14:40:58,370.56,merchant_demo_001
txn_a9fcb4e7de09,acct_5b529d2d0d,2025-12-30T14:40:58,807.1,merchant_demo_001
txn_616b15ec2f2e,acct_8ce73d8b33,2025-11-05T03:59:09,1960.38,merchant_demo_001
txn_023e764c3f61,acct_8ce73d8b33,2025-12-04T03:59:09,4907.07,merchant_demo_001
txn_c58b656cd762,acct_8ce73d8b33,2026-03-15T03:59:09,2920.99,merchant_demo_001
txn_5fe831fbd339,acct_bf57df99df,2026-09-14T04:33:47,2062.82,merchant_demo_001
txn_2793abd5f89f,acct_bf57df99df,2026-07-31T04:33:47,2756.22,merchant_demo_001
txn_126969015a41,acct_813217bfa2,2027-03-03T18:32:28,4839.92,merchant_demo_001
txn_c705f3000d01,acct_6997238a7b,2026-10-10T17:52:05,2696.38,merchant_demo_001
txn_83ca630462e8,acct_6997238a7b,2027-02-23T17:52:05,3498.6,merchant_demo_001
txn_c388b70c6021,acct_e4e3f16c65,2026-07-07T03:52:00,253.39,merchant_demo_001
txn_0e22cd5c6968,acct_e4e3f16c65,2026-04-07T03:52:00,730.42,merchant_demo_001
txn_ad858db5d2ee,acct_b4ec991f6e,2026-07-17T21:11:54,2423.64,merchant_demo_001
txn_584c616153a7,acct_b4ec991f6e,2027-01-16T21:11:54,2659.69,merchant_demo_001
txn_e0e15b79b843,acct_b4ec991f6e,2026-10-31T21:11:54,2899.96,merchant_demo_001
txn_98f1ce87d3b5,acct_f357c202b0,2026-07-18T21:05:00,3135.03,merchant_demo_001
txn_c5c40f985ac6,acct_f357c202b0,2026-08-08T21:05:00,491.45,merchant_demo_001
txn_afc666a6042b,acct_f357c202b0,2026-08-13T21:05:00,1111.54,merchant_demo_001
txn_e086feecad37,acct_f357c202b0,2026-09-02T21:05:00,2953.16,merchant_demo_001
txn_c87db13166c1,acct_09e61fc8e2,2025-09-26T04:00:28,3322.85,merchant_demo_001
txn_2880773ff76c,acct_09e61fc8e2,2026-01-28T04:00:28,3218.48,merchant_demo_001
txn_32fe6b54aaaa,acct_ce5af9d23e,2026-04-28T00:12:45,3587.94,merchant_demo_001
txn_e42c312c3478,acct_ce5af9d23e,2026-03-10T00:12:45,1201.61,merchant_demo_001
txn_1bd706e2ce7d,acct_70de9d7b62,2027-05-02T14:44:11,2067.78,merchant_demo_001
txn_7b7b6380b32c,acct_70de9d7b62,2026-04-29T14:44:11,1741.56,merchant_demo_001
txn_32db5c8220e1,acct_70de9d7b62,2026-09-03T14:44:11,266.76,merchant_demo_001
txn_4a786bb52436,acct_70de9d7b62,2026-09-06T14:44:11,1640.03,merchant_demo_001
txn_38dd17eea914,acct_c03d2fb080,2026-02-10T02:26:25,2033.01,merchant_demo_001
txn_fca954123702,acct_c03d2fb080,2027-01-27T02:26:25,4158.79,merchant_demo_001
txn_8a095d133f83,acct_c03d2fb080,2026-01-04T02:26:25,4554.55,merchant_demo_001
txn_f92f9785b316,acct_c03d2fb080,2026-06-26T02:26:25,4536.82,merchant_demo_001
txn_175671333e83,acct_c03d2fb080,2026-05-15T02:26:25,3764.86,merchant_demo_001
txn_f8be430859ea,acct_076b7f6c2c,2026-10-08T09:58:24,1347.8,merchant_demo_001
txn_4b6f99b5866a,acct_076b7f6c2c,2027-06-06T09:58:24,531.94,merchant_demo_001
txn_5e97321e618b,acct_076b7f6c2c,2027-01-04T09:58:24,3268.91,merchant_demo_001
txn_2fa63694e010,acct_076b7f6c2c,2026-11-01T09:58:24,3500.22,merchant_demo_001
txn_bf711eecaa50,acct_f10860d9ad,2026-02-03T17:35:42,3949.1,merchant_demo_001
txn_909e56c91d81,acct_f10860d9ad,2026-08-21T17:35:42,2040.22,merchant_demo_001
txn_38906f2efd00,acct_f10860d9ad,2026-02-21T17:35:42,2376.73,merchant_demo_001
txn_a0b9ef9b8d0a,acct_7cfca6ae98,2027-05-12T21:20:18,373.4,merchant_demo_001
txn_f530e8b51ea9,acct_7cfca6ae98,2027-01-14T21:20:18,677.55,merchant_demo_001
txn_c557556db0ac,acct_7cfca6ae98,2026-09-04T21:20:18,2993.01,merchant_demo_001
txn_5f1407b535d4,acct_7cfca6ae98,2027-02-12T21:20:18,3777.39,merchant_demo_001
txn_c063feae6e20,acct_dbcaa37fd1,2026-02-28T22:09:29,2728.16,merchant_demo_001
txn_b5fcae8d30c6,acct_9ac250eeab,2025-10-29T19:11:03,2335.54,merchant_demo_001
txn_068b0c1fd213,acct_38563414d5,2026-07-24T10:45:07,529.65,merchant_demo_001
txn_b141fd4292b6,acct_38563414d5,2026-06-20T10:45:07,2242.11,merchant_demo_001
txn_114cfd28dd6a,acct_38563414d5,2026-12-08T10:45:07,2609.01,merchant_demo_001
txn_231892f8ebf1,acct_38563414d5,2026-07-03T10:45:07,3947.02,merchant_demo_001
txn_bfe1543c62fe,acct_38563414d5,2026-10-25T10:45:07,3131.61,merchant_demo_001
txn_235f496947d0,acct_0a78aabaa6,2026-04-25T09:18:33,1913.83,merchant_demo_001
txn_f590dc1f8716,acct_0a78aabaa6,2025-10-22T09:18:33,2752.28,merchant_demo_001
txn_75d48b362d31,acct_0a78aabaa6,2026-04-20T09:18:33,3332.68,merchant_demo_001
txn_836ddf10badc,acct_0a78aabaa6,2026-04-21T09:18:33,4033.59,merchant_demo_001
txn_d93e7dac5d86,acct_d56ed3cd82,2027-04-09T04:58:01,4877.52,merchant_demo_001
txn_5d43be01d845,acct_d56ed3cd82,2026-11-05T04:58:01,3497.57,merchant_demo_001
txn_58d36db2c2ce,acct_6017315f8d,2027-03-01T23:45:28,1592.5,merchant_demo_001
txn_1246795a13a2,acct_6017315f8d,2027-04-04T23:45:28,1936.75,merchant_demo_001
txn_661ee2bda5a1,acct_6017315f8d,2026-12-25T23:45:28,3459.01,merchant_demo_001
txn_d81a1bab2803,acct_6017315f8d,2026-09-03T23:45:28,1670.27,merchant_demo_001
txn_8428732ff809,acct_6017315f8d,2027-05-16T23:45:28,1343.03,merchant_demo_001
txn_ef33b173725f,acct_3577b5f09a,2025-03-22T09:47:46,294.04,merchant_demo_001
txn_25283cf14b00,acct_3577b5f09a,2025-03-22T07:30:46,3087.8,merchant_demo_001
txn_996556a1e0db,acct_4e5f17b6d4,2026-12-04T03:17:01,943.88,merchant_demo_001
txn_e02e5324fbd3,acct_4e5f17b6d4,2026-12-08T03:17:01,3916.18,merchant_demo_001
txn_250ad1b78919,acct_4e5f17b6d4,2026-06-24T03:17:01,1269.66,merchant_demo_001
txn_e88f027fd89a,acct_4e5f17b6d4,2026-07-05T03:17:01,4451.31,merchant_demo_001
txn_1f389d42f2b9,acct_4e5f17b6d4,2026-01-13T03:17:01,1788.74,merchant_demo_001
txn_3d4b218456b9,acct_98521e9ed3,2025-08-22T07:58:47,439.1,merchant_demo_001
txn_0b55ecb0d0fe,acct_dad0aef252,2026-07-08T06:57:43,4170.99,merchant_demo_001
txn_9fe76dca0b0f,acct_d79039fb25,2027-04-07T16:01:17,3867.9,merchant_demo_001
txn_12c64189be92,acct_d79039fb25,2026-10-06T16:01:17,1075.35,merchant_demo_001
txn_7f085719549b,acct_d79039fb25,2026-08-25T16:01:17,1280.34,merchant_demo_001
txn_29be05da4a59,acct_d79039fb25,2027-03-16T16:01:17,3255.71,merchant_demo_001
txn_f5e04def0ac6,acct_d79039fb25,2026-05-08T16:01:17,2597.61,merchant_demo_001
txn_11f3b1e12ff0,acct_237d55fe3c,2026-06-02T09:38:06,1893.32,merchant_demo_001
txn_d300cfb3f2e7,acct_237d55fe3c,2026-01-14T09:38:06,1925.97,merchant_demo_001
txn_ac589c6a7195,acct_237d55fe3c,2025-12-20T09:38:06,293.3,merchant_demo_001
txn_e25813d916aa,acct_018e88aa67,2027-01-27T18:49:33,3274.07,merchant_demo_001
txn_36fb33f4bab6,acct_018e88aa67,2026-07-30T18:49:33,4044.62,merchant_demo_001
txn_9cb873206dcb,acct_018e88aa67,2026-07-28T18:49:33,2675.25,merchant_demo_001
txn_a704d1cde6bc,acct_018e88aa67,2026-12-20T18:49:33,1288.58,merchant_demo_001
txn_c820bddbb412,acct_018e88aa67,2026-03-22T18:49:33,1501.92,merchant_demo_001
txn_f055f04449b8,acct_635c324ad0,2027-02-03T15:18:56,3427.92,merchant_demo_001
txn_2a242b22750b,acct_635c324ad0,2026-12-13T15:18:56,3938.31,merchant_demo_001
txn_d4f9ef07bb8a,acct_635c324ad0,2027-08-09T15:18:56,4314.74,merchant_demo_001
txn_f7ce7efad493,acct_635c324ad0,2027-06-05T15:18:56,2202.79,merchant_demo_001
txn_cdf89a472798,acct_52d8f9a971,2026-03-10T17:15:08,297.51,merchant_demo_001
txn_9dea4e78caca,acct_52d8f9a971,2026-03-23T17:15:08,1347.55,merchant_demo_001
txn_f05e35dc2d75,acct_52d8f9a971,2025-08-19T17:15:08,4109.95,merchant_demo_001
txn_09eaa9c762d4,acct_52d8f9a971,2026-01-18T17:15:08,1608.0,merchant_demo_001
txn_2a76b3603dcb,acct_f1cda70dbe,2026-12-25T20:39:06,3793.52,merchant_demo_001
txn_ee0549306528,acct_f1cda70dbe,2026-10-10T20:39:06,2710.71,merchant_demo_001
txn_5eb86dad890b,acct_f1cda70dbe,2026-05-03T20:39:06,2877.49,merchant_demo_001
txn_3ef19fa419b1,acct_f8d4c502e3,2027-03-22T12:35:42,1628.71,merchant_demo_001
txn_6f790ba6f4de,acct_f8d4c502e3,2026-06-15T12:35:42,1001.82,merchant_demo_001
txn_df43e313db45,acct_f8d4c502e3,2026-11-08T12:35:42,4036.06,merchant_demo_001
txn_14a2d1f51326,acct_20d568c6d4,2026-11-29T08:09:13,697.74,merchant_demo_001
txn_8dd97e90da2e,acct_d8174d4ddc,2025-06-06T01:45:18,4004.7,merchant_demo_001
txn_bb6c3309ce1e,acct_d8174d4ddc,2025-08-08T01:45:18,3927.23,merchant_demo_001
txn_f4ca2c4a4c55,acct_d8174d4ddc,2025-12-15T01:45:18,962.41,merchant_demo_001
txn_ee9756577912,acct_bc92f5b0f5,2026-02-12T04:58:55,3517.96,merchant_demo_001
txn_6de2702ec3e1,acct_bc92f5b0f5,2025-09-20T04:58:55,586.57,merchant_demo_001
txn_f981251e057e,acct_bc92f5b0f5,2026-07-13T04:58:55,1703.31,merchant_demo_001
txn_54cbda8ba8e5,acct_bc92f5b0f5,2026-07-01T04:58:55,1767.77,merchant_demo_001
txn_99fb73d741d6,acct_37d039a59c,2025-02-27T22:05:47,3489.22,merchant_demo_001
txn_1486601ced1e,acct_d049eff8bc,2025-12-09T05:38:15,4285.1,merchant_demo_001
txn_4cf353d0261f,acct_d049eff8bc,2025-11-17T05:38:15,915.79,merchant_demo_001
txn_c309ad9f7133,acct_d049eff8bc,2026-02-15T05:38:15,946.17,merchant_demo_001
txn_88c7ce6606f6,acct_d049eff8bc,2026-10-13T05:38:15,4001.05,merchant_demo_001
txn_6c64d31561b8,acct_401344d066,2026-01-15T17:14:34,3485.05,merchant_demo_001
txn_7f77342442b3,acct_401344d066,2026-01-15T17:13:34,1587.55,merchant_demo_001
txn_a29ff2a7b640,acct_44e1c64682,2026-10-11T15:58:11,1614.23,merchant_demo_001
txn_d4bef11dc5dc,acct_44e1c64682,2025-10-19T15:58:11,1981.21,merchant_demo_001
txn_cdd28435c210,acct_533711f1fc,2025-04-04T07:08:20,925.54,merchant_demo_001
txn_0477236bd3cc,acct_10751ed285,2026-02-05T05:49:33,1893.92,merchant_demo_001
txn_768b350d795c,acct_fa2cd51c63,2026-08-08T13:07:30,2690.37,merchant_demo_001
txn_5e60fd40cf9d,acct_fa2cd51c63,2026-12-22T13:07:30,3215.12,merchant_demo_001
txn_966d03a09617,acct_fa2cd51c63,2026-05-02T13:07:30,80.29,merchant_demo_001
txn_07af873dc3a5,acct_fa2cd51c63,2027-01-01T13:07:30,124.32,merchant_demo_001
txn_e04ad70875a4,acct_fa2cd51c63,2026-11-30T13:07:30,2964.61,merchant_demo_001
txn_a68b24439143,acct_17d4946927,2025-12-15T21:10:09,3569.29,merchant_demo_001
txn_b5673a999618,acct_17d4946927,2026-01-24T21:10:09,682.87,merchant_demo_001
txn_0b2e3bd18753,acct_17d4946927,2025-05-23T21:10:09,905.8,merchant_demo_001
txn_31cf452b3b82,acct_17d4946927,2026-02-11T21:10:09,4418.27,merchant_demo_001
txn_997d5c08a304,acct_032bab9cf0,2025-09-27T08:02:38,4657.09,merchant_demo_001
txn_479ed28278cd,acct_032bab9cf0,2025-02-18T08:02:38,4658.38,merchant_demo_001
txn_051cbe4c296b,acct_032bab9cf0,2025-07-01T08:02:38,2258.27,merchant_demo_001
txn_b8cd25926a64,acct_252d8be81a,2026-05-04T22:53:03,4271.07,merchant_demo_001
txn_90b790cf9280,acct_252d8be81a,2026-11-12T22:53:03,4069.35,merchant_demo_001
txn_5fc552cc3db5,acct_252d8be81a,2026-01-28T22:53:03,779.01,merchant_demo_001
txn_c11c69c68a81,acct_252d8be81a,2026-02-15T22:53:03,4601.63,merchant_demo_001
txn_10098a9a8677,acct_4530d8e8d3,2026-09-26T01:14:53,2667.37,merchant_demo_001
txn_98c2f2d28c4e,acct_bd0236ceed,2026-10-24T11:50:04,3810.62,merchant_demo_001
txn_33a6170aef77,acct_bd0236ceed,2026-06-15T11:50:04,1743.64,merchant_demo_001
txn_d468f2edc486,acct_dadbbed2d9,2026-10-01T07:55:17,3497.35,merchant_demo_001
txn_6c3ae48c8560,acct_dadbbed2d9,2027-04-15T07:55:17,1960.05,merchant_demo_001
txn_d161cbea95d7,acct_dadbbed2d9,2027-04-27T07:55:17,2684.84,merchant_demo_001
txn_9ccc516733e7,acct_dadbbed2d9,2026-11-29T07:55:17,2792.83,merchant_demo_001
txn_d2ce939705b5,acct_bd9644d4c1,2026-01-09T04:50:04,4917.84,merchant_demo_001
txn_c7834b4e2510,acct_bd9644d4c1,2026-03-25T04:50:04,915.4,merchant_demo_001
txn_3499ad4be8d1,acct_878026d857,2026-02-01T09:35:34,3375.16,merchant_demo_001
txn_a993a27a45f6,acct_878026d857,2026-11-20T09:35:34,3768.33,merchant_demo_001
txn_93bc1abb0f61,acct_f18695abda,2025-10-30T07:27:44,4399.32,merchant_demo_001
txn_1fd1fb162705,acct_f18695abda,2025-11-18T07:27:44,3994.73,merchant_demo_001
txn_ed0e63421a0f,acct_f18695abda,2025-10-01T07:27:44,283.39,merchant_demo_001
txn_a73436b56ee9,acct_f18695abda,2026-04-28T07:27:44,4725.64,merchant_demo_001
txn_755a63743194,acct_f18695abda,2025-09-24T07:27:44,1562.24,merchant_demo_001
txn_bceb79e5b786,acct_07962ebe43,2026-09-16T14:59:57,3278.42,merchant_demo_001
txn_8ae54b98de5b,acct_07962ebe43,2026-10-13T14:59:57,3711.85,merchant_demo_001
txn_54443855c412,acct_07962ebe43,2026-08-01T14:59:57,4235.27,merchant_demo_001
txn_a6b7b69a568e,acct_cb0bc1499d,2026-01-01T20:42:56,742.72,merchant_demo_001
txn_d7dd39d6376c,acct_55876f6caf,2026-02-20T19:52:43,4676.54,merchant_demo_001
txn_ea3a9e4984d3,acct_55876f6caf,2026-07-21T19:52:43,1463.06,merchant_demo_001
txn_d4cc5bea5625,acct_1e152382c5,2026-06-29T23:03:50,3838.48,merchant_demo_001
txn_2a797ec3bf63,acct_1e152382c5,2026-08-28T23:03:50,4886.9,merchant_demo_001
txn_a568ba852e20,acct_1e152382c5,2026-08-03T23:03:50,4703.42,merchant_demo_001
txn_db2e6ed8797e,acct_1e152382c5,2026-08-29T23:03:50,4087.21,merchant_demo_001
txn_021d45001268,acct_1e152382c5,2025-10-01T23:03:50,2281.21,merchant_demo_001
txn_c89ef7d6d684,acct_b4bee37032,2027-06-10T16:09:02,1071.09,merchant_demo_001
txn_8706f9d23a7c,acct_b4bee37032,2027-04-20T16:09:02,1502.68,merchant_demo_001
txn_75df6404f492,acct_b4bee37032,2027-04-08T16:09:02,3408.67,merchant_demo_001
txn_225780b6b5f2,acct_b4bee37032,2026-08-08T16:09:02,2471.96,merchant_demo_001
txn_7a820e95e1a2,acct_5b152f38de,2026-07-26T19:12:44,4344.67,merchant_demo_001
txn_5a033f647004,acct_7d121db61b,2026-03-24T11:05:18,1928.56,merchant_demo_001
txn_d0ecfa98b11e,acct_7d121db61b,2025-09-16T11:05:18,4107.26,merchant_demo_001
txn_7dc86a7ee7d4,acct_7d121db61b,2026-02-20T11:05:18,1800.47,merchant_demo_001
txn_b5d150aae261,acct_7d121db61b,2025-06-28T11:05:18,3292.52,merchant_demo_001
txn_d688518a5366,acct_7d121db61b,2025-07-23T11:05:18,4015.92,merchant_demo_001
txn_1e0c4b7869dc,acct_03550e7ee0,2025-06-20T07:34:08,3930.99,merchant_demo_001
txn_d22e778fbbc8,acct_ef15bd32f2,2026-06-10T06:42:01,1311.9,merchant_demo_001
txn_93efc765c78e,acct_ef15bd32f2,2027-05-20T06:42:01,3194.94,merchant_demo_001
txn_3c3c3de2ec13,acct_d48676e1f2,2026-05-03T10:47:19,3063.96,merchant_demo_001
txn_b1d7f6214d07,acct_fc9176a32c,2026-02-12T04:10:07,3609.97,merchant_demo_001
txn_221acd5783f2,acct_bd2590737a,2026-02-12T04:02:47,1370.49,merchant_demo_001
txn_a3c489ecdd72,acct_bd2590737a,2026-02-12T04:23:47,1688.57,merchant_demo_001
txn_bbcb19fc358e,acct_bd2590737a,2026-02-12T04:23:47,4411.43,merchant_demo_001
txn_85078d50c971,acct_e5061c8f24,2026-06-12T13:44:46,4296.3,merchant_demo_001
txn_27ec07e781ec,acct_792a4c2f9f,2026-09-12T09:37:06,392.16,merchant_demo_001
txn_c71ac4ffc07f,acct_656313871a,2027-01-18T08:54:11,2397.14,merchant_demo_001
txn_df12adead429,acct_656313871a,2026-10-31T08:54:11,2595.23,merchant_demo_001
txn_20738a904fe9,acct_656313871a,2026-07-11T08:54:11,4220.67,merchant_demo_001
txn_213b028280a1,acct_656313871a,2026-11-30T08:54:11,4945.05,merchant_demo_001
txn_7740cce0bb78,acct_9ca09d80e1,2025-09-15T16:07:33,1309.25,merchant_demo_001
txn_7bfab6069050,acct_9ca09d80e1,2025-10-11T16:07:33,4779.78,merchant_demo_001
txn_9975d064f546,acct_3bd38a2f48,2026-01-26T01:52:52,2166.11,merchant_demo_001
txn_169e1aa6b1f4,acct_3bd38a2f48,2026-06-13T01:52:52,1090.82,merchant_demo_001
txn_dfb63657ba0b,acct_3bd38a2f48,2026-06-14T01:52:52,4401.09,merchant_demo_001
txn_8c5a45363239,acct_8ef08fe11f,2027-02-22T00:09:43,3033.7,merchant_demo_001
txn_29ad7b7fd5e5,acct_4bc901f5a1,2027-02-01T14:07:57,3537.66,merchant_demo_001
txn_830d083d2963,acct_4bc901f5a1,2027-03-25T14:07:57,580.41,merchant_demo_001
txn_3f8f4b462427,acct_917a583066,2026-06-20T23:26:20,3272.01,merchant_demo_001
txn_9f216e39684d,acct_917a583066,2026-06-20T23:22:20,1636.47,merchant_demo_001
txn_3e4ff59eace9,acct_917a583066,2026-06-20T23:15:20,2998.99,merchant_demo_001
txn_0776ccfb2ede,acct_0cf00c4bab,2026-03-25T14:54:10,2309.64,merchant_demo_001
txn_d3ddf3b3dd12,acct_f1ad23c661,2026-09-15T17:49:45,3322.3,merchant_demo_001
txn_9f71be0d485d,acct_f1ad23c661,2026-09-28T17:49:45,3689.94,merchant_demo_001
txn_4cac0ec50406,acct_f1ad23c661,2026-11-10T17:49:45,2861.1,merchant_demo_001
txn_a36842d574f9,acct_f1ad23c661,2026-08-01T17:49:45,4941.45,merchant_demo_001
txn_a7ac08d794b0,acct_f1ad23c661,2026-09-23T17:49:45,2596.74,merchant_demo_001
txn_8b89ca074983,acct_bedce8365e,2026-05-21T17:33:05,3468.47,merchant_demo_001
txn_dc61153988f6,acct_bedce8365e,2025-05-26T17:33:05,1565.07,merchant_demo_001
txn_d25851d3c88a,acct_2338975736,2026-04-10T20:36:20,2914.94,merchant_demo_001
txn_16c25c219d30,acct_2338975736,2025-10-14T20:36:20,4195.68,merchant_demo_001
txn_555b2b414733,acct_2338975736,2025-09-29T20:36:20,1407.49,merchant_demo_001
txn_cf1fd4d0686e,acct_40db76504f,2026-05-18T11:58:18,730.77,merchant_demo_001
txn_0056bcc74cef,acct_40db76504f,2025-12-13T11:58:18,1201.13,merchant_demo_001
txn_f9eb804ad701,acct_40db76504f,2025-07-19T11:58:18,4316.15,merchant_demo_001
txn_89d81d9f218e,acct_40db76504f,2026-04-06T11:58:18,2725.21,merchant_demo_001
txn_2d3a397528c5,acct_2e5f136aa4,2026-06-29T18:07:51,1300.53,merchant_demo_001
txn_64ec117a4b45,acct_2e5f136aa4,2025-11-15T18:07:51,704.4,merchant_demo_001
txn_4f40646e40f2,acct_2e5f136aa4,2025-10-13T18:07:51,4166.63,merchant_demo_001
txn_143633b9e37b,acct_2e5f136aa4,2026-05-29T18:07:51,1170.6,merchant_demo_001
txn_e3b85ed610b8,acct_d6ff173c08,2025-04-14T17:10:06,2631.24,merchant_demo_001
txn_a2e9239d46f6,acct_d6ff173c08,2025-05-22T17:10:06,2861.67,merchant_demo_001
txn_ec912a395a90,acct_d6ff173c08,2025-03-14T17:10:06,797.19,merchant_demo_001
txn_ef344104c36d,acct_d6ff173c08,2025-03-19T17:10:06,4927.39,merchant_demo_001
txn_da550da5b263,acct_440f9e41c4,2025-09-14T16:10:44,198.91,merchant_demo_001
txn_596bec27617f,acct_440f9e41c4,2025-03-23T16:10:44,4721.32,merchant_demo_001
txn_875157397e4d,acct_440f9e41c4,2025-10-19T16:10:44,1089.95,merchant_demo_001
txn_a37519272d69,acct_440f9e41c4,2025-03-31T16:10:44,2609.55,merchant_demo_001
txn_8e0362239d93,acct_440f9e41c4,2025-09-22T16:10:44,4624.56,merchant_demo_001
txn_04cf44d8cda6,acct_09ae61e548,2027-03-15T23:03:15,4624.41,merchant_demo_001
txn_06ba705821f0,acct_09ae61e548,2026-08-27T23:03:15,771.24,merchant_demo_001
txn_37c091dab796,acct_09ae61e548,2026-06-25T23:03:15,4090.26,merchant_demo_001
txn_de6eba43e729,acct_09ae61e548,2026-06-10T23:03:15,966.32,merchant_demo_001
txn_25a6b10c3c39,acct_09ae61e548,2026-08-31T23:03:15,4450.37,merchant_demo_001
txn_8332cf0e98b8,acct_81fbe59e7b,2026-05-01T02:19:20,3473.74,merchant_demo_001
txn_3b9e4dd987c2,acct_45dbaa8cce,2025-10-11T08:19:57,2198.15,merchant_demo_001
txn_70581ba0367b,acct_45dbaa8cce,2025-04-16T08:19:57,274.28,merchant_demo_001
txn_eb68525b424a,acct_45dbaa8cce,2025-03-04T08:19:57,2564.22,merchant_demo_001
txn_b26ec4d8f8be,acct_45dbaa8cce,2026-01-06T08:19:57,3004.49,merchant_demo_001
txn_6c103f62c4ce,acct_8cfb5af988,2026-07-03T16:19:45,2430.19,merchant_demo_001
txn_d4f5d1b65f02,acct_8cfb5af988,2026-02-04T16:19:45,652.43,merchant_demo_001
txn_b8b4b2b2a93d,acct_8cfb5af988,2026-04-28T16:19:45,463.88,merchant_demo_001
txn_50694926cdf4,acct_8cfb5af988,2025-12-20T16:19:45,987.29,merchant_demo_001
txn_8dec0bc03a28,acct_8cfb5af988,2026-02-03T16:19:45,3994.45,merchant_demo_001
txn_4554fb75ea05,acct_679b79709b,2025-10-01T17:51:41,4590.48,merchant_demo_001
txn_ce446b355361,acct_679b79709b,2025-12-29T17:51:41,4493.82,merchant_demo_001
txn_098e0f35af19,acct_679b79709b,2026-01-26T17:51:41,4646.35,merchant_demo_001
txn_6816fffecf60,acct_ba878bfaf7,2026-07-04T00:36:49,4719.86,merchant_demo_001
txn_424d55e32709,acct_ba878bfaf7,2026-06-07T00:36:49,2576.16,merchant_demo_001
txn_d81b10a35e22,acct_ff69eddd2d,2026-02-12T07:01:41,2438.81,merchant_demo_001
txn_e1580a99d725,acct_3e5be9a99a,2026-04-18T18:36:21,3767.82,merchant_demo_001
txn_5b60a2153c94,acct_3e5be9a99a,2025-12-20T18:36:21,3225.5,merchant_demo_001
txn_1d78d0c69e55,acct_3e5be9a99a,2025-06-21T18:36:21,1608.57,merchant_demo_001
txn_c0524d0c64de,acct_3e5be9a99a,2025-10-09T18:36:21,4338.46,merchant_demo_001
txn_645487e23cb6,acct_8bc71a4040,2026-04-04T03:05:40,4168.68,merchant_demo_001
txn_fcf98f29226a,acct_8bc71a4040,2025-12-14T03:05:40,222.6,merchant_demo_001
txn_63e02e38468f,acct_8bc71a4040,2026-02-03T03:05:40,3680.01,merchant_demo_001
txn_bc6f89453c3c,acct_8bc71a4040,2025-11-02T03:05:40,2312.37,merchant_demo_001
txn_5e5d1d5b5892,acct_8bc71a4040,2026-11-13T03:05:40,2051.17,merchant_demo_001
txn_9a2d4e4b5bf8,acct_8fe8299fc6,2026-02-04T15:37:59,1881.79,merchant_demo_001
txn_ef1e332c71d6,acct_8fe8299fc6,2026-06-25T15:37:59,4720.12,merchant_demo_001
txn_3ea11a3d6f18,acct_92e00447fd,2025-09-11T00:40:37,2215.8,merchant_demo_001
txn_9c8c9ee65518,acct_92e00447fd,2025-04-08T00:40:37,1690.47,merchant_demo_001
txn_5fe2fdb776b5,acct_92e00447fd,2026-02-16T00:40:37,278.08,merchant_demo_001
txn_655a80ed36ce,acct_92e00447fd,2025-10-08T00:40:37,4863.6,merchant_demo_001
txn_69448508f0eb,acct_92e00447fd,2026-02-06T00:40:37,1980.17,merchant_demo_001
txn_147a3650c521,acct_fb902cc5b8,2025-03-10T01:28:39,415.44,merchant_demo_001
txn_03aece7cf7c3,acct_fb902cc5b8,2025-05-01T01:28:39,3254.16,merchant_demo_001
txn_6e903597e282,acct_5e8c4ef052,2026-10-28T14:11:14,4344.14,merchant_demo_001
txn_a03381e1c6cc,acct_5e8c4ef052,2027-05-25T14:11:14,496.97,merchant_demo_001
txn_f688c41f8b55,acct_5e8c4ef052,2026-09-20T14:11:14,4934.57,merchant_demo_001
txn_7bdb04e8381f,acct_64f4d8ba9a,2026-04-22T00:29:20,2731.19,merchant_demo_001
txn_e551cdb1c4f6,acct_99174d9fc6,2026-03-09T18:11:59,3089.89,merchant_demo_001
txn_2022eb2c7b34,acct_acb0a7c14c,2026-05-23T07:58:55,3873.51,merchant_demo_001
txn_cf809817a53b,acct_acb0a7c14c,2026-09-03T07:58:55,257.69,merchant_demo_001
txn_5de65c6bf59e,acct_acb0a7c14c,2026-11-16T07:58:55,124.47,merchant_demo_001
txn_d3f63700b1d8,acct_acb0a7c14c,2027-02-05T07:58:55,2830.4,merchant_demo_001
txn_35f53889f05a,acct_acb0a7c14c,2026-04-15T07:58:55,2177.99,merchant_demo_001
txn_4d662f235d96,acct_3ab655f089,2025-08-27T05:17:29,1506.3,merchant_demo_001
txn_6613edc61508,acct_3ab655f089,2025-07-27T05:17:29,1920.71,merchant_demo_001
txn_0960290c4c75,acct_3ab655f089,2026-05-22T05:17:29,2858.97,merchant_demo_001
txn_e3359d1ed49d,acct_3ab655f089,2026-03-30T05:17:29,2056.02,merchant_demo_001
txn_234442a5ba48,acct_3ab655f089,2025-11-30T05:17:29,3054.32,merchant_demo_001
txn_6fbf97700b08,acct_58c593162c,2026-08-25T11:01:27,1208.7,merchant_demo_001
txn_f8e16656d56e,acct_c59792eb48,2026-10-27T11:45:04,2799.33,merchant_demo_001
txn_7846a9dd7cf9,acct_c59792eb48,2026-12-06T11:45:04,2850.48,merchant_demo_001
txn_42e4a584ca62,acct_c59792eb48,2026-09-13T11:45:04,2669.24,merchant_demo_001
txn_a2474be0f0f6,acct_c59792eb48,2026-12-30T11:45:04,3319.04,merchant_demo_001
txn_ae3347a3f39c,acct_9e8b179794,2026-04-07T08:04:36,3091.11,merchant_demo_001
txn_f54a9af96b39,acct_9e8b179794,2025-09-05T08:04:36,201.64,merchant_demo_001
txn_9480f6b1ae7b,acct_9e8b179794,2025-12-30T08:04:36,2172.33,merchant_demo_001
txn_6578be5575e4,acct_9e8b179794,2025-09-04T08:04:36,2294.99,merchant_demo_001
txn_9fbc957e011e,acct_7a5d285cc3,2026-03-05T12:29:43,2299.63,merchant_demo_001
txn_43dd7bb9915f,acct_a50a8162fd,2025-02-11T04:31:41,3481.41,merchant_demo_001
txn_45b085428e97,acct_a50a8162fd,2025-02-11T05:26:41,676.2,merchant_demo_001
txn_e4cad553850c,acct_420cf725d3,2025-07-12T12:06:22,2186.48,merchant_demo_001
txn_56629a1b12e4,acct_9edb9e1194,2026-12-21T23:23:36,4253.89,merchant_demo_001
txn_2f5e4ea054be,acct_9edb9e1194,2027-03-22T23:23:36,2633.78,merchant_demo_001
txn_dadaab05d46a,acct_9edb9e1194,2027-02-13T23:23:36,4163.63,merchant_demo_001
txn_9ae3a9d386e5,acct_b942361a90,2026-05-24T02:59:20,122.73,merchant_demo_001
txn_281e377d1a02,acct_b942361a90,2025-12-21T02:59:20,2788.82,merchant_demo_001
txn_13cba0507601,acct_bb5b4c9310,2026-03-09T10:45:32,4720.86,merchant_demo_001
txn_c783c9f8a755,acct_1f08c87d18,2026-11-29T03:34:25,4675.9,merchant_demo_001
txn_a338274857ad,acct_1f08c87d18,2026-07-01T03:34:25,3930.63,merchant_demo_001
txn_ad43bfe5be5b,acct_1f08c87d18,2026-11-25T03:34:25,1711.29,merchant_demo_001
txn_5d32a676483e,acct_1f08c87d18,2026-11-01T03:34:25,4859.0,merchant_demo_001
txn_dadbb30f11d3,acct_1f08c87d18,2026-07-24T03:34:25,2329.82,merchant_demo_001
txn_d37047474222,acct_0d9da2e061,2026-07-10T09:11:38,3545.03,merchant_demo_001
txn_8d43f105393c,acct_0d9da2e061,2027-01-21T09:11:38,3752.37,merchant_demo_001
txn_b6e9a271c76b,acct_0d9da2e061,2026-10-19T09:11:38,1519.15,merchant_demo_001
txn_9e5d41cb3ca2,acct_0d9da2e061,2026-12-17T09:11:38,965.15,merchant_demo_001
txn_6522d91601b3,acct_4fc4692aae,2026-06-09T02:29:59,2731.96,merchant_demo_001
txn_855e76b16942,acct_bf21bab658,2026-07-09T23:51:29,1437.64,merchant_demo_001
txn_b3bbafc11592,acct_bf21bab658,2027-03-03T23:51:29,3578.21,merchant_demo_001
txn_416de8e0a53c,acct_bf21bab658,2026-11-18T23:51:29,4702.83,merchant_demo_001
txn_a464b94ae93e,acct_bf21bab658,2026-12-05T23:51:29,1368.04,merchant_demo_001
txn_2914bbfd91c5,acct_bf21bab658,2026-07-18T23:51:29,747.52,merchant_demo_001
txn_9e448b634282,acct_e1f7b23c16,2026-10-29T11:24:15,2585.52,merchant_demo_001
txn_0321c56b47e1,acct_e1f7b23c16,2026-06-18T11:24:15,2273.93,merchant_demo_001
txn_7aebd2aeb14a,acct_e1f7b23c16,2027-05-08T11:24:15,4414.13,merchant_demo_001
txn_ce7e19d4abba,acct_e1f7b23c16,2026-09-23T11:24:15,3618.98,merchant_demo_001
txn_05c24ce24c8e,acct_3af374050b,2026-01-07T23:54:16,4585.43,merchant_demo_001
txn_3c21e6187e12,acct_3af374050b,2025-10-16T23:54:16,4125.37,merchant_demo_001
txn_a59087419a82,acct_3af374050b,2026-02-17T23:54:16,3421.03,merchant_demo_001
txn_fdedfb18f6ad,acct_cc36f3d77f,2026-07-13T10:32:42,4175.52,merchant_demo_001
txn_b12d5feb7d50,acct_cc36f3d77f,2025-11-30T10:32:42,1628.85,merchant_demo_001
txn_7abce8ea1e82,acct_cc36f3d77f,2026-12-11T10:32:42,2553.7,merchant_demo_001
txn_9361509bb4c8,acct_1b3f82eca1,2026-07-06T15:38:00,750.6,merchant_demo_001
txn_15a4e6d98c77,acct_f9f8fa1aca,2026-10-05T17:28:39,4161.0,merchant_demo_001
txn_28b43fb3bdb1,acct_f9f8fa1aca,2027-01-22T17:28:39,2893.89,merchant_demo_001
txn_7311fa2b2174,acct_f9f8fa1aca,2027-02-03T17:28:39,296.42,merchant_demo_001
txn_46418c3c38b9,acct_06d0471d63,2025-08-05T01:14:50,1136.81,merchant_demo_001
txn_7d8ede861add,acct_06d0471d63,2025-08-05T02:32:50,4497.46,merchant_demo_001
txn_d1beea9dd514,acct_06d0471d63,2025-08-05T01:16:50,1411.79,merchant_demo_001
txn_944e32c06faa,acct_365b087815,2026-11-19T15:03:06,899.8,merchant_demo_001
txn_6bc558b1e82f,acct_636483c348,2025-06-04T06:10:50,4245.71,merchant_demo_001
txn_513ff1c709f6,acct_636483c348,2025-09-10T06:10:50,4959.8,merchant_demo_001
txn_74ea897840a3,acct_e5deb9997d,2026-09-21T02:52:43,4601.73,merchant_demo_001
txn_21d46426e821,acct_e5deb9997d,2027-05-08T02:52:43,1674.09,merchant_demo_001
txn_79752abd5da5,acct_e5deb9997d,2027-07-04T02:52:43,4433.12,merchant_demo_001
txn_8fbe1da9f98c,acct_e5deb9997d,2026-11-20T02:52:43,75.03,merchant_demo_001
txn_b7da4f783f76,acct_e5deb9997d,2026-08-14T02:52:43,2453.1,merchant_demo_001
txn_29de7710053c,acct_f80457b742,2026-08-13T17:00:43,846.54,merchant_demo_001
txn_213ad92c3d6f,acct_f80457b742,2026-09-23T17:00:43,3599.53,merchant_demo_001
txn_229851e272ff,acct_f80457b742,2026-09-12T17:00:43,495.94,merchant_demo_001
txn_16a1a62f3293,acct_f80457b742,2026-12-12T17:00:43,408.82,merchant_demo_001
txn_a61af729685e,acct_f80457b742,2027-02-13T17:00:43,4624.77,merchant_demo_001
txn_7dcce52dcf4d,acct_6f7b06c831,2025-07-12T16:10:12,2433.28,merchant_demo_001
txn_354b2b4dc8b5,acct_6f7b06c831,2025-08-08T16:10:12,3942.19,merchant_demo_001
txn_7b8936bd07fe,acct_6f7b06c831,2026-04-22T16:10:12,3225.33,merchant_demo_001
txn_609a1d2bc9ab,acct_71f8f98d78,2026-04-07T03:42:33,625.03,merchant_demo_001
txn_6ed449513164,acct_8a3166ca6f,2026-04-21T20:40:01,3071.57,merchant_demo_001
txn_e5cc4d8dfa72,acct_8a3166ca6f,2026-12-14T20:40:01,4435.25,merchant_demo_001
txn_df059d3dee66,acct_8a3166ca6f,2026-06-15T20:40:01,4906.22,merchant_demo_001
txn_f1df03da0356,acct_4a8ac4e24d,2026-02-24T22:19:07,970.35,merchant_demo_001
txn_5202cc66c420,acct_de9ea30978,2027-07-06T02:12:39,4406.55,merchant_demo_001
txn_8df1d14e1376,acct_fc427f750e,2026-09-13T05:35:50,4737.67,merchant_demo_001
txn_a5abb48928fe,acct_fc427f750e,2026-12-31T05:35:50,313.54,merchant_demo_001
txn_b9ae9537d195,acct_fc427f750e,2027-03-07T05:35:50,724.01,merchant_demo_001
txn_7818d731f157,acct_fc6e24a977,2026-01-15T18:19:47,2338.76,merchant_demo_001
txn_cd962022aff5,acct_78a5cd5c80,2026-12-08T00:57:21,1603.86,merchant_demo_001
txn_f22ca66d4e86,acct_78a5cd5c80,2026-02-15T00:57:21,72.79,merchant_demo_001
txn_b5a4e1636b66,acct_78a5cd5c80,2026-10-13T00:57:21,1319.31,merchant_demo_001
txn_a1adef886d53,acct_78a5cd5c80,2027-02-01T00:57:21,4158.39,merchant_demo_001
txn_bc8f71cf6f1a,acct_69b7d0f570,2026-06-07T15:13:08,2891.31,merchant_demo_001
txn_63a910ee407f,acct_42d9043337,2027-04-25T09:15:38,3571.31,merchant_demo_001
txn_7820450bf2b4,acct_42d9043337,2027-07-04T09:15:38,1500.53,merchant_demo_001
txn_761adaa8333c,acct_42d9043337,2027-06-07T09:15:38,747.2,merchant_demo_001
txn_a725f0fe4f8d,acct_600ca70e91,2027-03-07T20:03:31,2368.21,merchant_demo_001
txn_954a9f1695be,acct_600ca70e91,2027-04-12T20:03:31,2798.9,merchant_demo_001
txn_ae1759be1f19,acct_600ca70e91,2026-09-30T20:03:31,4332.76,merchant_demo_001
txn_dce10aaa4101,acct_600ca70e91,2027-01-10T20:03:31,1755.84,merchant_demo_001
txn_84abf98c8da3,acct_600ca70e91,2027-04-13T20:03:31,1322.6,merchant_demo_001
txn_d30248699922,acct_edbdd65db6,2027-08-05T16:33:30,622.06,merchant_demo_001
txn_f618930ce32a,acct_edbdd65db6,2027-07-19T16:33:30,486.05,merchant_demo_001
txn_8c79b4ecb924,acct_edbdd65db6,2027-05-24T16:33:30,3975.51,merchant_demo_001
txn_c3633a43bd0c,acct_edbdd65db6,2027-03-29T16:33:30,4632.19,merchant_demo_001
txn_d44054a7a861,acct_2b675c202f,2026-08-07T03:57:50,4033.63,merchant_demo_001
txn_6d4350c387b2,acct_2b675c202f,2026-09-15T03:57:50,2715.18,merchant_demo_001
txn_e837d251b64d,acct_2bdfb77ee2,2027-04-08T06:44:20,3640.5,merchant_demo_001
txn_fd0ab924baef,acct_2bdfb77ee2,2026-04-15T06:44:20,225.83,merchant_demo_001
txn_7905e8234993,acct_2534e95c7f,2025-07-23T23:24:36,810.96,merchant_demo_001
txn_df1699cb58b9,acct_2534e95c7f,2026-07-31T23:24:36,2829.33,merchant_demo_001
txn_646f3d81519d,acct_2534e95c7f,2026-05-08T23:24:36,2046.24,merchant_demo_001
txn_b18368e7d67e,acct_b499943677,2026-04-29T15:53:08,2367.95,merchant_demo_001
txn_5bdcbf7871ba,acct_b499943677,2026-08-23T15:53:08,1106.01,merchant_demo_001
txn_4250c24542fc,acct_138b52ebe9,2027-01-02T23:00:07,1317.37,merchant_demo_001
txn_b17f33d72365,acct_138b52ebe9,2027-06-18T23:00:07,4412.48,merchant_demo_001
txn_a9976b39beea,acct_138b52ebe9,2026-09-23T23:00:07,1720.11,merchant_demo_001
txn_c58eef47d18b,acct_3dbb6ed124,2025-09-08T14:13:42,2673.2,merchant_demo_001
txn_3cc666399e1c,acct_3dbb6ed124,2025-08-31T14:13:42,4317.12,merchant_demo_001
txn_6932df51f571,acct_530f8b6bd9,2026-03-14T08:46:39,242.64,merchant_demo_001
txn_6068df1eaeaa,acct_530f8b6bd9,2026-03-11T08:46:39,2266.63,merchant_demo_001
txn_0295b6ee5697,acct_530f8b6bd9,2026-06-01T08:46:39,2762.37,merchant_demo_001
txn_9b88bee59c25,acct_530f8b6bd9,2026-08-06T08:46:39,4982.46,merchant_demo_001
txn_ad6637cb8598,acct_530f8b6bd9,2026-01-04T08:46:39,4658.2,merchant_demo_001
txn_a7e0451e3c8a,acct_28ffe91ab3,2026-01-26T15:02:32,2758.45,merchant_demo_001
txn_adcaf1690e60,acct_28ffe91ab3,2026-01-17T15:02:32,1623.7,merchant_demo_001
txn_1c301008316b,acct_28ffe91ab3,2026-02-12T15:02:32,1943.99,merchant_demo_001
txn_e365c2a84b2b,acct_28ffe91ab3,2026-09-06T15:02:32,4846.78,merchant_demo_001
txn_8a9598a4db8a,acct_28ffe91ab3,2026-03-20T15:02:32,2059.17,merchant_demo_001
txn_fcef56f7cb13,acct_aa35648017,2026-02-03T16:14:06,284.79,merchant_demo_001
txn_3f8833f5ae75,acct_aa35648017,2025-10-21T16:14:06,312.71,merchant_demo_001
txn_af4862ab709f,acct_3c116c3da1,2026-04-30T04:30:17,3538.21,merchant_demo_001
txn_aa1cd16f3076,acct_3c116c3da1,2026-06-29T04:30:17,1832.53,merchant_demo_001
txn_324cdb92b81f,acct_3c116c3da1,2026-10-23T04:30:17,1711.04,merchant_demo_001
txn_c0e585598159,acct_3c116c3da1,2026-01-19T04:30:17,1852.9,merchant_demo_001
txn_7d3856cd19ff,acct_5f10fa6529,2025-04-24T11:39:25,1069.65,merchant_demo_001
txn_5ac2bac446fb,acct_5f10fa6529,2025-04-25T11:39:25,3659.47,merchant_demo_001
txn_0250ae28b7a8,acct_3844b0bd3c,2026-01-10T15:16:30,218.37,merchant_demo_001
txn_fbb0c2dbd5c5,acct_b137c64a94,2026-06-27T00:12:00,1656.53,merchant_demo_001
txn_4355f2d2676f,acct_b137c64a94,2025-06-21T00:12:00,2492.25,merchant_demo_001
txn_1ddfc3edce51,acct_b137c64a94,2026-05-24T00:12:00,1581.89,merchant_demo_001
txn_2ddf5f1c005d,acct_0c5ae55f17,2026-12-23T02:05:23,4951.06,merchant_demo_001
txn_c13244e1e297,acct_1380418a7b,2026-06-29T22:06:17,543.66,merchant_demo_001
txn_9713b925f407,acct_84d018184d,2025-09-07T15:05:00,2340.36,merchant_demo_001
txn_8d644249123c,acct_29b59e626a,2025-08-11T09:34:47,519.04,merchant_demo_001
txn_668ab8d73b9b,acct_29b59e626a,2026-01-11T09:34:47,144.53,merchant_demo_001
txn_41fac54ec246,acct_29b59e626a,2025-07-12T09:34:47,4036.93,merchant_demo_001
txn_0f6477edd8b8,acct_29b59e626a,2026-01-20T09:34:47,4715.03,merchant_demo_001
txn_d109eb2c38ed,acct_29b59e626a,2026-01-09T09:34:47,1975.87,merchant_demo_001
txn_8949ef5e7162,acct_14c8188f9b,2025-08-29T10:36:08,3187.54,merchant_demo_001
txn_02b07311725d,acct_14c8188f9b,2025-12-28T10:36:08,3599.58,merchant_demo_001
txn_b88f6e2f2293,acct_f89b32e7ad,2026-07-14T20:42:38,1609.88,merchant_demo_001
txn_7bc4417fa122,acct_f89b32e7ad,2026-08-01T20:42:38,3508.23,merchant_demo_001
txn_957f8d63757f,acct_f89b32e7ad,2026-04-28T20:42:38,3428.81,merchant_demo_001
txn_5b29b42b66bc,acct_0d1dd8ccc8,2025-06-10T08:36:46,3350.96,merchant_demo_001
txn_8b6af2310e09,acct_bcbee68dcb,2026-10-29T22:49:13,4510.53,merchant_demo_001
txn_7df23cc89fe7,acct_bcbee68dcb,2027-01-02T22:49:13,1818.85,merchant_demo_001
txn_b2139294497d,acct_ac8f9662ad,2025-06-21T19:23:01,831.65,merchant_demo_001
txn_996444dead96,acct_c796c2b2dd,2026-12-03T05:12:02,4071.66,merchant_demo_001
txn_6238389d1398,acct_c796c2b2dd,2025-12-05T05:12:02,440.75,merchant_demo_001
txn_ba90905374a3,acct_c796c2b2dd,2026-01-05T05:12:02,1719.44,merchant_demo_001
txn_6384e23c967a,acct_c796c2b2dd,2026-11-13T05:12:02,4655.98,merchant_demo_001
txn_1b26fea60387,acct_2524b76cc8,2026-03-29T06:02:59,3447.61,merchant_demo_001
txn_6e24aa4d8d5f,acct_2524b76cc8,2026-02-23T06:02:59,1335.17,merchant_demo_001
txn_31e79d88a1ec,acct_2524b76cc8,2026-03-18T06:02:59,4458.45,merchant_demo_001
txn_764688d3fc47,acct_6715140484,2025-06-25T12:57:40,2218.41,merchant_demo_001
txn_dff1d73ba89f,acct_6715140484,2025-07-01T12:57:40,4781.52,merchant_demo_001
txn_1b95f457f655,acct_6715140484,2026-02-16T12:57:40,544.47,merchant_demo_001
txn_042e7efe9515,acct_1d06df85ad,2026-06-03T15:40:02,996.75,merchant_demo_001
txn_120b10205647,acct_1d06df85ad,2025-08-13T15:40:02,2345.29,merchant_demo_001
txn_12231df5bc03,acct_1d06df85ad,2026-03-16T15:40:02,295.11,merchant_demo_001
txn_842025a2b9df,acct_1d06df85ad,2025-12-06T15:40:02,3556.07,merchant_demo_001
txn_de4ffd1f33f6,acct_802276c47a,2026-04-25T16:11:45,1862.48,merchant_demo_001
txn_38001e870c42,acct_802276c47a,2025-05-29T16:11:45,4571.6,merchant_demo_001
txn_20d2978bbaa5,acct_802276c47a,2026-04-21T16:11:45,3767.43,merchant_demo_001
txn_12018e255a07,acct_802276c47a,2025-06-17T16:11:45,288.32,merchant_demo_001
txn_adb6f13b3ee0,acct_802276c47a,2025-12-02T16:11:45,1474.84,merchant_demo_001
txn_7a6f77bf91c2,acct_49f5eb00fd,2026-05-10T20:12:43,4850.68,merchant_demo_001
txn_d23edd2eb68b,acct_49f5eb00fd,2027-02-19T20:12:43,3620.77,merchant_demo_001
txn_39a63aaa80ae,acct_49f5eb00fd,2026-05-04T20:12:43,3465.65,merchant_demo_001
txn_6cb82aede99b,acct_49f5eb00fd,2026-11-12T20:12:43,636.66,merchant_demo_001
txn_dd2fb1033907,acct_49f5eb00fd,2026-06-11T20:12:43,1773.64,merchant_demo_001
txn_34b9adfc44d1,acct_d01a2c7d2d,2025-08-04T17:44:03,2170.62,merchant_demo_001
txn_b40ea6d815c8,acct_b3c2ef1306,2026-09-21T12:18:27,3508.71,merchant_demo_001
txn_fca086cd8782,acct_b3c2ef1306,2026-12-06T12:18:27,1456.85,merchant_demo_001
txn_d58ea6387743,acct_b3c2ef1306,2025-12-18T12:18:27,2736.67,merchant_demo_001
txn_682069815197,acct_b3c2ef1306,2026-09-28T12:18:27,3086.48,merchant_demo_001
txn_f267395d3aee,acct_b3c2ef1306,2025-12-30T12:18:27,4779.29,merchant_demo_001
txn_4426468026bc,acct_7263ab7ff6,2027-04-01T13:57:57,3102.17,merchant_demo_001
txn_c4943359c32f,acct_7263ab7ff6,2026-08-18T13:57:57,4801.23,merchant_demo_001
txn_61ce2ac3f459,acct_7263ab7ff6,2026-11-20T13:57:57,1763.24,merchant_demo_001
txn_2edfdef0d779,acct_94cdb54401,2026-06-14T16:42:04,3445.82,merchant_demo_001
txn_fbdd7c7548fd,acct_94cdb54401,2026-05-28T16:42:04,775.21,merchant_demo_001
txn_c54c3fdf1fc7,acct_1d8578d903,2026-10-01T13:00:08,399.78,merchant_demo_001
txn_6becd84cdac9,acct_1d8578d903,2026-04-16T13:00:08,2067.41,merchant_demo_001
txn_15591dd9686e,acct_1d8578d903,2026-11-21T13:00:08,2868.5,merchant_demo_001
txn_40424dc9e27b,acct_91d2a2e529,2025-04-18T08:30:05,3238.42,merchant_demo_001
txn_d40832bbd82a,acct_91d2a2e529,2025-11-01T08:30:05,2877.41,merchant_demo_001
txn_e7771b3bba53,acct_91d2a2e529,2026-01-17T08:30:05,341.01,merchant_demo_001
txn_ba31a2957d8b,acct_91d2a2e529,2026-01-16T08:30:05,1964.94,merchant_demo_001
txn_6e156e8ba893,acct_91d2a2e529,2025-11-22T08:30:05,2413.63,merchant_demo_001
txn_5ff6bf5c1fc7,acct_73b825711f,2026-11-11T00:57:52,3492.49,merchant_demo_001
txn_4447a43d203a,acct_5771f1723b,2026-06-11T04:53:44,2529.72,merchant_demo_001
txn_87302db0f68c,acct_5771f1723b,2026-09-29T04:53:44,3417.08,merchant_demo_001
txn_19f5870014d4,acct_4d75d43b61,2026-03-31T08:17:31,1009.53,merchant_demo_001
txn_21a7ce60c005,acct_4d75d43b61,2025-09-20T08:17:31,1568.45,merchant_demo_001
txn_d0dcc4ad0585,acct_8c1f01ef56,2026-01-15T05:19:49,151.53,merchant_demo_001
txn_971ad777ce38,acct_8c1f01ef56,2026-04-11T05:19:49,2479.34,merchant_demo_001
txn_58c0c95ae969,acct_8c1f01ef56,2026-04-03T05:19:49,3805.88,merchant_demo_001
txn_02bae686d344,acct_ac62a7be09,2026-10-20T19:26:15,1674.05,merchant_demo_001
txn_f329f0893565,acct_ac62a7be09,2026-08-21T19:26:15,845.37,merchant_demo_001
txn_45cb3a6a793f,acct_7c648fd12f,2026-03-30T10:37:26,410.75,merchant_demo_001
txn_f4b874afdbb1,acct_7c648fd12f,2026-07-11T10:37:26,4927.57,merchant_demo_001
txn_5b2e772af3d7,acct_7c648fd12f,2026-09-01T10:37:26,1312.76,merchant_demo_001
txn_a317586b283d,acct_409fd786ee,2026-06-11T03:30:08,1465.05,merchant_demo_001
txn_a4557f2d546e,acct_409fd786ee,2026-10-30T03:30:08,2709.33,merchant_demo_001
txn_842c74ae35a7,acct_409fd786ee,2026-06-11T03:30:08,2931.46,merchant_demo_001
txn_a6cfe1774e0f,acct_409fd786ee,2027-01-24T03:30:08,974.51,merchant_demo_001
txn_89f0a58ffd1f,acct_b6a28a2652,2026-09-06T18:28:48,3906.54,merchant_demo_001
txn_10aa846ed0f4,acct_b6a28a2652,2026-01-02T18:28:48,3956.92,merchant_demo_001
txn_e3a5b0c348a5,acct_b6a28a2652,2026-02-16T18:28:48,1688.6,merchant_demo_001
txn_73da2c4df5d4,acct_b6a28a2652,2025-10-30T18:28:48,395.23,merchant_demo_001
txn_01e697a69600,acct_b6a28a2652,2026-09-24T18:28:48,3947.9,merchant_demo_001
txn_b628326b89be,acct_5d09ee39ca,2025-02-25T04:15:47,3233.6,merchant_demo_001
txn_cd5fe14dd321,acct_5d09ee39ca,2025-09-08T04:15:47,4202.7,merchant_demo_001
txn_9a2b3ed14f2b,acct_5d09ee39ca,2025-02-28T04:15:47,1813.04,merchant_demo_001
txn_6d60d1e93177,acct_5d09ee39ca,2025-02-07T04:15:47,3204.17,merchant_demo_001
txn_ea799abe94a1,acct_5d09ee39ca,2025-11-08T04:15:47,2801.14,merchant_demo_001
txn_c274700c2246,acct_85460db2db,2026-06-08T03:27:58,1303.72,merchant_demo_001
txn_5e794ecca7bf,acct_85460db2db,2025-09-27T03:27:58,799.76,merchant_demo_001
txn_b6a781466c1e,acct_85460db2db,2025-11-18T03:27:58,487.51,merchant_demo_001
txn_73ac4023d95e,acct_85460db2db,2026-04-09T03:27:58,2248.16,merchant_demo_001
txn_e6c794260e7d,acct_46ac0517eb,2026-03-13T13:58:46,4641.22,merchant_demo_001
txn_fd727725d895,acct_46ac0517eb,2025-09-23T13:58:46,4487.1,merchant_demo_001
txn_e8e7296c4b84,acct_9bafbeef9b,2026-05-22T03:09:36,1703.71,merchant_demo_001
txn_32228724ccd4,acct_9bafbeef9b,2026-07-16T03:09:36,2804.59,merchant_demo_001
txn_df12d02a0f04,acct_9bafbeef9b,2026-07-06T03:09:36,2283.18,merchant_demo_001
txn_e711ce93d3b8,acct_90a823e609,2025-12-13T17:00:51,484.25,merchant_demo_001
txn_b08ed598f342,acct_90a823e609,2025-12-13T18:44:51,3697.89,merchant_demo_001
txn_d94480c50e27,acct_90a823e609,2025-12-13T18:01:51,1592.84,merchant_demo_001
txn_5d8c23d08194,acct_868b48684b,2026-01-16T03:33:34,1193.18,merchant_demo_001
txn_0c05d2aa2f61,acct_868b48684b,2026-01-16T04:23:34,2124.45,merchant_demo_001
txn_a0df5e693374,acct_0ec0a9f430,2025-09-23T20:13:35,4429.48,merchant_demo_001
txn_f7c326c25316,acct_0ec0a9f430,2025-11-30T20:13:35,2314.99,merchant_demo_001
txn_cb0d0c57ada4,acct_747c395baf,2026-06-08T00:04:34,973.37,merchant_demo_001
txn_74d85d24a231,acct_747c395baf,2026-01-23T00:04:34,2336.62,merchant_demo_001
txn_e796f04495f3,acct_747c395baf,2026-05-10T00:04:34,4455.14,merchant_demo_001
txn_739bc868192c,acct_f164664f7f,2025-07-18T08:42:26,55.43,merchant_demo_001
txn_efbbed7b9ada,acct_f164664f7f,2025-12-28T08:42:26,616.95,merchant_demo_001
txn_84d5bbbc2db9,acct_f164664f7f,2025-11-07T08:42:26,4217.18,merchant_demo_001
txn_1b650e55606c,acct_f164664f7f,2025-09-07T08:42:26,3582.79,merchant_demo_001
txn_eb882c9fc061,acct_f164664f7f,2026-02-20T08:42:26,80.29,merchant_demo_001
txn_54ecb3635b74,acct_86c4a27600,2026-12-07T20:26:43,3517.1,merchant_demo_001
txn_912c8ec61a65,acct_86c4a27600,2026-07-26T20:26:43,539.92,merchant_demo_001
txn_509bf7bfb5be,acct_3b29e7c6e5,2026-08-28T09:44:37,3318.25,merchant_demo_001
txn_68b5baa36add,acct_3b29e7c6e5,2025-09-25T09:44:37,1795.23,merchant_demo_001
txn_858f60b759d8,acct_3b29e7c6e5,2026-05-17T09:44:37,3939.1,merchant_demo_001
txn_cdcce37012b6,acct_3b29e7c6e5,2026-05-16T09:44:37,2885.61,merchant_demo_001
txn_6aff537d2bc4,acct_3b29e7c6e5,2026-04-29T09:44:37,3627.81,merchant_demo_001
txn_626a7275c3c7,acct_cbb35c1177,2026-02-22T03:46:14,517.59,merchant_demo_001
txn_f87f62e550ed,acct_cbb35c1177,2025-07-02T03:46:14,3875.37,merchant_demo_001
txn_20c8970bb1de,acct_cbb35c1177,2026-01-21T03:46:14,2210.83,merchant_demo_001
txn_7caf8da94cec,acct_c6bc4c2585,2025-11-05T17:07:49,1694.96,merchant_demo_001
txn_39e713be1c59,acct_c6bc4c2585,2026-02-04T17:07:49,453.69,merchant_demo_001
txn_d9be0a4a0c57,acct_c6bc4c2585,2026-02-24T17:07:49,4409.59,merchant_demo_001
txn_d710e8589b86,acct_c6bc4c2585,2026-02-14T17:07:49,3760.64,merchant_demo_001
txn_8cdab29b59f8,acct_c6bc4c2585,2026-04-17T17:07:49,4865.42,merchant_demo_001
txn_9fc3dfb2563a,acct_7e201be3f3,2026-10-10T07:28:55,3469.12,merchant_demo_001
txn_e8cc28bb317f,acct_7e201be3f3,2026-04-28T07:28:55,2802.26,merchant_demo_001
txn_ce7356f3175f,acct_08e8a167f0,2027-03-31T16:42:30,299.2,merchant_demo_001
txn_fbd7f4a32a80,acct_5cfcaaf0da,2026-01-15T16:50:56,2419.81,merchant_demo_001
txn_4b76d0303948,acct_5cfcaaf0da,2026-10-12T16:50:56,4051.06,merchant_demo_001
txn_89b193cfca2e,acct_5cfcaaf0da,2026-07-22T16:50:56,4297.5,merchant_demo_001
txn_e5cca382920b,acct_64a0909222,2026-05-23T22:09:57,4896.49,merchant_demo_001
txn_45fe2669dfd8,acct_51e958a703,2025-09-11T04:10:00,2567.18,merchant_demo_001
txn_60792b3ab3a6,acct_51e958a703,2026-04-17T04:10:00,2423.98,merchant_demo_001
txn_5061695cb334,acct_51e958a703,2025-09-20T04:10:00,4028.34,merchant_demo_001
txn_652e2470848c,acct_51e958a703,2025-11-12T04:10:00,1691.91,merchant_demo_001
txn_9c533d0c1fdd,acct_51e958a703,2025-11-30T04:10:00,4337.85,merchant_demo_001
txn_bd3b55bf6524,acct_50c3de22f8,2026-05-20T08:48:08,733.61,merchant_demo_001
txn_4a6c8d8c77c6,acct_01cea01723,2025-06-16T03:17:42,56.03,merchant_demo_001
txn_82162f1f39a8,acct_01cea01723,2025-06-23T03:17:42,2778.44,merchant_demo_001
txn_cd58bef5ba1e,acct_01cea01723,2026-02-02T03:17:42,1508.0,merchant_demo_001
txn_7567bf28d699,acct_01cea01723,2025-05-29T03:17:42,3145.1,merchant_demo_001
txn_f8ba2c96e19d,acct_1f117d62cf,2025-12-30T11:25:29,3329.3,merchant_demo_001
txn_a4138b64e325,acct_1f117d62cf,2026-01-09T11:25:29,342.84,merchant_demo_001
txn_338b547aff31,acct_dec793fc48,2026-09-08T03:01:29,1429.79,merchant_demo_001
txn_5f1c777b67a4,acct_6b5bdb8460,2027-06-23T11:44:47,1096.54,merchant_demo_001
txn_c536c86e18e0,acct_6b5bdb8460,2026-09-28T11:44:47,4626.55,merchant_demo_001
txn_7516a63da6d6,acct_6b5bdb8460,2027-04-17T11:44:47,3751.47,merchant_demo_001
txn_a479d471614f,acct_4354105a8e,2026-08-08T01:11:00,4870.99,merchant_demo_001
txn_7006e88eba04,acct_3739e2ae00,2026-08-02T08:57:53,3032.1,merchant_demo_001
txn_bcc54770cab8,acct_3739e2ae00,2026-01-19T08:57:53,3520.45,merchant_demo_001
txn_14348719ac07,acct_3739e2ae00,2026-09-20T08:57:53,676.34,merchant_demo_001
txn_550fd9757a61,acct_2819a57049,2026-01-07T03:31:26,681.52,merchant_demo_001
txn_3c4d5c80299a,acct_2819a57049,2026-01-07T06:10:26,1078.9,merchant_demo_001
txn_3859ce532965,acct_2819a57049,2026-01-07T03:40:26,1421.14,merchant_demo_001
txn_e0cd98f90b85,acct_2e25fc188d,2025-06-02T10:56:45,4269.26,merchant_demo_001
txn_29e6f6c925d2,acct_2e25fc188d,2025-04-17T10:56:45,3598.85,merchant_demo_001
txn_4e7829ae17db,acct_6322222f8c,2026-07-11T06:51:32,4259.91,merchant_demo_001
txn_1da41abbc380,acct_6322222f8c,2026-03-15T06:51:32,3492.49,merchant_demo_001
txn_ceba3d5dd812,acct_6322222f8c,2026-03-02T06:51:32,1256.31,merchant_demo_001
txn_fe9886057408,acct_6322222f8c,2027-01-11T06:51:32,1010.12,merchant_demo_001
txn_cb5aa040703e,acct_756f83af1e,2027-02-11T15:27:08,513.01,merchant_demo_001
txn_39e692704183,acct_756f83af1e,2026-11-17T15:27:08,4437.36,merchant_demo_001
txn_cf8d7a68418d,acct_a7d8a77921,2026-06-20T18:42:12,2009.57,merchant_demo_001
txn_6b904a0cad5b,acct_a7d8a77921,2026-06-20T17:38:12,3426.8,merchant_demo_001
txn_2c4c5f83bc3e,acct_1d28103756,2025-07-27T20:43:07,3590.47,merchant_demo_001
txn_a8209bc7bec5,acct_73a8668287,2026-07-28T04:08:32,4677.77,merchant_demo_001
txn_eb944070d89a,acct_73a8668287,2026-11-12T04:08:32,2311.74,merchant_demo_001
txn_b8596eab5f1a,acct_73a8668287,2026-09-30T04:08:32,2019.52,merchant_demo_001
txn_bc3beb8aad1d,acct_73a8668287,2027-01-25T04:08:32,524.97,merchant_demo_001
txn_50919c5e7eda,acct_73a8668287,2027-01-01T04:08:32,1160.01,merchant_demo_001
txn_61d5e06f9ee2,acct_46fdb047f6,2026-07-19T13:37:29,163.44,merchant_demo_001
txn_a4334e67d950,acct_667f634e8c,2026-07-17T11:22:29,493.81,merchant_demo_001
txn_5e41dc1a40aa,acct_667f634e8c,2026-08-29T11:22:29,4423.13,merchant_demo_001
txn_8e4eec7f4f25,acct_ab03dc92f2,2025-11-02T04:53:38,1527.76,merchant_demo_001
txn_09508482813a,acct_ba55662e75,2026-06-06T21:39:49,4309.97,merchant_demo_001
txn_d4c220645599,acct_ba55662e75,2026-08-06T21:39:49,2931.1,merchant_demo_001
txn_26c41ecd4263,acct_ba55662e75,2027-02-12T21:39:49,1129.94,merchant_demo_001
txn_3f443ea99e3c,acct_ba55662e75,2026-05-31T21:39:49,1355.17,merchant_demo_001
txn_a894d9a2291c,acct_ba55662e75,2027-05-31T21:39:49,2729.0,merchant_demo_001
txn_8bfc14516666,acct_98cdbfb62b,2025-11-02T19:44:01,3119.44,merchant_demo_001
txn_92ea0e98d59f,acct_98cdbfb62b,2026-04-17T19:44:01,852.9,merchant_demo_001
txn_22c4a8d51903,acct_98cdbfb62b,2026-07-16T19:44:01,451.74,merchant_demo_001
txn_858c234ebd2d,acct_a37dd01e5f,2025-07-02T06:19:17,2128.01,merchant_demo_001
txn_0264d03c2311,acct_a37dd01e5f,2025-05-10T06:19:17,2530.38,merchant_demo_001
txn_76e3b1f0702b,acct_d8a06be5dc,2026-07-27T01:37:43,2808.04,merchant_demo_001
txn_41fff8238428,acct_d8a06be5dc,2026-07-08T01:37:43,4845.75,merchant_demo_001
txn_641ca1845ba1,acct_d8a06be5dc,2026-08-02T01:37:43,4215.1,merchant_demo_001
txn_ae583b066edc,acct_01e0eeeea4,2025-12-21T14:13:47,4772.53,merchant_demo_001
txn_808d422b7649,acct_01e0eeeea4,2025-05-20T14:13:47,1946.67,merchant_demo_001
txn_943f88e526c0,acct_01e0eeeea4,2026-04-23T14:13:47,2000.31,merchant_demo_001
txn_eb06c2e12f5d,acct_01e0eeeea4,2025-07-17T14:13:47,466.36,merchant_demo_001
txn_ffc822367433,acct_f4eb1e550e,2025-06-03T15:46:06,1998.9,merchant_demo_001
txn_65053d81f07d,acct_f4eb1e550e,2025-05-06T15:46:06,349.2,merchant_demo_001
txn_74f3fb3e633c,acct_f4eb1e550e,2025-05-20T15:46:06,1470.35,merchant_demo_001
txn_b9aa7b6e6896,acct_2f9d108c2d,2025-07-14T15:20:44,3297.33,merchant_demo_001
txn_9f44f5c9f7b3,acct_2f9d108c2d,2025-09-24T15:20:44,4828.3,merchant_demo_001
txn_71246b933fdc,acct_2f9d108c2d,2025-08-30T15:20:44,4899.5,merchant_demo_001
txn_9d423029b0a2,acct_dd7bb3fc31,2025-12-11T06:38:27,3862.54,merchant_demo_001
txn_f31f5ab3d42c,acct_dd7bb3fc31,2026-02-07T06:38:27,1162.36,merchant_demo_001
txn_22789fc21a07,acct_dd7bb3fc31,2025-09-06T06:38:27,1751.76,merchant_demo_001
txn_105c1ae4156f,acct_7a7f63fb78,2026-07-08T23:45:31,3042.37,merchant_demo_001
txn_36598562ed51,acct_7a7f63fb78,2025-11-04T23:45:31,2295.4,merchant_demo_001
txn_33d07bdf8fec,acct_7a7f63fb78,2025-10-16T23:45:31,4240.22,merchant_demo_001
txn_81ed24915c9b,acct_abd50c3b5c,2025-10-30T15:26:32,2197.51,merchant_demo_001
txn_8ad031619e78,acct_abd50c3b5c,2025-10-22T15:26:32,487.88,merchant_demo_001
txn_7adfa46b2b5d,acct_abd50c3b5c,2025-11-06T15:26:32,1315.85,merchant_demo_001
txn_22ec25f88841,acct_abd50c3b5c,2026-03-21T15:26:32,3344.05,merchant_demo_001
txn_d31c324c4f79,acct_4070b30377,2027-05-23T07:50:50,2796.29,merchant_demo_001
txn_e3ed1819b12c,acct_4070b30377,2026-12-03T07:50:50,1369.45,merchant_demo_001
txn_5e648d9b3d1f,acct_4070b30377,2026-09-07T07:50:50,551.99,merchant_demo_001
txn_69f1a5a8e6c9,acct_606f527bd8,2026-06-30T23:23:48,3199.35,merchant_demo_001
txn_8bfac0885af7,acct_606f527bd8,2025-10-31T23:23:48,2692.31,merchant_demo_001
txn_63e12acf8ec2,acct_606f527bd8,2026-06-20T23:23:48,4748.26,merchant_demo_001
txn_8e7264f27f8b,acct_606f527bd8,2026-08-11T23:23:48,4754.34,merchant_demo_001
txn_0998d6aa2050,acct_606f527bd8,2026-08-23T23:23:48,535.53,merchant_demo_001
txn_d5c863315ee9,acct_b1a2e40c6f,2026-04-06T11:21:44,780.22,merchant_demo_001
txn_225cb3f7e148,acct_b1a2e40c6f,2026-01-10T11:21:44,3635.56,merchant_demo_001
txn_011c06c8cdb3,acct_b1a2e40c6f,2026-09-09T11:21:44,468.95,merchant_demo_001
txn_6d6dce8d85d3,acct_b1a2e40c6f,2026-07-14T11:21:44,2875.92,merchant_demo_001
txn_260656b68737,acct_b1a2e40c6f,2026-03-23T11:21:44,1355.17,merchant_demo_001
txn_5443e4b62c27,acct_d23ed0ab4b,2026-10-17T16:34:22,1727.24,merchant_demo_001
txn_15cdeecf7cc4,acct_d23ed0ab4b,2026-05-06T16:34:22,4442.44,merchant_demo_001
txn_22c9698a8703,acct_eb719c44e1,2026-08-08T21:59:51,4871.84,merchant_demo_001
txn_09ade8f110bd,acct_eb719c44e1,2026-03-21T21:59:51,4450.37,merchant_demo_001
txn_09d48b6da707,acct_eb719c44e1,2026-11-22T21:59:51,335.14,merchant_demo_001
txn_6f65dc84678c,acct_3d582b96aa,2025-07-15T00:05:29,1163.32,merchant_demo_001
txn_ef6f2acc46a1,acct_3d582b96aa,2025-07-28T00:05:29,4748.71,merchant_demo_001
txn_de52fa272489,acct_3d582b96aa,2025-04-03T00:05:29,4054.14,merchant_demo_001
txn_09a4c020420a,acct_3d582b96aa,2025-07-18T00:05:29,433.86,merchant_demo_001
txn_067ac80f3663,acct_3d582b96aa,2026-03-13T00:05:29,4180.55,merchant_demo_001
txn_8607e9ed7109,acct_c983c2869f,2025-11-13T02:05:16,2058.06,merchant_demo_001
txn_fcdc37225480,acct_c983c2869f,2025-09-10T02:05:16,4901.68,merchant_demo_001
txn_57ffe3b93472,acct_c983c2869f,2025-07-17T02:05:16,1880.48,merchant_demo_001
txn_01402ea9e3f3,acct_c983c2869f,2025-10-28T02:05:16,3902.89,merchant_demo_001
txn_1e83be604fc0,acct_c983c2869f,2025-09-18T02:05:16,4584.88,merchant_demo_001
txn_f707bcd7d720,acct_8d26daeffc,2026-11-11T11:05:56,1379.39,merchant_demo_001
txn_b7c024385ad5,acct_8d26daeffc,2026-05-19T11:05:56,3990.53,merchant_demo_001
txn_ec0743e265b6,acct_8d26daeffc,2026-06-24T11:05:56,2954.79,merchant_demo_001
txn_746a6fadeed7,acct_8d26daeffc,2026-12-04T11:05:56,3997.56,merchant_demo_001
txn_434cb2031a6e,acct_8d26daeffc,2026-04-17T11:05:56,3622.64,merchant_demo_001
txn_6cff3100dbd9,acct_c1db556098,2026-08-30T23:33:51,1834.44,merchant_demo_001
txn_fe4c752d7a43,acct_c1db556098,2026-09-19T23:33:51,2211.1,merchant_demo_001
txn_fe0744e1eb43,acct_c1db556098,2027-03-04T23:33:51,2387.33,merchant_demo_001
txn_edcd423d0d1d,acct_f3a388e4e0,2027-02-17T02:37:36,1963.96,merchant_demo_001
txn_a869664fca68,acct_f3a388e4e0,2027-08-07T02:37:36,2993.5,merchant_demo_001
txn_58c396aa54b9,acct_f3a388e4e0,2027-04-14T02:37:36,1942.42,merchant_demo_001
txn_030e72f8b6c7,acct_19caf0acc4,2026-08-06T14:03:52,1082.68,merchant_demo_001
txn_579f72f6b4f3,acct_263f32e5eb,2025-10-26T18:40:34,441.44,merchant_demo_001
txn_ae077127b055,acct_263f32e5eb,2026-02-14T18:40:34,1463.48,merchant_demo_001
txn_b0bb20bb5791,acct_263f32e5eb,2025-09-03T18:40:34,2700.66,merchant_demo_001
txn_6050f7a60378,acct_9c36d9f535,2026-02-13T10:01:09,1693.6,merchant_demo_001
txn_a02a23f56cd3,acct_3d5b237e70,2025-08-05T11:27:51,2564.83,merchant_demo_001
txn_82663ebc61cb,acct_3d5b237e70,2025-08-23T11:27:51,967.56,merchant_demo_001
txn_fdcd05eabc5a,acct_3d5b237e70,2025-09-22T11:27:51,2999.93,merchant_demo_001
txn_da76fb20e8fe,acct_3d5b237e70,2025-08-14T11:27:51,3943.31,merchant_demo_001
txn_288a4df61607,acct_3d5b237e70,2025-09-08T11:27:51,2899.8,merchant_demo_001
txn_12015d0f99ec,acct_e80dda7544,2026-11-28T06:15:41,4228.99,merchant_demo_001
txn_9239badefa4d,acct_e80dda7544,2026-09-28T06:15:41,608.57,merchant_demo_001
txn_6ead1fdbf485,acct_e80dda7544,2026-10-27T06:15:41,117.05,merchant_demo_001
txn_3fa12776cc1e,acct_e80dda7544,2026-11-15T06:15:41,726.71,merchant_demo_001
txn_ed784979398f,acct_188bccceb6,2026-03-02T18:05:44,3601.15,merchant_demo_001
txn_0f4c3d5a3527,acct_188bccceb6,2025-03-30T18:05:44,1365.19,merchant_demo_001
txn_3b8f1f9236e8,acct_188bccceb6,2025-08-14T18:05:44,656.57,merchant_demo_001
txn_415ccaac5224,acct_40b025cf8c,2025-09-02T12:51:44,4988.6,merchant_demo_001
txn_7cb66affbe3c,acct_40b025cf8c,2025-12-20T12:51:44,3270.79,merchant_demo_001
txn_ee9cfece03e1,acct_40b025cf8c,2026-06-01T12:51:44,1017.3,merchant_demo_001
txn_bbbcba091cb4,acct_8f5bd00f66,2026-12-12T00:26:36,4092.06,merchant_demo_001
txn_a6358cbf7745,acct_8f5bd00f66,2026-10-15T00:26:36,3894.92,merchant_demo_001
txn_a1fbca115534,acct_c1d48197a4,2025-06-20T09:12:55,3606.05,merchant_demo_001
txn_c5a3dbaa9174,acct_c1d48197a4,2025-03-31T09:12:55,2291.39,merchant_demo_001
txn_b3d4c5be42c3,acct_c1d48197a4,2025-09-30T09:12:55,1139.05,merchant_demo_001
txn_bacf962ab3eb,acct_63dc142229,2025-08-13T20:24:57,566.04,merchant_demo_001
txn_b5cf775e8929,acct_63dc142229,2026-04-03T20:24:57,4523.15,merchant_demo_001
txn_cc79e8241c27,acct_63dc142229,2025-05-05T20:24:57,2694.08,merchant_demo_001
txn_a193c2f416ef,acct_63dc142229,2026-04-06T20:24:57,3667.81,merchant_demo_001
txn_5010b4cf80a6,acct_051b41f1ec,2026-10-08T18:26:38,4118.66,merchant_demo_001
txn_7f76d8512bb7,acct_051b41f1ec,2026-04-05T18:26:38,753.34,merchant_demo_001
txn_59044f8b1e72,acct_051b41f1ec,2026-03-12T18:26:38,443.03,merchant_demo_001
txn_96480c96d76b,acct_051b41f1ec,2027-01-18T18:26:38,2767.46,merchant_demo_001
txn_fcd119f0ac62,acct_6d194f6742,2027-05-08T03:33:10,1440.21,merchant_demo_001
txn_98c05ceef7b3,acct_aa4684a004,2026-02-25T22:47:38,1845.6,merchant_demo_001
txn_86a8b478ba9f,acct_aa4684a004,2026-10-12T22:47:38,1432.83,merchant_demo_001
txn_1a650c2d130c,acct_dbe85dfcf7,2025-08-04T16:03:49,4451.44,merchant_demo_001
txn_8f947b72ef51,acct_a1e9239ba2,2026-03-17T13:32:37,1335.82,merchant_demo_001
txn_586f7c0965ac,acct_a1e9239ba2,2026-07-08T13:32:37,3269.91,merchant_demo_001
txn_d1a40686df48,acct_a1e9239ba2,2026-07-07T13:32:37,2515.37,merchant_demo_001
txn_a8c954ab78c6,acct_a1e9239ba2,2025-09-20T13:32:37,2511.24,merchant_demo_001
txn_5daafb3f4dd0,acct_a1e9239ba2,2026-06-19T13:32:37,4826.12,merchant_demo_001
txn_7e1c2d76dcd7,acct_ee1847b65b,2026-02-17T02:53:58,2668.73,merchant_demo_001
txn_aa67eae2f87a,acct_bfbf50319e,2026-05-09T14:55:45,4110.76,merchant_demo_001
txn_bee684c0d0d0,acct_bfbf50319e,2025-08-16T14:55:45,4529.44,merchant_demo_001
txn_4c76757eb7cc,acct_bfbf50319e,2025-12-17T14:55:45,2292.18,merchant_demo_001
txn_3aa02e964a54,acct_26a55b3131,2025-10-10T07:58:05,2031.51,merchant_demo_001
txn_3f2d8e58c23a,acct_26a55b3131,2025-08-16T07:58:05,2063.35,merchant_demo_001
txn_44bcaa4b3a68,acct_26a55b3131,2025-06-11T07:58:05,2366.75,merchant_demo_001
txn_612cf0bc56a8,acct_26a55b3131,2025-04-30T07:58:05,1429.35,merchant_demo_001
txn_6bacf97adece,acct_26a55b3131,2025-04-04T07:58:05,3246.24,merchant_demo_001
txn_401b1ef88783,acct_213837efa1,2025-08-04T22:52:49,3516.32,merchant_demo_001
txn_38e75dba03e3,acct_83cbf01b91,2025-09-07T03:42:22,4665.52,merchant_demo_001
txn_848b28e14e33,acct_83cbf01b91,2025-02-27T03:42:22,171.7,merchant_demo_001
txn_a6a76ec38917,acct_530efe0ddb,2025-07-13T21:12:27,3262.93,merchant_demo_001
txn_a40807e4c4ad,acct_530efe0ddb,2025-12-31T21:12:27,4921.21,merchant_demo_001
txn_9f3579dfeda8,acct_530efe0ddb,2025-02-15T21:12:27,175.32,merchant_demo_001
txn_358bb8965088,acct_ec4bdfaa44,2026-03-07T12:22:14,4288.86,merchant_demo_001
txn_162dc60e03b5,acct_ec4bdfaa44,2025-10-02T12:22:14,3660.97,merchant_demo_001
txn_6dc154034327,acct_7bb5fc20ff,2026-09-04T08:26:24,972.23,merchant_demo_001
txn_d8e552787ee8,acct_55853a55cf,2026-04-28T19:26:35,4241.08,merchant_demo_001
txn_f71a87f7aac0,acct_55853a55cf,2025-08-31T19:26:35,643.58,merchant_demo_001
txn_3292a45090c6,acct_55853a55cf,2025-06-06T19:26:35,3040.87,merchant_demo_001
txn_cd2b9b36ba5e,acct_55853a55cf,2025-09-17T19:26:35,4839.91,merchant_demo_001
txn_0e712962374d,acct_8fa13aa459,2027-05-14T21:30:54,4596.44,merchant_demo_001
txn_2b14ccd2a963,acct_f21f613a6b,2026-08-05T08:04:23,4040.31,merchant_demo_001
txn_bc8035dba6e5,acct_f21f613a6b,2026-10-29T08:04:23,479.88,merchant_demo_001
txn_acbc2d53fca6,acct_f21f613a6b,2026-01-31T08:04:23,4546.74,merchant_demo_001
txn_86fa1860436a,acct_f21f613a6b,2026-02-17T08:04:23,652.03,merchant_demo_001
txn_9ffbce3d6ce6,acct_16f09048a4,2026-05-10T16:39:05,1762.02,merchant_demo_001
txn_1e935410d54c,acct_16f09048a4,2026-06-24T16:39:05,813.16,merchant_demo_001
txn_e626dc71f4fa,acct_16f09048a4,2026-07-28T16:39:05,1984.29,merchant_demo_001
txn_f3dd71fb76ab,acct_16f09048a4,2026-06-30T16:39:05,182.61,merchant_demo_001
txn_d262ed237a64,acct_a03b2e70b7,2026-07-30T01:25:23,3644.96,merchant_demo_001
txn_41cdde1de43d,acct_a03b2e70b7,2026-06-14T01:25:23,3931.26,merchant_demo_001
txn_fbbc58b07f81,acct_4eee3aadc7,2026-04-14T11:56:05,3609.73,merchant_demo_001
txn_7471add13783,acct_4eee3aadc7,2026-05-15T11:56:05,1793.63,merchant_demo_001
txn_900df05de92a,acct_26d7866861,2025-12-23T01:53:54,1105.38,merchant_demo_001
txn_7023091b4171,acct_26d7866861,2025-12-22T23:59:54,784.38,merchant_demo_001
txn_b9b337afc032,acct_26d7866861,2025-12-22T23:37:54,3217.69,merchant_demo_001
txn_130554c9d258,acct_63390cb17a,2026-09-29T21:25:17,3511.59,merchant_demo_001
txn_6b2e0f349582,acct_63390cb17a,2026-09-10T21:25:17,4473.43,merchant_demo_001
txn_bef946b40e71,acct_63390cb17a,2027-04-09T21:25:17,3059.22,merchant_demo_001
txn_bb7f6eb29dbe,acct_63390cb17a,2026-06-05T21:25:17,1472.28,merchant_demo_001
txn_11b7d3977e56,acct_bb2e45a7e1,2026-10-25T07:26:03,3482.79,merchant_demo_001
txn_9a8b689300ac,acct_bb2e45a7e1,2026-12-11T07:26:03,4166.4,merchant_demo_001
txn_a2d731fab305,acct_bb2e45a7e1,2026-12-11T07:26:03,1802.49,merchant_demo_001
txn_043e7572ac1d,acct_bb2e45a7e1,2026-01-11T07:26:03,1171.85,merchant_demo_001
txn_e25c5de8c3d3,acct_238c6a73dc,2025-12-22T00:58:15,2561.02,merchant_demo_001
txn_97e4aea69040,acct_238c6a73dc,2025-11-25T00:58:15,2374.24,merchant_demo_001
txn_77c97d3c008e,acct_238c6a73dc,2025-12-24T00:58:15,4541.62,merchant_demo_001
txn_1e70f413c926,acct_238c6a73dc,2026-08-17T00:58:15,4881.81,merchant_demo_001
txn_ab92afe91953,acct_79dc14eb57,2027-04-04T03:22:23,977.82,merchant_demo_001
txn_6dfa781ffd3b,acct_e74c6074cb,2026-06-20T15:18:37,3950.17,merchant_demo_001
txn_d52ee4472e7c,acct_e74c6074cb,2025-12-09T15:18:37,3834.23,merchant_demo_001
txn_cf5fae2ace24,acct_e74c6074cb,2025-12-29T15:18:37,4157.34,merchant_demo_001
txn_b1224cc4cef5,acct_e74c6074cb,2026-01-19T15:18:37,1936.61,merchant_demo_001
txn_75d32f7213f6,acct_e74c6074cb,2025-11-28T15:18:37,120.09,merchant_demo_001
txn_9bf4aee495d9,acct_17d35654f3,2025-03-06T01:09:32,2012.31,merchant_demo_001
txn_1429b006e1ca,acct_e65656b7f8,2027-04-19T16:37:44,4234.34,merchant_demo_001
txn_cdaa5477e0f7,acct_e65656b7f8,2027-03-03T16:37:44,1150.19,merchant_demo_001
txn_b3e3bebde611,acct_e65656b7f8,2027-03-05T16:37:44,3404.97,merchant_demo_001
txn_7b11ca8e2369,acct_40a50482bb,2027-04-29T08:26:31,493.72,merchant_demo_001
txn_40886b0bbf18,acct_40a50482bb,2027-01-10T08:26:31,3347.79,merchant_demo_001
txn_ac2c9d73a7e2,acct_19a6b51824,2026-06-12T03:38:45,3822.12,merchant_demo_001
txn_605cd001cf9f,acct_19a6b51824,2026-03-15T03:38:45,4304.67,merchant_demo_001
txn_9e21cccaec22,acct_19a6b51824,2026-07-19T03:38:45,2042.56,merchant_demo_001
txn_ec68bb3af779,acct_19a6b51824,2025-09-25T03:38:45,1655.34,merchant_demo_001
txn_65672a234a5c,acct_e7719280f4,2026-02-19T11:42:56,768.49,merchant_demo_001
txn_02260c64f6f6,acct_e7719280f4,2026-02-19T12:04:56,4911.65,merchant_demo_001
txn_26e64b7fe91c,acct_830ce44b2c,2026-06-28T21:58:47,4763.81,merchant_demo_001
txn_f4afeb0f8359,acct_830ce44b2c,2027-04-16T21:58:47,2566.37,merchant_demo_001
txn_c987cb21cd34,acct_03f9b9dbfc,2027-02-21T16:00:36,3056.77,merchant_demo_001
txn_1c1efc00371a,acct_adcad8d01d,2026-06-30T21:31:51,1763.23,merchant_demo_001
txn_8f2aba66517b,acct_adcad8d01d,2027-03-22T21:31:51,4297.42,merchant_demo_001
txn_8c0a350dbf10,acct_adcad8d01d,2027-01-27T21:31:51,813.7,merchant_demo_001
txn_b8d866b7705f,acct_3c158fcb53,2026-03-26T10:00:43,3684.55,merchant_demo_001
txn_100d497d38d4,acct_3c158fcb53,2026-06-24T10:00:43,2054.89,merchant_demo_001
txn_1feae5ef5edc,acct_8c599c4d08,2026-08-29T23:16:22,4114.21,merchant_demo_001
txn_a5600cc3c52d,acct_8c599c4d08,2027-04-09T23:16:22,4964.87,merchant_demo_001
txn_b0a08cf825b5,acct_8c599c4d08,2026-11-16T23:16:22,1094.76,merchant_demo_001
txn_be5b959fae80,acct_8c599c4d08,2027-04-28T23:16:22,294.08,merchant_demo_001
txn_8b50768487ec,acct_4046a4d044,2026-04-04T17:04:33,4173.92,merchant_demo_001
txn_4700ddf3f339,acct_4046a4d044,2026-10-22T17:04:33,3962.26,merchant_demo_001
txn_d1fd53e57d6e,acct_4046a4d044,2026-08-03T17:04:33,4329.24,merchant_demo_001
txn_3da3752e4805,acct_4046a4d044,2026-04-05T17:04:33,380.01,merchant_demo_001
txn_761e05da3e15,acct_e625e1706a,2026-05-11T05:07:58,324.34,merchant_demo_001
txn_6f834ff41ebf,acct_728462b631,2026-09-06T06:08:35,3975.26,merchant_demo_001
txn_20447bd669e3,acct_728462b631,2026-02-09T06:08:35,567.48,merchant_demo_001
txn_cc6d6e3115d3,acct_728462b631,2026-01-19T06:08:35,81.25,merchant_demo_001
txn_412bf9466038,acct_728462b631,2026-08-29T06:08:35,1610.51,merchant_demo_001
txn_85f061e033de,acct_722064d865,2025-10-06T06:45:31,3872.24,merchant_demo_001
txn_6ef15755d375,acct_722064d865,2026-04-02T06:45:31,2830.34,merchant_demo_001
txn_af3e2ba4206c,acct_722064d865,2025-07-18T06:45:31,117.08,merchant_demo_001
txn_9011e8c227b6,acct_722064d865,2026-04-05T06:45:31,405.1,merchant_demo_001
txn_a67c68679fc9,acct_722064d865,2026-06-03T06:45:31,1957.57,merchant_demo_001
txn_45e70f1b054a,acct_232c33ff11,2026-06-12T12:11:58,333.79,merchant_demo_001
txn_2b199232da49,acct_232c33ff11,2025-12-02T12:11:58,3336.65,merchant_demo_001
txn_826468a15a59,acct_232c33ff11,2025-11-03T12:11:58,2876.01,merchant_demo_001
txn_7d535b8425c2,acct_232c33ff11,2026-07-12T12:11:58,2393.96,merchant_demo_001
txn_3b4fd6a78672,acct_ff17625b58,2026-03-24T08:30:35,363.12,merchant_demo_001
txn_380f6ec972d7,acct_ff17625b58,2026-09-17T08:30:35,1420.4,merchant_demo_001
txn_ce97c95417d0,acct_ff17625b58,2026-05-09T08:30:35,272.91,merchant_demo_001
txn_38ccc8d127cf,acct_eb1d79fe9f,2025-06-25T23:15:12,2864.95,merchant_demo_001
txn_579df8d6dc34,acct_eb1d79fe9f,2025-05-17T23:15:12,4687.08,merchant_demo_001
txn_6de47c3e8784,acct_eb1d79fe9f,2026-01-20T23:15:12,383.1,merchant_demo_001
txn_5f9ec13972a0,acct_f90559977d,2025-09-15T22:43:15,4887.9,merchant_demo_001
txn_1959d2a34320,acct_b4285bbc90,2025-06-27T13:54:29,433.59,merchant_demo_001
txn_7d74cb531b34,acct_b4285bbc90,2026-06-18T13:54:29,4595.64,merchant_demo_001
txn_e004dec45f31,acct_b4285bbc90,2025-11-13T13:54:29,1683.24,merchant_demo_001
txn_7183b5293083,acct_38749d2d57,2025-07-05T21:45:55,2869.4,merchant_demo_001
txn_c74d92c42bd3,acct_38749d2d57,2026-06-05T21:45:55,502.05,merchant_demo_001
txn_a121600623dc,acct_38749d2d57,2026-07-01T21:45:55,1911.08,merchant_demo_001
txn_6a4b713f9540,acct_870b2fc9bc,2027-01-21T12:54:38,1639.15,merchant_demo_001
txn_8a046e1219ba,acct_870b2fc9bc,2026-12-30T12:54:38,2508.42,merchant_demo_001
txn_cce3912d4b85,acct_c12e7c0d26,2026-07-05T11:52:30,2411.94,merchant_demo_001
txn_4ae0f8cb9130,acct_c12e7c0d26,2026-06-05T11:52:30,4065.46,merchant_demo_001
txn_8f8f53c77bcd,acct_55de3970a3,2026-07-27T13:00:53,885.2,merchant_demo_001
txn_1444ba5e39e9,acct_adac1878ef,2027-01-29T14:13:54,123.8,merchant_demo_001
txn_c93cc05128e6,acct_adac1878ef,2027-01-06T14:13:54,4341.04,merchant_demo_001
txn_d744db4867e8,acct_f64b390686,2025-06-19T17:45:32,722.98,merchant_demo_001
txn_452e53b7789a,acct_f64b390686,2026-04-04T17:45:32,494.54,merchant_demo_001
txn_c9d41739c287,acct_f64b390686,2025-10-05T17:45:32,412.79,merchant_demo_001
txn_f77f3c1ee4ca,acct_f64b390686,2025-08-12T17:45:32,2879.29,merchant_demo_001
txn_2487c279233f,acct_a7dd9233b9,2027-04-18T09:57:09,2047.49,merchant_demo_001
txn_7bc09a59e99f,acct_a7dd9233b9,2027-03-04T09:57:09,2854.32,merchant_demo_001
txn_778220b224fe,acct_a7dd9233b9,2027-01-23T09:57:09,2059.62,merchant_demo_001
txn_4be47b1a308f,acct_a7dd9233b9,2027-03-21T09:57:09,4776.71,merchant_demo_001
txn_a0a4813b684c,acct_b11d49e6ba,2025-09-12T11:08:29,417.26,merchant_demo_001
txn_c7382ea0e401,acct_b11d49e6ba,2025-09-26T11:08:29,2478.22,merchant_demo_001
txn_8e5e5defc3a4,acct_67726d3057,2026-02-07T12:51:27,445.52,merchant_demo_001
txn_cc682dc64d88,acct_67726d3057,2026-08-16T12:51:27,4926.2,merchant_demo_001
txn_450f779867c8,acct_67726d3057,2026-01-14T12:51:27,702.67,merchant_demo_001
txn_c3dede997c0e,acct_67726d3057,2026-09-10T12:51:27,1977.55,merchant_demo_001
txn_17de7d773288,acct_8a33d31217,2026-10-21T18:18:05,4797.76,merchant_demo_001
txn_8a784cb846e9,acct_cb83f5af8a,2027-03-19T07:51:28,2697.09,merchant_demo_001
txn_c04389f74321,acct_cb83f5af8a,2027-02-19T07:51:28,3261.3,merchant_demo_001
txn_6f9ffce5cc42,acct_cb83f5af8a,2027-01-22T07:51:28,1794.46,merchant_demo_001
txn_6d74830e81b3,acct_cb83f5af8a,2027-05-13T07:51:28,4683.05,merchant_demo_001
txn_f0056577c371,acct_cb83f5af8a,2027-05-10T07:51:28,3440.44,merchant_demo_001
txn_0e20f6091461,acct_becccead64,2026-10-09T21:01:58,620.68,merchant_demo_001
txn_df41b8aa71c7,acct_becccead64,2026-08-13T21:01:58,3168.33,merchant_demo_001
txn_8fb0fa41345f,acct_becccead64,2027-01-09T21:01:58,1677.64,merchant_demo_001
txn_03c65af7a31f,acct_618d8de2b6,2025-08-20T09:32:14,4771.37,merchant_demo_001
txn_afe66f4ec9a1,acct_618d8de2b6,2026-07-15T09:32:14,3639.15,merchant_demo_001
txn_79ba2783bfee,acct_5ade9f016b,2027-06-12T07:54:31,1707.61,merchant_demo_001
txn_68ec59e8abac,acct_5ade9f016b,2026-11-17T07:54:31,667.21,merchant_demo_001
txn_4ad78af4dc11,acct_5ade9f016b,2026-08-13T07:54:31,834.77,merchant_demo_001
txn_859902b37db8,acct_5ade9f016b,2027-05-17T07:54:31,392.8,merchant_demo_001
txn_33d5fa7f253e,acct_5ade9f016b,2026-08-02T07:54:31,3884.25,merchant_demo_001
txn_261a4b01de07,acct_df42c89a6b,2025-05-20T10:09:00,1397.82,merchant_demo_001
txn_56ed1bf3db17,acct_df42c89a6b,2025-05-20T09:45:00,2837.05,merchant_demo_001
txn_f5da20606d2c,acct_8009514418,2026-11-05T09:37:20,2425.69,merchant_demo_001
txn_dc782cd5c8e1,acct_8009514418,2027-06-12T09:37:20,297.21,merchant_demo_001
txn_75ad34ae559d,acct_8009514418,2026-08-23T09:37:20,2133.28,merchant_demo_001
txn_dc69df1b3258,acct_8009514418,2027-03-27T09:37:20,2348.12,merchant_demo_001
txn_ba351046ccad,acct_a5d5569db9,2026-02-14T22:56:07,2746.54,merchant_demo_001
txn_62f266bc4b24,acct_a5d5569db9,2026-10-04T22:56:07,2204.53,merchant_demo_001
txn_8512961d8739,acct_a5d5569db9,2026-04-02T22:56:07,1523.83,merchant_demo_001
txn_709de80e7f42,acct_a6cbe9cb6c,2026-07-31T08:40:42,2278.19,merchant_demo_001
txn_346593fae023,acct_a6cbe9cb6c,2026-03-08T08:40:42,4429.83,merchant_demo_001
txn_f92ca72d1460,acct_a6cbe9cb6c,2025-11-15T08:40:42,2127.96,merchant_demo_001
txn_4b76bab10981,acct_a6cbe9cb6c,2026-01-12T08:40:42,1959.0,merchant_demo_001
txn_4a8633f890a1,acct_652eb7a94f,2026-11-01T23:27:50,3468.6,merchant_demo_001
txn_93e7d7d2e1ac,acct_652eb7a94f,2026-04-14T23:27:50,1321.81,merchant_demo_001
txn_a6016a95866b,acct_652eb7a94f,2026-09-13T23:27:50,213.48,merchant_demo_001
txn_d3d0275db242,acct_1877c90c25,2025-07-16T04:54:59,1797.37,merchant_demo_001
txn_0a8aed00c48b,acct_1877c90c25,2026-03-05T04:54:59,1141.92,merchant_demo_001
txn_1ea6585a3517,acct_1877c90c25,2025-06-22T04:54:59,236.29,merchant_demo_001
txn_9c760792b3bf,acct_1877c90c25,2026-03-26T04:54:59,1961.3,merchant_demo_001
txn_dff3230bddf7,acct_a816995c8c,2026-10-12T08:42:43,2161.79,merchant_demo_001
txn_409aa6fd7301,acct_a816995c8c,2026-04-01T08:42:43,4816.29,merchant_demo_001
txn_7a2a54b7cce5,acct_a816995c8c,2026-08-09T08:42:43,441.44,merchant_demo_001
txn_c633229c2024,acct_5503ea8bfb,2027-05-21T19:00:52,1822.56,merchant_demo_001
txn_90c6f1959ef8,acct_5503ea8bfb,2027-04-10T19:00:52,3494.93,merchant_demo_001
txn_11f50c1971b5,acct_5503ea8bfb,2026-10-15T19:00:52,1639.43,merchant_demo_001
txn_d4122762c009,acct_5503ea8bfb,2026-07-18T19:00:52,3488.87,merchant_demo_001
txn_107b217364f0,acct_5503ea8bfb,2027-04-22T19:00:52,2356.46,merchant_demo_001
txn_5d6cf2a2b467,acct_e75a310b8f,2025-07-12T01:31:40,1871.63,merchant_demo_001
txn_1c22b70c9626,acct_cf6cf2b8dd,2025-08-11T23:12:10,2668.63,merchant_demo_001
txn_b00532cc7e08,acct_261dfe1102,2027-02-14T22:34:16,3388.38,merchant_demo_001
txn_f25c84f13208,acct_261dfe1102,2027-02-21T22:34:16,1533.56,merchant_demo_001
txn_f8ebbe876537,acct_261dfe1102,2026-08-27T22:34:16,4273.96,merchant_demo_001
txn_8785e97ba6b0,acct_261dfe1102,2027-05-28T22:34:16,1485.41,merchant_demo_001
txn_9e712ce44a01,acct_e99257b0dc,2027-03-02T09:45:01,4257.2,merchant_demo_001
txn_b6e048dc7e0e,acct_e99257b0dc,2027-02-04T09:45:01,3829.08,merchant_demo_001
txn_4737ca96e1df,acct_e99257b0dc,2027-02-26T09:45:01,1997.68,merchant_demo_001
txn_890249d127ff,acct_e99257b0dc,2026-09-10T09:45:01,2099.04,merchant_demo_001
txn_86ff76841709,acct_e99257b0dc,2026-11-27T09:45:01,1277.67,merchant_demo_001
txn_b6a9824d001d,acct_356955caa3,2026-10-26T10:14:27,1345.54,merchant_demo_001
txn_695c4e3340fe,acct_356955caa3,2026-03-04T10:14:27,3739.38,merchant_demo_001
txn_951cd76bda04,acct_356955caa3,2026-03-12T10:14:27,3559.73,merchant_demo_001
txn_69f69b10f3be,acct_99be54d965,2026-06-17T02:06:57,3079.33,merchant_demo_001
txn_b8a5972c7f17,acct_8ea8c60154,2025-10-29T19:27:45,4643.62,merchant_demo_001
txn_d2f510c1e5eb,acct_8ea8c60154,2025-11-08T19:27:45,1260.71,merchant_demo_001
txn_44faa8135fee,acct_8ea8c60154,2025-11-18T19:27:45,1250.17,merchant_demo_001
txn_c32f507fafbe,acct_8ea8c60154,2026-01-07T19:27:45,4726.51,merchant_demo_001
txn_96e1a349e27d,acct_885691886a,2026-06-18T01:44:49,2912.68,merchant_demo_001
txn_44ca695b9255,acct_885691886a,2026-06-22T01:44:49,1170.75,merchant_demo_001
txn_5744430be0e6,acct_885691886a,2026-06-15T01:44:49,4391.51,merchant_demo_001
txn_2daff3254cbd,acct_e4709fea53,2026-07-30T09:36:21,2652.83,merchant_demo_001
txn_1cc338002443,acct_e4709fea53,2027-07-03T09:36:21,4192.02,merchant_demo_001
txn_f2c87071caea,acct_e4709fea53,2027-07-15T09:36:21,2828.72,merchant_demo_001
txn_8db961cc9871,acct_4750f47807,2025-08-11T21:11:14,286.33,merchant_demo_001
txn_3f9b5bd1cb33,acct_4750f47807,2025-10-04T21:11:14,2527.5,merchant_demo_001
txn_96a6bc3f4ec9,acct_b5500b61e1,2027-02-25T13:50:05,3628.6,merchant_demo_001
txn_778d34ca411e,acct_b5500b61e1,2027-04-27T13:50:05,4679.14,merchant_demo_001
txn_a958e142154c,acct_a5a52b0d39,2025-06-17T03:36:58,4096.98,merchant_demo_001
txn_cd5efa662ad0,acct_a5a52b0d39,2025-06-16T03:36:58,3864.16,merchant_demo_001
txn_789b4d5a35a6,acct_a5a52b0d39,2025-06-08T03:36:58,2934.05,merchant_demo_001
txn_b9dd5f8770f5,acct_1b4b83e70f,2025-07-07T10:10:05,1283.43,merchant_demo_001
txn_1d0f0241eb26,acct_1b4b83e70f,2025-07-09T10:10:05,4838.32,merchant_demo_001
txn_839d67451806,acct_1b4b83e70f,2026-06-10T10:10:05,2876.48,merchant_demo_001
txn_2d5a7ff77034,acct_8fab16d46d,2025-08-20T07:12:50,3471.8,merchant_demo_001
txn_ae36e17ffa90,acct_823fe962f7,2026-12-18T04:59:28,3820.33,merchant_demo_001
txn_13d310096918,acct_ef57baa706,2025-12-30T18:15:08,1541.73,merchant_demo_001
txn_f862dc347832,acct_ef57baa706,2026-04-07T18:15:08,1771.35,merchant_demo_001
txn_ecb21734e17a,acct_ef57baa706,2025-12-09T18:15:08,3169.97,merchant_demo_001
txn_34e4ec5e1249,acct_ef57baa706,2026-02-12T18:15:08,1884.19,merchant_demo_001
txn_d424d9b13890,acct_690646d1b2,2027-02-19T02:22:34,702.96,merchant_demo_001
txn_4f818528d9c6,acct_690646d1b2,2027-05-29T02:22:34,672.02,merchant_demo_001
txn_f100cd44b646,acct_690646d1b2,2026-08-29T02:22:34,100.3,merchant_demo_001
txn_d0e4e6f768f0,acct_690646d1b2,2026-09-27T02:22:34,1426.78,merchant_demo_001
txn_ba3171f3c9e1,acct_f8a910f569,2025-07-13T13:16:18,1938.43,merchant_demo_001
txn_d387e9ef8a0e,acct_f8a910f569,2025-03-12T13:16:18,784.49,merchant_demo_001
txn_75de2ccfeb1f,acct_f8a910f569,2025-12-17T13:16:18,1156.06,merchant_demo_001
txn_cb0753e349eb,acct_f8a910f569,2025-03-07T13:16:18,4123.65,merchant_demo_001
txn_a6c7c0eaf550,acct_ca9ea7aebf,2027-06-15T17:26:09,4379.48,merchant_demo_001
txn_e55ba9379dab,acct_ca9ea7aebf,2026-07-27T17:26:09,724.98,merchant_demo_001
txn_aec29df6dca6,acct_f3b2bfadbb,2026-08-13T01:55:47,3682.5,merchant_demo_001
txn_5246edaf9211,acct_cfee0216f0,2026-06-19T07:05:04,4299.43,merchant_demo_001
txn_e3becce79acd,acct_cfee0216f0,2026-07-01T07:05:04,2667.39,merchant_demo_001
txn_e59a4c4e9721,acct_cfee0216f0,2026-10-31T07:05:04,1988.45,merchant_demo_001
txn_ebd2645ec1a7,acct_cfee0216f0,2026-06-18T07:05:04,2932.63,merchant_demo_001
txn_0856aef5c9cb,acct_dda93befde,2026-02-25T05:51:07,2799.12,merchant_demo_001
txn_903a899dbc2b,acct_dda93befde,2026-10-02T05:51:07,4855.72,merchant_demo_001
txn_aff7c4b960ee,acct_dda93befde,2026-04-05T05:51:07,4617.35,merchant_demo_001
txn_8650e287fb09,acct_dda93befde,2027-01-02T05:51:07,1131.08,merchant_demo_001
txn_38fd57699467,acct_0419af3fde,2026-05-24T07:39:04,3543.79,merchant_demo_001
txn_4c9f0d11dc3a,acct_5a1da0d9b7,2026-06-09T04:06:36,986.31,merchant_demo_001
txn_b538d3e33eda,acct_5a1da0d9b7,2026-06-09T05:48:36,1669.92,merchant_demo_001
txn_68d62a1965c9,acct_5a1da0d9b7,2026-06-09T04:29:36,1145.37,merchant_demo_001
txn_f58bc021331a,acct_8c248d905e,2026-06-26T20:25:41,4676.02,merchant_demo_001
txn_ed3e9de4bd3e,acct_bd5f2002ac,2025-07-13T13:54:39,287.89,merchant_demo_001
txn_0a86db6a024b,acct_bd5f2002ac,2025-04-19T13:54:39,1518.29,merchant_demo_001
txn_6394030c356e,acct_bd5f2002ac,2025-04-08T13:54:39,992.94,merchant_demo_001
txn_e25211678c2a,acct_bd5f2002ac,2025-08-01T13:54:39,829.98,merchant_demo_001
txn_17e2881aef29,acct_bd5f2002ac,2025-12-14T13:54:39,3717.27,merchant_demo_001
txn_f343fac6c351,acct_5362356eda,2025-11-12T15:02:26,1014.77,merchant_demo_001
txn_84534aa70e3f,acct_7a23c56617,2025-08-28T14:59:49,956.4,merchant_demo_001
txn_3413502e3d54,acct_7a23c56617,2025-10-26T14:59:49,1079.17,merchant_demo_001
txn_464faa20c55c,acct_7a23c56617,2025-05-26T14:59:49,142.65,merchant_demo_001
txn_44458f8034f7,acct_7a23c56617,2025-07-28T14:59:49,3333.26,merchant_demo_001
txn_b4d8bfcee4f7,acct_5deb672840,2025-10-23T23:02:54,2546.95,merchant_demo_001
txn_220dee2d3db1,acct_5deb672840,2026-03-14T23:02:54,3390.25,merchant_demo_001
txn_c164f15b7faf,acct_5deb672840,2026-02-24T23:02:54,2011.41,merchant_demo_001
txn_0462e86e4050,acct_5deb672840,2025-12-26T23:02:54,4164.42,merchant_demo_001
txn_f1b21702c0f9,acct_5deb672840,2025-04-10T23:02:54,2783.24,merchant_demo_001
txn_619495185eff,acct_2130594ba8,2026-06-15T02:22:03,3553.84,merchant_demo_001
txn_d59b00e80be5,acct_2130594ba8,2025-08-28T02:22:03,2866.95,merchant_demo_001
txn_60beedbcdb21,acct_2130594ba8,2025-11-07T02:22:03,1938.07,merchant_demo_001
txn_569b1c3ca05c,acct_e4e3437c96,2025-11-09T12:40:24,807.3,merchant_demo_001
txn_96c255fd651c,acct_e4e3437c96,2026-09-14T12:40:24,493.87,merchant_demo_001
txn_b93c585852c4,acct_e4e3437c96,2026-09-19T12:40:24,4862.78,merchant_demo_001
txn_e7eb858454f8,acct_e4e3437c96,2026-05-27T12:40:24,4451.88,merchant_demo_001
txn_56221658dfc6,acct_e4e3437c96,2025-11-16T12:40:24,2355.79,merchant_demo_001
txn_f6117bf4e245,acct_2d4a23d84b,2026-03-12T18:25:58,1545.39,merchant_demo_001
txn_3dc45692aae5,acct_2d4a23d84b,2026-08-03T18:25:58,339.3,merchant_demo_001
txn_29cd3f574e2b,acct_666259d649,2027-02-10T02:42:42,3980.0,merchant_demo_001
txn_ad27f6ad4217,acct_666259d649,2026-11-15T02:42:42,4738.88,merchant_demo_001
txn_15f283e098c3,acct_9607c9e166,2025-05-16T06:41:34,4084.58,merchant_demo_001
txn_b3d05502162c,acct_311f5fc80d,2026-07-20T21:34:45,2139.52,merchant_demo_001
txn_2486ae167d43,acct_311f5fc80d,2026-08-19T21:34:45,946.81,merchant_demo_001
txn_36438025d2fe,acct_311f5fc80d,2027-03-18T21:34:45,1717.03,merchant_demo_001
txn_bff9e3995e7d,acct_311f5fc80d,2027-03-19T21:34:45,4615.29,merchant_demo_001
txn_cfdf7856528b,acct_311f5fc80d,2026-05-19T21:34:45,1034.9,merchant_demo_001
txn_a73dcf7423fa,acct_a5ede8792b,2026-08-02T15:18:09,4970.38,merchant_demo_001
txn_350bdaa49737,acct_a5ede8792b,2026-09-24T15:18:09,3976.38,merchant_demo_001
txn_512ddcf6f7e9,acct_861a207d92,2025-11-05T22:55:34,130.4,merchant_demo_001
txn_661986f7cf3e,acct_a6f94770ec,2026-10-27T08:51:48,2889.4,merchant_demo_001
txn_779deaa24d94,acct_a6f94770ec,2026-05-30T08:51:48,1116.85,merchant_demo_001
txn_735d7660f63d,acct_a6f94770ec,2026-04-10T08:51:48,1187.12,merchant_demo_001
txn_c31b4b872572,acct_b228d255ab,2025-11-15T06:22:16,1305.51,merchant_demo_001
txn_5c79cbac968e,acct_b228d255ab,2026-04-02T06:22:16,2232.82,merchant_demo_001
txn_c21cdfd937d6,acct_d290fdfafc,2026-06-11T21:04:56,4509.47,merchant_demo_001
txn_c7d8bf7d67a1,acct_3613c20c43,2025-06-11T06:32:22,4667.43,merchant_demo_001
txn_2be221c9b8a6,acct_3613c20c43,2025-06-11T05:01:22,2215.82,merchant_demo_001
txn_b8a63f2630d9,acct_6ea1d494dd,2025-03-21T21:13:49,3890.73,merchant_demo_001
txn_3c797b96198f,acct_6ea1d494dd,2025-11-16T21:13:49,3069.31,merchant_demo_001
txn_83b6313f2def,acct_6ea1d494dd,2026-01-27T21:13:49,4078.46,merchant_demo_001
txn_b2e65670e36d,acct_6ea1d494dd,2025-05-15T21:13:49,4498.29,merchant_demo_001
txn_e32c7c4e59b4,acct_8e077f9e95,2026-08-02T04:36:42,1426.07,merchant_demo_001
txn_1ade13532721,acct_277ab0b93c,2026-04-02T13:54:30,327.45,merchant_demo_001
txn_dd49391554b8,acct_277ab0b93c,2026-03-14T13:54:30,4555.66,merchant_demo_001
txn_10044b4e9106,acct_277ab0b93c,2026-12-27T13:54:30,2929.52,merchant_demo_001
txn_142e10ff6c83,acct_8537c726af,2026-04-29T23:19:41,894.61,merchant_demo_001
txn_d3363510a78e,acct_8537c726af,2025-09-06T23:19:41,1123.08,merchant_demo_001
txn_de7e0f9763c5,acct_8537c726af,2026-08-24T23:19:41,4593.6,merchant_demo_001
txn_0af95c28b0f1,acct_7948c49b1c,2025-12-18T12:06:51,678.93,merchant_demo_001
txn_1b2fa30a7277,acct_7948c49b1c,2026-04-25T12:06:51,2319.34,merchant_demo_001
txn_791ae456f048,acct_a85719cf62,2026-10-23T22:27:06,3995.96,merchant_demo_001
txn_0ef2c88532dc,acct_a85719cf62,2026-11-07T22:27:06,131.11,merchant_demo_001
txn_abf2526dd747,acct_a85719cf62,2026-05-29T22:27:06,3602.61,merchant_demo_001
txn_f18dacdcf58a,acct_a85719cf62,2025-12-31T22:27:06,3326.49,merchant_demo_001
txn_db4a312790ba,acct_a85719cf62,2025-12-15T22:27:06,1498.74,merchant_demo_001
txn_f85d6f2f9ec7,acct_622054cd98,2025-09-13T05:28:00,2224.77,merchant_demo_001
txn_e1617029b771,acct_622054cd98,2026-08-19T05:28:00,2097.26,merchant_demo_001
txn_d51026e18f4e,acct_622054cd98,2025-12-25T05:28:00,3319.74,merchant_demo_001
txn_1cceab4f435f,acct_2f3dca27db,2025-12-01T01:24:03,3661.75,merchant_demo_001
txn_c7d74492c89b,acct_2f3dca27db,2025-05-31T01:24:03,4166.9,merchant_demo_001
txn_d70489eb8f42,acct_2f3dca27db,2025-12-08T01:24:03,3228.86,merchant_demo_001
txn_f01919d3155b,acct_2f3dca27db,2026-03-28T01:24:03,2501.2,merchant_demo_001
txn_ff8e9d24e15b,acct_2f3dca27db,2025-08-20T01:24:03,2098.9,merchant_demo_001
txn_a513b40e23f4,acct_a5d993b31a,2026-10-22T04:35:26,4681.79,merchant_demo_001
txn_779fad8c881f,acct_a5d993b31a,2026-03-22T04:35:26,4632.01,merchant_demo_001
txn_c0e01c2cd2b5,acct_a5d993b31a,2026-01-13T04:35:26,1962.27,merchant_demo_001
txn_49bad35972e5,acct_a5d993b31a,2026-11-11T04:35:26,2731.04,merchant_demo_001
txn_d426d312d910,acct_a5d993b31a,2026-09-19T04:35:26,4368.37,merchant_demo_001
txn_c3496ac6f16e,acct_60f43c2e99,2026-09-27T20:36:39,3953.67,merchant_demo_001
txn_5e5dc280af37,acct_60f43c2e99,2027-03-08T20:36:39,3163.17,merchant_demo_001
txn_dda5c1ce0ee5,acct_60f43c2e99,2026-12-31T20:36:39,2553.66,merchant_demo_001
txn_8bc163871316,acct_60f43c2e99,2026-08-12T20:36:39,940.4,merchant_demo_001
txn_7331b82541c0,acct_7df7c708c0,2026-12-11T08:00:12,248.51,merchant_demo_001
txn_0800216129a1,acct_7df7c708c0,2026-12-04T08:00:12,3920.61,merchant_demo_001
txn_cb74f9402948,acct_7df7c708c0,2026-08-02T08:00:12,1957.12,merchant_demo_001
txn_4539b3affd68,acct_97e57e397d,2026-08-06T00:03:59,3577.43,merchant_demo_001
txn_0bbed581d75c,acct_97e57e397d,2026-11-29T00:03:59,3637.3,merchant_demo_001
txn_704a71ae524b,acct_97e57e397d,2026-05-29T00:03:59,4738.41,merchant_demo_001
txn_0dff67bbd1c5,acct_97e57e397d,2026-11-18T00:03:59,1283.06,merchant_demo_001
txn_09477099f6cd,acct_97e57e397d,2026-06-19T00:03:59,2284.28,merchant_demo_001
txn_0764f5944612,acct_ccb842dec1,2026-06-09T12:11:40,543.66,merchant_demo_001
txn_a1d8c6233afa,acct_89d8269352,2025-10-19T12:42:59,4897.67,merchant_demo_001
txn_e566243930d3,acct_d13640559f,2026-11-12T06:45:49,2316.55,merchant_demo_001
txn_2f4e81612114,acct_b9196f5ae7,2025-07-12T07:08:21,1216.75,merchant_demo_001
txn_f2b512369639,acct_b9196f5ae7,2025-12-15T07:08:21,4913.48,merchant_demo_001
txn_67bbfd426fb6,acct_b9196f5ae7,2026-03-31T07:08:21,2108.85,merchant_demo_001
txn_85f5b92f57e5,acct_b9196f5ae7,2026-07-06T07:08:21,3090.24,merchant_demo_001
txn_608cbde5ad50,acct_b9196f5ae7,2026-05-29T07:08:21,4585.84,merchant_demo_001
txn_9ada2a1022a4,acct_6d5bf946bc,2026-08-15T15:01:05,4282.54,merchant_demo_001
txn_741148092d0a,acct_5852638d94,2026-01-15T18:15:44,3483.25,merchant_demo_001
txn_51db35cfcd99,acct_5852638d94,2026-01-15T19:42:44,4666.04,merchant_demo_001
txn_007af1ea058f,acct_fae4cd6201,2026-03-23T02:45:42,1794.98,merchant_demo_001
txn_6cacf57136ef,acct_fae4cd6201,2026-11-01T02:45:42,4859.54,merchant_demo_001
txn_694f5ec7b5b7,acct_fae4cd6201,2026-11-17T02:45:42,1296.5,merchant_demo_001
txn_417c6d3b3c88,acct_fae4cd6201,2026-07-05T02:45:42,932.1,merchant_demo_001
txn_696a255f99b3,acct_fae4cd6201,2026-06-16T02:45:42,3689.33,merchant_demo_001
txn_5d001a234a68,acct_8471b14760,2026-08-19T03:29:17,555.02,merchant_demo_001
txn_19feb10adfd3,acct_23f51b1933,2025-11-11T07:18:16,4531.31,merchant_demo_001
txn_285ae6270f8d,acct_23f51b1933,2026-03-17T07:18:16,3754.77,merchant_demo_001
txn_294bc5862dc3,acct_7ee79c8288,2025-02-11T12:29:22,2809.9,merchant_demo_001
txn_4f1e9e0dd0ca,acct_21387770d8,2026-08-04T05:06:20,156.25,merchant_demo_001
txn_2b3a8b378fc6,acct_21387770d8,2026-10-08T05:06:20,790.78,merchant_demo_001
txn_74a2cae921f7,acct_8c0c7266cc,2026-07-11T14:11:35,921.93,merchant_demo_001
txn_e72747e727b3,acct_771e081101,2026-11-22T09:00:55,4064.0,merchant_demo_001
txn_6311a7758f69,acct_771e081101,2026-10-05T09:00:55,4401.4,merchant_demo_001
txn_1b619a060166,acct_771e081101,2026-06-20T09:00:55,4257.49,merchant_demo_001
txn_4896fdc14e2f,acct_9090cf52a3,2025-05-08T05:25:25,3713.19,merchant_demo_001
txn_fa6e0a7d804e,acct_9090cf52a3,2025-01-29T05:25:25,3477.16,merchant_demo_001
txn_e0fcd33a225f,acct_577c860b85,2026-10-28T19:14:36,4882.0,merchant_demo_001
txn_32ce3d191851,acct_577c860b85,2026-12-14T19:14:36,1545.11,merchant_demo_001
txn_cedf5d88de7e,acct_042d8950c0,2025-11-08T02:12:29,2535.91,merchant_demo_001
txn_5184e3a0bd24,acct_f53b435786,2026-01-19T04:39:24,2567.44,merchant_demo_001
txn_c5dae99c5b70,acct_f53b435786,2026-03-02T04:39:24,4616.12,merchant_demo_001
txn_ff2b962010a3,acct_f53b435786,2025-05-15T04:39:24,1391.26,merchant_demo_001
txn_d254aedd41c6,acct_f53b435786,2025-05-19T04:39:24,4031.98,merchant_demo_001
txn_98a139634bc0,acct_f53b435786,2025-05-14T04:39:24,4307.9,merchant_demo_001
txn_0e8e14b37d6a,acct_fd7c04247c,2026-02-11T15:00:50,1918.74,merchant_demo_001
txn_e7148ce26966,acct_fd7c04247c,2025-11-13T15:00:50,3437.56,merchant_demo_001
txn_b83a460c9cc2,acct_fd7c04247c,2025-04-04T15:00:50,3079.78,merchant_demo_001
txn_2c7c56bf3788,acct_fd7c04247c,2025-08-06T15:00:50,987.86,merchant_demo_001
txn_65f7af631e7e,acct_fd7c04247c,2026-02-11T15:00:50,2268.57,merchant_demo_001
txn_ba6464be2fbc,acct_bc1dd280af,2026-10-22T07:04:33,3524.85,merchant_demo_001
txn_e0c7a6f5b3c0,acct_bc1dd280af,2026-03-10T07:04:33,2016.44,merchant_demo_001
txn_27dace851229,acct_bc1dd280af,2026-10-27T07:04:33,3306.77,merchant_demo_001
txn_ce31b8b405dd,acct_8823f18d00,2026-11-14T03:05:43,3718.35,merchant_demo_001
txn_040b530eef30,acct_8823f18d00,2026-08-12T03:05:43,1204.2,merchant_demo_001
txn_ff40077cc1fb,acct_6fe87c2681,2026-05-06T01:03:40,4610.35,merchant_demo_001
txn_38ec462b9d62,acct_6fe87c2681,2026-05-17T01:03:40,1628.59,merchant_demo_001
txn_f3d5c8b59f38,acct_09d502e794,2025-11-29T11:32:15,4564.64,merchant_demo_001
txn_007e1d671d06,acct_09d502e794,2026-06-26T11:32:15,810.37,merchant_demo_001
txn_f8059cd32aa0,acct_ab4a45cdf5,2026-03-15T22:49:38,4434.82,merchant_demo_001
txn_1ec600a1582c,acct_ab4a45cdf5,2026-07-30T22:49:38,2736.55,merchant_demo_001
txn_c70ce1cdb0ca,acct_ab4a45cdf5,2026-04-15T22:49:38,4057.13,merchant_demo_001
txn_ae46116cd88f,acct_ab4a45cdf5,2026-04-11T22:49:38,187.5,merchant_demo_001
txn_664564f2c4b3,acct_49c3504b43,2026-10-16T22:47:37,3639.38,merchant_demo_001
txn_17a8aa793afc,acct_49c3504b43,2026-03-17T22:47:37,797.0,merchant_demo_001
txn_ecc047aa2cd8,acct_49c3504b43,2026-05-22T22:47:37,629.28,merchant_demo_001
txn_af723e2c65c1,acct_033965eb06,2026-09-20T02:51:50,2082.04,merchant_demo_001
txn_534efb03f9ed,acct_033965eb06,2025-09-13T02:51:50,800.59,merchant_demo_001
txn_017d6e0c0401,acct_033965eb06,2026-02-01T02:51:50,1613.23,merchant_demo_001
txn_e05a30706c36,acct_118acd0a25,2025-09-26T09:14:08,1201.33,merchant_demo_001
txn_cdd08efc600f,acct_118acd0a25,2025-07-08T09:14:08,2343.2,merchant_demo_001
txn_55de48fd39ce,acct_118acd0a25,2026-03-08T09:14:08,4071.2,merchant_demo_001
txn_9404690d834a,acct_118acd0a25,2026-01-29T09:14:08,2072.6,merchant_demo_001
txn_db8fd4ab87ba,acct_118acd0a25,2026-01-17T09:14:08,3627.46,merchant_demo_001
txn_816384ed610d,acct_c3ae910296,2026-08-12T21:03:01,2185.75,merchant_demo_001
txn_ec7535526e85,acct_c3ae910296,2026-08-29T21:03:01,1709.36,merchant_demo_001
txn_1a072ad48370,acct_a0c017c3b5,2026-08-11T01:46:35,2596.14,merchant_demo_001
txn_94ab52c99a72,acct_a0c017c3b5,2026-08-22T01:46:35,3360.67,merchant_demo_001
txn_28f412244aed,acct_a0c017c3b5,2026-03-18T01:46:35,530.63,merchant_demo_001
txn_8ee9f3ee9751,acct_8c0719db24,2026-03-17T03:22:03,579.5,merchant_demo_001
txn_364f3031dcba,acct_8c0719db24,2026-02-10T03:22:03,2714.63,merchant_demo_001
txn_7ba089bd151f,acct_1a040f38fe,2025-12-13T13:56:26,1399.43,merchant_demo_001
txn_8c255e879522,acct_274329d91b,2026-03-08T04:09:36,3536.64,merchant_demo_001
txn_9b9a7b736d8d,acct_274329d91b,2026-02-02T04:09:36,367.95,merchant_demo_001
txn_8495f2778be3,acct_274329d91b,2026-10-08T04:09:36,464.35,merchant_demo_001
txn_cc162af6c717,acct_274329d91b,2026-01-30T04:09:36,517.09,merchant_demo_001
txn_2b08f3b458aa,acct_274329d91b,2026-02-10T04:09:36,3921.45,merchant_demo_001
txn_9cf07d73c850,acct_0c3ce2a795,2026-08-03T02:32:17,1515.56,merchant_demo_001
txn_d94946c8452f,acct_0c3ce2a795,2026-06-20T02:32:17,4562.9,merchant_demo_001
txn_67254779ad5c,acct_0c3ce2a795,2025-09-11T02:32:17,3570.58,merchant_demo_001
txn_d7fb001184c5,acct_78d1670082,2026-07-01T22:02:16,4355.16,merchant_demo_001
txn_f93d2cd405bf,acct_78d1670082,2027-01-17T22:02:16,2114.92,merchant_demo_001
txn_da4ea7f2ccdf,acct_78d1670082,2026-12-25T22:02:16,4957.6,merchant_demo_001
txn_f2769333ebfe,acct_78d1670082,2026-09-13T22:02:16,4473.47,merchant_demo_001
txn_2a88e1311778,acct_78d1670082,2026-06-06T22:02:16,3829.7,merchant_demo_001
txn_33c9f132b73d,acct_0bc48f3829,2026-01-26T04:17:40,1667.25,merchant_demo_001
txn_72ee8a48a277,acct_41100b7041,2026-10-03T07:09:17,339.51,merchant_demo_001
txn_b3f33929386c,acct_41100b7041,2026-06-08T07:09:17,4944.67,merchant_demo_001
txn_15feb9cfa2f7,acct_41100b7041,2027-01-20T07:09:17,711.15,merchant_demo_001
txn_75bdc961fb0f,acct_41100b7041,2026-12-11T07:09:17,54.75,merchant_demo_001
txn_d0994f5cf13d,acct_41100b7041,2026-07-18T07:09:17,929.42,merchant_demo_001
txn_7cbcfafaead4,acct_5edb8b4631,2027-03-09T11:58:52,2239.11,merchant_demo_001
txn_43e5cf861992,acct_5edb8b4631,2027-03-23T11:58:52,2428.19,merchant_demo_001
txn_43242e8f46d7,acct_5edb8b4631,2026-12-05T11:58:52,2627.87,merchant_demo_001
txn_b041fa951a6d,acct_5edb8b4631,2027-07-30T11:58:52,3696.91,merchant_demo_001
txn_c55630423336,acct_5edb8b4631,2027-01-12T11:58:52,3207.14,merchant_demo_001
txn_cab5eeed0096,acct_663c660b1e,2025-09-09T00:44:07,3757.22,merchant_demo_001
txn_dc09e0b9fa31,acct_663c660b1e,2026-03-20T00:44:07,3739.51,merchant_demo_001
txn_b21965a52729,acct_663c660b1e,2025-12-19T00:44:07,2204.95,merchant_demo_001
txn_d517ed1b7cf0,acct_e3ca8dc6be,2025-07-13T20:09:39,1516.16,merchant_demo_001
txn_39c374d90be9,acct_e3ca8dc6be,2025-06-24T20:09:39,603.38,merchant_demo_001
txn_c16eac24bf3e,acct_f57ce9fb76,2026-08-22T12:49:27,4654.3,merchant_demo_001
txn_cb9e7416ed20,acct_f57ce9fb76,2025-11-03T12:49:27,936.28,merchant_demo_001
txn_1f64e4d85a8d,acct_2363c73bc5,2026-04-11T00:52:11,134.68,merchant_demo_001
txn_7ac66d5bdc78,acct_2363c73bc5,2026-12-27T00:52:11,366.62,merchant_demo_001
txn_760f70e2ad24,acct_de3f10a936,2025-12-04T20:33:21,3078.08,merchant_demo_001
txn_9ac4b0c6cc51,acct_de3f10a936,2026-06-11T20:33:21,1123.94,merchant_demo_001
txn_5db5a87e2cd5,acct_de3f10a936,2025-11-08T20:33:21,1442.95,merchant_demo_001
txn_d4f361455a15,acct_8e47455f7f,2026-06-24T19:51:38,4589.33,merchant_demo_001
txn_c04ddd57abe0,acct_8e47455f7f,2026-07-23T19:51:38,3873.8,merchant_demo_001
txn_821054273d4f,acct_8e47455f7f,2026-09-29T19:51:38,4335.91,merchant_demo_001
txn_621c32bf8d0c,acct_8e47455f7f,2025-11-21T19:51:38,2381.74,merchant_demo_001
txn_50bcd12637dd,acct_cebae2c87d,2026-03-21T01:51:02,809.45,merchant_demo_001
txn_32e1834b5d5d,acct_cebae2c87d,2026-08-29T01:51:02,2060.94,merchant_demo_001
txn_3e514b291db5,acct_cebae2c87d,2026-06-13T01:51:02,2990.6,merchant_demo_001
txn_b16062529dee,acct_cebae2c87d,2026-06-14T01:51:02,1424.54,merchant_demo_001
txn_d59fc4082138,acct_cebae2c87d,2026-07-24T01:51:02,2657.89,merchant_demo_001
txn_1783a244ae45,acct_00a20a24df,2027-03-04T13:40:48,3506.63,merchant_demo_001
txn_67fb130cad16,acct_00a20a24df,2026-08-09T13:40:48,3690.01,merchant_demo_001
txn_521ec07549aa,acct_96223dc043,2025-03-01T09:39:43,1135.73,merchant_demo_001
txn_1deb84eaa59b,acct_2897001e59,2026-12-16T05:33:51,2078.62,merchant_demo_001
txn_2535a001dcd9,acct_2897001e59,2027-05-26T05:33:51,3456.54,merchant_demo_001
txn_dfd366b3722e,acct_2897001e59,2026-08-08T05:33:51,3545.84,merchant_demo_001
txn_3cc1997591ae,acct_2897001e59,2026-06-14T05:33:51,76.64,merchant_demo_001
txn_0babc3f8db4a,acct_35a7107a31,2026-08-13T05:37:08,848.4,merchant_demo_001
txn_017bced307ac,acct_35a7107a31,2026-01-15T05:37:08,1007.29,merchant_demo_001
txn_ab74562a35f1,acct_70ea26bbdc,2025-12-14T04:13:37,4371.19,merchant_demo_001
txn_b7bdeaa9bb1b,acct_70ea26bbdc,2025-12-14T03:25:37,1642.74,merchant_demo_001
txn_173af9cad68d,acct_eb91507266,2026-04-26T14:43:32,4057.58,merchant_demo_001
txn_44f12cc0fba5,acct_6ba863a738,2025-07-15T20:33:11,4437.16,merchant_demo_001
txn_981c78a91417,acct_6ba863a738,2025-07-10T20:33:11,2771.67,merchant_demo_001
txn_de1772542b5b,acct_6ba863a738,2025-03-12T20:33:11,4679.82,merchant_demo_001
txn_775e235b4ad6,acct_e7b1df9e04,2026-06-18T14:45:22,851.1,merchant_demo_001
txn_5045a98ce3f6,acct_e7b1df9e04,2026-01-30T14:45:22,4220.13,merchant_demo_001
txn_3b87e94e6285,acct_e7b1df9e04,2026-05-12T14:45:22,896.03,merchant_demo_001
txn_dc3a550fe79f,acct_e7b1df9e04,2026-08-03T14:45:22,2844.55,merchant_demo_001
txn_0257cd685994,acct_e7b1df9e04,2026-05-10T14:45:22,359.12,merchant_demo_001
txn_a44a23f37491,acct_003422d23c,2027-01-22T00:08:51,2693.21,merchant_demo_001
txn_69de1db37aa5,acct_003422d23c,2027-02-09T00:08:51,861.87,merchant_demo_001
txn_e98b623910e4,acct_003422d23c,2027-02-22T00:08:51,3793.62,merchant_demo_001
txn_80080a958d5a,acct_003422d23c,2026-11-04T00:08:51,4296.08,merchant_demo_001
txn_53931a9e2276,acct_85c697be94,2026-08-18T05:21:54,4965.07,merchant_demo_001
txn_33f713cfe955,acct_85c697be94,2026-02-20T05:21:54,4415.97,merchant_demo_001
txn_da04a9c74a25,acct_e200b45dad,2025-12-11T21:33:26,4470.14,merchant_demo_001
txn_954c482e9eb8,acct_e200b45dad,2026-01-12T21:33:26,3958.54,merchant_demo_001
txn_6f7d7b33dc9b,acct_e200b45dad,2025-05-17T21:33:26,1111.73,merchant_demo_001
txn_f59ee25f9851,acct_e200b45dad,2025-10-07T21:33:26,2067.17,merchant_demo_001
txn_72dce887a4a1,acct_e200b45dad,2026-02-19T21:33:26,462.34,merchant_demo_001
txn_b3287f49386e,acct_dd01fc2230,2026-03-22T08:23:14,614.52,merchant_demo_001
txn_8ed86b774341,acct_dd01fc2230,2026-03-20T08:23:14,4819.2,merchant_demo_001
txn_09de793456a1,acct_dd01fc2230,2026-05-20T08:23:14,4144.4,merchant_demo_001
txn_f16a45906191,acct_14cd8d3ecd,2025-05-13T13:12:35,2018.36,merchant_demo_001
txn_63bf24ff7ce6,acct_14cd8d3ecd,2025-04-06T13:12:35,1276.77,merchant_demo_001
txn_7851b5d805eb,acct_14cd8d3ecd,2025-11-21T13:12:35,1558.28,merchant_demo_001
txn_e125063e2d42,acct_14cd8d3ecd,2026-03-16T13:12:35,587.87,merchant_demo_001
txn_be4af02ee88b,acct_085b019c6a,2025-05-06T17:25:40,817.51,merchant_demo_001
txn_da0fd6ea0b70,acct_e1a1ec7182,2026-03-28T03:51:03,1045.57,merchant_demo_001
txn_a8fa24de771b,acct_e1a1ec7182,2026-05-02T03:51:03,3598.64,merchant_demo_001
txn_d19ce47a2ec6,acct_e1a1ec7182,2026-03-26T03:51:03,540.79,merchant_demo_001
txn_557b8d55f6ac,acct_e1a1ec7182,2026-10-10T03:51:03,4253.29,merchant_demo_001
txn_674ea8f2b081,acct_e1a1ec7182,2027-01-16T03:51:03,4855.54,merchant_demo_001
txn_b47f088fcde9,acct_6b6ad1afc3,2025-08-28T17:06:01,2332.38,merchant_demo_001
txn_55d1b4268187,acct_6b6ad1afc3,2026-03-28T17:06:01,3655.2,merchant_demo_001
txn_7794468015a6,acct_6b6ad1afc3,2025-06-26T17:06:01,2665.36,merchant_demo_001
txn_a8d2d9eca9b2,acct_9ff4810d9a,2026-12-31T14:12:53,4692.58,merchant_demo_001
txn_7ffe97e39647,acct_9ff4810d9a,2027-01-14T14:12:53,4707.82,merchant_demo_001
txn_1ef9a70db735,acct_9ff4810d9a,2026-01-13T14:12:53,2060.0,merchant_demo_001
txn_4097d7a3e08b,acct_e0091f835e,2026-06-20T17:43:16,1958.93,merchant_demo_001
txn_633417ba0568,acct_e0091f835e,2026-06-20T18:23:16,265.07,merchant_demo_001
txn_d01aa3ad6450,acct_75bf9f76b6,2026-11-05T11:40:58,876.89,merchant_demo_001
txn_fe3d1b69f585,acct_75bf9f76b6,2026-12-03T11:40:58,4499.33,merchant_demo_001
txn_c0bd278eff64,acct_75bf9f76b6,2026-10-14T11:40:58,2637.1,merchant_demo_001
txn_aaec65fa8fba,acct_a6f240f1b7,2025-11-10T22:03:13,3863.11,merchant_demo_001
txn_132147e153c6,acct_a6f240f1b7,2026-05-21T22:03:13,680.81,merchant_demo_001
txn_1805afe858ff,acct_a6f240f1b7,2026-05-13T22:03:13,2250.74,merchant_demo_001
txn_92138c0dc91e,acct_0bb2a606c5,2025-01-25T23:29:59,2330.19,merchant_demo_001
txn_2cdb44739c15,acct_0bb2a606c5,2025-02-19T23:29:59,3489.23,merchant_demo_001
txn_5120ca5a9a97,acct_8bf6e104e9,2027-02-12T15:44:37,2124.05,merchant_demo_001
txn_65caa8af8558,acct_8bf6e104e9,2027-01-13T15:44:37,3234.09,merchant_demo_001
txn_b2cf3c0a4df7,acct_8bf6e104e9,2027-01-17T15:44:37,3479.26,merchant_demo_001
txn_f93ec52ba55c,acct_6b1d412d31,2027-01-08T16:46:09,2512.52,merchant_demo_001
txn_dbe061caa3e6,acct_6b1d412d31,2027-02-15T16:46:09,3394.01,merchant_demo_001
txn_b8d8c004cf98,acct_6b1d412d31,2027-02-05T16:46:09,4118.45,merchant_demo_001
txn_854bcad66eb2,acct_d6fda3441c,2026-05-09T18:49:23,1984.41,merchant_demo_001
txn_cf7251b610aa,acct_d6fda3441c,2025-11-19T18:49:23,3494.86,merchant_demo_001
txn_7f34d3efc8f4,acct_58d99223c6,2026-12-14T13:39:49,1953.14,merchant_demo_001
txn_9257cc50e873,acct_58d99223c6,2026-06-11T13:39:49,3077.6,merchant_demo_001
txn_6b2159019edc,acct_58d99223c6,2026-09-13T13:39:49,2894.99,merchant_demo_001
txn_32b700d3f231,acct_58d99223c6,2026-05-03T13:39:49,734.91,merchant_demo_001
txn_d9d3b758ef17,acct_d5e733192d,2025-04-26T13:00:59,1574.84,merchant_demo_001
txn_25679bef0f3d,acct_d5e733192d,2025-09-28T13:00:59,2986.22,merchant_demo_001
txn_665a7da801ef,acct_d5e733192d,2025-04-05T13:00:59,1749.97,merchant_demo_001
txn_f2d6faecba1a,acct_d5e733192d,2025-05-06T13:00:59,3031.6,merchant_demo_001
txn_3c08bb4f873c,acct_b9eff7ee60,2026-04-18T04:38:16,3200.49,merchant_demo_001
txn_e0ed9e33b7d2,acct_b9eff7ee60,2026-06-27T04:38:16,2249.47,merchant_demo_001
txn_b4adace944a8,acct_b9eff7ee60,2025-10-31T04:38:16,4438.64,merchant_demo_001
txn_f07f486b72f1,acct_b9eff7ee60,2026-03-24T04:38:16,4315.18,merchant_demo_001
txn_743fe7784334,acct_9383946993,2026-03-08T13:55:39,1377.18,merchant_demo_001
txn_ddd30d7dca8a,acct_c6101b4a54,2026-07-05T13:39:44,3835.92,merchant_demo_001
txn_987e88ee74ba,acct_c6101b4a54,2026-11-19T13:39:44,2144.1,merchant_demo_001
txn_514a18f2d426,acct_c6101b4a54,2026-09-25T13:39:44,361.5,merchant_demo_001
txn_7f9998108897,acct_c6101b4a54,2026-12-03T13:39:44,2891.77,merchant_demo_001
txn_4b479719dabd,acct_4b7fe7227d,2026-11-24T17:29:00,156.89,merchant_demo_001
txn_d287e62b3c87,acct_4b7fe7227d,2026-03-22T17:29:00,2788.57,merchant_demo_001
txn_13f85e2b1001,acct_4b7fe7227d,2027-01-19T17:29:00,2313.56,merchant_demo_001
txn_20cfa0fe823d,acct_4b7fe7227d,2027-03-07T17:29:00,3414.59,merchant_demo_001
txn_c5d3aa1d9b4b,acct_5118f7ae80,2026-12-18T17:23:19,1792.12,merchant_demo_001
txn_e70da3c2b1d7,acct_5118f7ae80,2027-01-17T17:23:19,4260.51,merchant_demo_001
txn_b903ee1cf1f8,acct_5118f7ae80,2026-07-30T17:23:19,2057.86,merchant_demo_001
txn_c3646ced7b35,acct_c01e89661c,2026-04-27T13:25:51,1008.03,merchant_demo_001
txn_3acf6626cd3c,acct_f9b7ccf5de,2027-04-09T22:27:56,4242.55,merchant_demo_001
txn_c2cdfe0acd99,acct_f9b7ccf5de,2026-09-20T22:27:56,2084.22,merchant_demo_001
txn_2e313210de6c,acct_f9b7ccf5de,2026-11-26T22:27:56,1480.43,merchant_demo_001
txn_c80bc2db52e0,acct_f9b7ccf5de,2027-03-16T22:27:56,2618.99,merchant_demo_001
txn_660913700f2c,acct_f9b7ccf5de,2027-06-12T22:27:56,1749.65,merchant_demo_001
txn_6fed52ff1aee,acct_e2dd522f52,2027-02-17T10:07:25,2928.55,merchant_demo_001
txn_e2a330a6c9a6,acct_e2dd522f52,2026-11-07T10:07:25,578.75,merchant_demo_001
txn_62653211cb2c,acct_e2dd522f52,2026-08-20T10:07:25,1500.19,merchant_demo_001
txn_18f5950d917f,acct_e2dd522f52,2026-12-03T10:07:25,2691.84,merchant_demo_001
txn_e8370a1f5be8,acct_548d87ebfa,2026-10-20T13:48:27,1614.38,merchant_demo_001
txn_1fd3a18608a9,acct_548d87ebfa,2027-03-30T13:48:27,874.99,merchant_demo_001
txn_896a173f91c1,acct_548d87ebfa,2027-04-17T13:48:27,2598.11,merchant_demo_001
txn_89e15c92bd2d,acct_5717a1e4f0,2026-07-24T08:47:23,1667.0,merchant_demo_001
txn_c69d1f7d7cd8,acct_5717a1e4f0,2026-10-14T08:47:23,635.42,merchant_demo_001
txn_c79b10e82648,acct_5717a1e4f0,2026-08-04T08:47:23,861.93,merchant_demo_001
txn_e923fdb91009,acct_5717a1e4f0,2026-09-28T08:47:23,4807.84,merchant_demo_001
txn_76b2c301771e,acct_f72b10f9fb,2026-06-05T07:19:10,2031.06,merchant_demo_001
txn_6085884fa344,acct_2af0cd1e0f,2027-03-22T23:04:52,4513.57,merchant_demo_001
txn_f773478f999b,acct_2af0cd1e0f,2026-05-27T23:04:52,4207.34,merchant_demo_001
txn_1d0ec277c05d,acct_2af0cd1e0f,2026-08-17T23:04:52,1389.27,merchant_demo_001
txn_819907d83879,acct_2af0cd1e0f,2026-09-24T23:04:52,1824.92,merchant_demo_001
txn_2632e571d2af,acct_2af0cd1e0f,2026-07-10T23:04:52,3862.35,merchant_demo_001
txn_41cdb061debe,acct_6ffda36f8f,2026-11-23T11:56:24,4392.44,merchant_demo_001
txn_6d8f31488142,acct_212e6a6563,2026-12-13T11:18:55,990.27,merchant_demo_001
txn_bd7e97156757,acct_212e6a6563,2027-02-07T11:18:55,4032.26,merchant_demo_001
txn_8c95d5774c59,acct_212e6a6563,2026-08-19T11:18:55,2438.21,merchant_demo_001
txn_d43f94f84d72,acct_212e6a6563,2027-02-08T11:18:55,4083.28,merchant_demo_001
txn_1b53da6bbf8e,acct_212e6a6563,2026-12-11T11:18:55,1222.96,merchant_demo_001
txn_eb83092a0825,acct_ba8b019fba,2027-04-05T14:01:20,2394.95,merchant_demo_001
txn_ecdf2d9dd1f6,acct_ba8b019fba,2027-04-08T14:01:20,4974.48,merchant_demo_001
txn_1f35af96e00c,acct_ba8b019fba,2027-01-01T14:01:20,1770.78,merchant_demo_001
txn_0cdebc1df2ab,acct_ba8b019fba,2026-07-23T14:01:20,122.12,merchant_demo_001
txn_4af19c76d943,acct_ba8b019fba,2026-11-07T14:01:20,3952.1,merchant_demo_001
txn_6c0c70287aad,acct_60d4a716ae,2026-05-10T22:34:48,53.13,merchant_demo_001
txn_634253821667,acct_7290a1290f,2026-03-03T16:22:20,1757.32,merchant_demo_001
txn_fb8b19a7b7d4,acct_cc545eb2c2,2026-09-16T05:54:31,3410.18,merchant_demo_001
txn_5f4ec68ba98b,acct_cc545eb2c2,2025-10-14T05:54:31,2981.26,merchant_demo_001
txn_839702b4382d,acct_cc545eb2c2,2026-09-25T05:54:31,3002.38,merchant_demo_001
txn_1820e80dd9d9,acct_cc545eb2c2,2026-07-19T05:54:31,1056.36,merchant_demo_001
txn_7a6138c6cbf8,acct_dbdfe318ce,2025-09-12T20:40:00,1499.28,merchant_demo_001
txn_42040ca1f261,acct_dbdfe318ce,2025-09-12T21:23:00,1342.24,merchant_demo_001
txn_02e5396053b8,acct_56e902e841,2025-09-10T20:21:08,4136.07,merchant_demo_001
txn_632f607618fb,acct_56e902e841,2026-03-08T20:21:08,3341.58,merchant_demo_001
txn_0acc19011d12,acct_56e902e841,2025-11-01T20:21:08,2188.37,merchant_demo_001
txn_df1cbc5dfa1d,acct_56e902e841,2026-03-22T20:21:08,306.34,merchant_demo_001
txn_d2918067722b,acct_56e902e841,2026-06-28T20:21:08,2425.27,merchant_demo_001
txn_df15ae31b371,acct_d74fb251d5,2027-04-14T05:43:18,635.66,merchant_demo_001
txn_e240a32efd3b,acct_794bc6b620,2025-12-19T06:27:51,2101.5,merchant_demo_001
txn_dbf7416b3aac,acct_794bc6b620,2026-08-23T06:27:51,4028.05,merchant_demo_001
txn_e24b3957f333,acct_794bc6b620,2025-10-13T06:27:51,609.34,merchant_demo_001
txn_5842f68eedff,acct_794bc6b620,2026-10-17T06:27:51,1060.02,merchant_demo_001
txn_bfc78404a02c,acct_615212da45,2027-06-24T21:42:15,658.23,merchant_demo_001
txn_b982c5abb130,acct_615212da45,2026-11-02T21:42:15,1393.35,merchant_demo_001
txn_0ecbf1ac3634,acct_615212da45,2026-12-05T21:42:15,1549.93,merchant_demo_001
txn_c3c35c008b2d,acct_106cc6becf,2025-06-22T08:57:40,3027.19,merchant_demo_001
txn_eae2bdcd9ed0,acct_106cc6becf,2025-05-08T08:57:40,1997.3,merchant_demo_001
txn_c0fb440ca4cf,acct_106cc6becf,2025-09-03T08:57:40,3343.06,merchant_demo_001
txn_f9a94ee910d2,acct_50ad8ae385,2025-06-15T03:53:56,4516.82,merchant_demo_001
txn_ab632def58db,acct_50ad8ae385,2025-06-15T03:12:56,4101.58,merchant_demo_001
txn_bc2e94513ab9,acct_6fe7874b83,2025-11-20T21:40:51,1539.37,merchant_demo_001
txn_b14a01401d68,acct_6fe7874b83,2025-09-16T21:40:51,1920.26,merchant_demo_001
txn_b7b8c272d0e7,acct_6fe7874b83,2026-09-30T21:40:51,673.93,merchant_demo_001
txn_b18cb7736b3b,acct_d5b32db1d7,2026-03-14T01:54:31,3075.85,merchant_demo_001
txn_90a674a2666b,acct_d5b32db1d7,2026-04-30T01:54:31,4367.6,merchant_demo_001
txn_468ff456c093,acct_d5b32db1d7,2025-11-28T01:54:31,1611.36,merchant_demo_001
txn_5a8c248e830c,acct_768c6d1fb9,2026-08-20T07:52:15,932.39,merchant_demo_001
txn_f0144045629d,acct_768c6d1fb9,2025-10-23T07:52:15,668.18,merchant_demo_001
txn_17af2053c2f4,acct_768c6d1fb9,2025-07-27T07:52:15,1692.34,merchant_demo_001
txn_6deb53929ff1,acct_768c6d1fb9,2025-11-10T07:52:15,4662.76,merchant_demo_001
txn_7f87fe6afabf,acct_93fb1dcd42,2026-08-22T21:10:16,3975.98,merchant_demo_001
txn_745ef6e39cff,acct_93fb1dcd42,2026-05-21T21:10:16,2519.57,merchant_demo_001
txn_1b9088b2dae8,acct_93fb1dcd42,2026-09-11T21:10:16,4508.79,merchant_demo_001
txn_d98cfb4f3f87,acct_5a4fc08205,2027-04-20T12:22:40,1478.44,merchant_demo_001
txn_44e9d4e04a7e,acct_5a4fc08205,2026-12-30T12:22:40,1893.21,merchant_demo_001
txn_4d9f715804f8,acct_5a4fc08205,2026-11-08T12:22:40,3023.87,merchant_demo_001
txn_151efebaa0ca,acct_8bd6c3baaa,2025-11-07T09:48:02,527.13,merchant_demo_001
txn_652a548bdc0d,acct_8bd6c3baaa,2025-12-08T09:48:02,2695.17,merchant_demo_001
txn_5b75ea2a8570,acct_8bd6c3baaa,2026-01-19T09:48:02,80.23,merchant_demo_001
txn_de08189c3d02,acct_284cf407d7,2025-05-21T18:36:51,1472.98,merchant_demo_001
txn_d99276e7ce8c,acct_594b4b8312,2025-10-28T07:28:24,553.06,merchant_demo_001
txn_cfaefc4b6288,acct_594b4b8312,2026-07-03T07:28:24,4153.05,merchant_demo_001
txn_45cebf3b53e4,acct_594b4b8312,2026-05-10T07:28:24,328.97,merchant_demo_001
txn_b0e7ab7fee49,acct_cf7c88484d,2026-06-20T18:55:54,2002.21,merchant_demo_001
txn_29a51deef002,acct_cf7c88484d,2026-06-20T20:40:54,964.93,merchant_demo_001
txn_252f26eb1a9b,acct_cf7c88484d,2026-06-20T18:15:54,4656.07,merchant_demo_001
txn_81771f59cadc,acct_3580b032a9,2026-08-27T21:09:08,3906.71,merchant_demo_001
txn_697f078f5357,acct_88aafb0391,2026-05-16T07:55:09,3905.06,merchant_demo_001
txn_025551d5752c,acct_96d76e5973,2027-03-03T22:32:36,4851.06,merchant_demo_001
txn_88039393145c,acct_96d76e5973,2026-12-22T22:32:36,827.41,merchant_demo_001
txn_3dc08e50456f,acct_870a0f9737,2026-04-12T15:55:58,3230.56,merchant_demo_001
txn_a68282ce5e1f,acct_870a0f9737,2026-07-21T15:55:58,1269.58,merchant_demo_001
txn_e182e3c491db,acct_870a0f9737,2026-01-05T15:55:58,2800.64,merchant_demo_001
txn_d3b532e5ec68,acct_a62b9ca8e0,2027-02-20T20:52:18,1657.38,merchant_demo_001
txn_7bdeaaf40508,acct_a62b9ca8e0,2026-08-13T20:52:18,2943.06,merchant_demo_001
txn_9a14e0d7adb7,acct_a62b9ca8e0,2026-10-16T20:52:18,893.04,merchant_demo_001
txn_509d784fbbb4,acct_5821e632bd,2026-02-28T08:34:13,3578.37,merchant_demo_001
txn_518237bc55ff,acct_5821e632bd,2026-05-28T08:34:13,551.95,merchant_demo_001
txn_4f04ede5d0de,acct_5821e632bd,2026-02-16T08:34:13,4888.62,merchant_demo_001
txn_89adfda8e4ba,acct_f159246608,2025-03-22T11:08:56,1872.8,merchant_demo_001
txn_148c980755c7,acct_f159246608,2025-03-22T09:24:56,2270.7,merchant_demo_001
txn_9cb0a28dcf79,acct_b565c38efd,2026-02-19T18:57:36,4585.37,merchant_demo_001
txn_32396dce60ed,acct_ae4a0532db,2026-10-03T02:35:00,283.46,merchant_demo_001
txn_3930f1f33de3,acct_ae4a0532db,2026-04-17T02:35:00,3016.47,merchant_demo_001
txn_7470b661faf8,acct_ae4a0532db,2026-03-23T02:35:00,2268.77,merchant_demo_001
txn_e66ee66cb5b5,acct_ae4a0532db,2026-04-17T02:35:00,1382.76,merchant_demo_001
txn_6149baf41d44,acct_ae4a0532db,2026-03-08T02:35:00,3835.19,merchant_demo_001
txn_e8de0a566cbc,acct_9aa550964f,2025-08-22T00:24:20,3873.27,merchant_demo_001
txn_7d9814c03456,acct_9aa550964f,2025-07-23T00:24:20,2219.88,merchant_demo_001
txn_29b24fe6d2b1,acct_196a32cc6f,2027-07-30T06:57:32,3729.58,merchant_demo_001
txn_6f1eaa080f2c,acct_196a32cc6f,2027-07-30T06:57:32,1514.19,merchant_demo_001
txn_75d315f5dd1a,acct_196a32cc6f,2027-03-14T06:57:32,639.46,merchant_demo_001
txn_27f4c09ffa7b,acct_196a32cc6f,2027-05-14T06:57:32,1536.39,merchant_demo_001
txn_9f0b4636935d,acct_196a32cc6f,2027-05-09T06:57:32,2324.34,merchant_demo_001
txn_bf6313bb85b4,acct_b1035cbe61,2026-08-14T02:47:18,4244.66,merchant_demo_001
txn_82a19e73f1d4,acct_b1035cbe61,2027-01-21T02:47:18,1055.71,merchant_demo_001
txn_1dde6922366c,acct_b1035cbe61,2026-09-05T02:47:18,1195.27,merchant_demo_001
txn_a8ae6b32ba7e,acct_3a6eb8873d,2026-07-02T17:02:51,199.91,merchant_demo_001
txn_b3d2c9ea2dfd,acct_3a6eb8873d,2026-01-09T17:02:51,667.82,merchant_demo_001
txn_e48ae5cbf903,acct_3a6eb8873d,2026-01-21T17:02:51,2135.36,merchant_demo_001
txn_96b637df8ba3,acct_3a6eb8873d,2025-11-06T17:02:51,3457.49,merchant_demo_001
txn_375a2a132383,acct_3a6eb8873d,2026-02-01T17:02:51,4136.22,merchant_demo_001
txn_e6a72cde769b,acct_b903cf7953,2026-01-26T11:53:27,4903.0,merchant_demo_001
txn_3d4bd2d7e527,acct_b903cf7953,2025-10-29T11:53:27,4684.88,merchant_demo_001
txn_6ab01cbe1d21,acct_b903cf7953,2025-12-12T11:53:27,2398.45,merchant_demo_001
txn_73cc7d0de944,acct_b903cf7953,2025-12-23T11:53:27,4453.64,merchant_demo_001
txn_dc9023d6a915,acct_b903cf7953,2026-01-04T11:53:27,388.17,merchant_demo_001
txn_15d311c738f7,acct_fb772dc6ae,2025-10-24T09:50:42,2739.36,merchant_demo_001
txn_a274b961a631,acct_fb772dc6ae,2025-06-01T09:50:42,97.73,merchant_demo_001
txn_304a16ec9ed1,acct_24365ca57c,2026-07-17T00:24:20,960.57,merchant_demo_001
txn_0c30fa77a7bf,acct_24365ca57c,2026-11-22T00:24:20,359.84,merchant_demo_001
txn_02b9cf4d2c1e,acct_24365ca57c,2026-03-09T00:24:20,655.02,merchant_demo_001
txn_5d8688b80c58,acct_24365ca57c,2026-11-26T00:24:20,1563.36,merchant_demo_001
txn_f312d9e2192d,acct_24365ca57c,2026-05-23T00:24:20,4167.07,merchant_demo_001
txn_dbcbd76c9193,acct_367a2e6a99,2026-12-23T19:48:25,3658.25,merchant_demo_001
txn_23d4cc2ef0ee,acct_367a2e6a99,2027-03-13T19:48:25,4070.23,merchant_demo_001
txn_ec9b559f341a,acct_c51d602d3a,2026-02-04T06:17:40,552.56,merchant_demo_001
txn_7bb025b631b1,acct_c51d602d3a,2026-10-26T06:17:40,4324.21,merchant_demo_001
txn_b418c5f46018,acct_c51d602d3a,2026-07-11T06:17:40,2153.04,merchant_demo_001
txn_f3a82e9df6a9,acct_c51d602d3a,2026-09-11T06:17:40,980.56,merchant_demo_001
txn_3ba829f9ff9a,acct_c51d602d3a,2026-06-01T06:17:40,4353.31,merchant_demo_001
txn_b6f1d7cc0749,acct_03ff3a91cc,2025-12-06T10:45:37,3689.34,merchant_demo_001
txn_aeb5e47d93e7,acct_03ff3a91cc,2026-06-06T10:45:37,3724.42,merchant_demo_001
txn_c60640d7e6c6,acct_03ff3a91cc,2026-01-14T10:45:37,2982.82,merchant_demo_001
txn_a82d0fba216d,acct_03ff3a91cc,2026-05-14T10:45:37,2964.81,merchant_demo_001
txn_9cc19d73086c,acct_9a667d895b,2025-03-06T08:23:15,1161.2,merchant_demo_001
txn_96ad687ddc96,acct_28459cf844,2026-04-10T03:53:40,2958.92,merchant_demo_001
txn_00710c45de3d,acct_28459cf844,2026-11-21T03:53:40,1321.92,merchant_demo_001
txn_b086c9bef27e,acct_28459cf844,2026-08-11T03:53:40,3164.07,merchant_demo_001
txn_1db32dad2f82,acct_28459cf844,2026-09-08T03:53:40,1346.87,merchant_demo_001
txn_0167f95d2352,acct_9d2bc0a1f5,2026-05-19T18:25:21,3067.48,merchant_demo_001
txn_6502c7459cf4,acct_9d2bc0a1f5,2027-02-11T18:25:21,2949.89,merchant_demo_001
txn_b90038535cfd,acct_9d2bc0a1f5,2026-05-07T18:25:21,3462.99,merchant_demo_001
txn_d98c2dac96c0,acct_966ede6f6f,2025-06-27T05:24:46,2684.72,merchant_demo_001
txn_8040f335dd7c,acct_1de5942e32,2026-12-11T10:48:33,2424.47,merchant_demo_001
txn_f4a08b3df70d,acct_1de5942e32,2027-04-11T10:48:33,133.96,merchant_demo_001
txn_23b3ed9c69a4,acct_1de5942e32,2026-10-17T10:48:33,4171.67,merchant_demo_001
txn_581ada3f3d74,acct_1de5942e32,2027-06-05T10:48:33,3558.91,merchant_demo_001
txn_e72b7dcce5d2,acct_1de5942e32,2026-09-11T10:48:33,521.24,merchant_demo_001
txn_a72a73fa26e8,acct_be2e646e60,2026-01-02T06:52:15,2992.53,merchant_demo_001
txn_ee14276669ce,acct_ff7cbf3903,2026-05-19T03:23:48,4527.78,merchant_demo_001
txn_9362c2296c52,acct_ff7cbf3903,2026-03-19T03:23:48,3270.23,merchant_demo_001
txn_9de46d2c92fb,acct_ff7cbf3903,2026-07-09T03:23:48,1420.83,merchant_demo_001
txn_7481d1508213,acct_ff7cbf3903,2026-09-11T03:23:48,3893.57,merchant_demo_001
txn_28a7ad5bb761,acct_ff7cbf3903,2026-05-23T03:23:48,3115.3,merchant_demo_001
txn_bc11f9e31b0d,acct_5f6df98d30,2027-03-25T05:56:33,2316.21,merchant_demo_001
txn_4b145af5b8c7,acct_5f6df98d30,2026-09-25T05:56:33,2218.3,merchant_demo_001
txn_566fda249542,acct_5f6df98d30,2027-01-01T05:56:33,4558.65,merchant_demo_001
txn_4a6127cb6f87,acct_5f6df98d30,2026-09-25T05:56:33,4128.23,merchant_demo_001
txn_bcbbf4a648b7,acct_5f6df98d30,2026-11-26T05:56:33,1676.54,merchant_demo_001
txn_e0b513a0308f,acct_c2954be7f7,2026-10-23T01:58:08,3783.46,merchant_demo_001
txn_80df45aa3dc4,acct_c2954be7f7,2026-07-01T01:58:08,4729.97,merchant_demo_001
txn_dbb34c67ae83,acct_c2954be7f7,2027-05-12T01:58:08,600.25,merchant_demo_001
txn_8cbba503b7b3,acct_c2954be7f7,2027-02-25T01:58:08,304.14,merchant_demo_001
txn_922ef9a6d25a,acct_c2954be7f7,2026-07-10T01:58:08,403.71,merchant_demo_001
txn_b99bf7f99502,acct_77f4f69bb6,2026-04-11T05:50:07,3669.08,merchant_demo_001
txn_a1337d69fc43,acct_77f4f69bb6,2026-06-25T05:50:07,3318.65,merchant_demo_001
txn_ddaf209601b4,acct_77f4f69bb6,2026-07-23T05:50:07,4236.36,merchant_demo_001
txn_ee20d644b557,acct_77f4f69bb6,2025-09-24T05:50:07,4109.01,merchant_demo_001
txn_beae3c06aa1d,acct_77f4f69bb6,2026-01-18T05:50:07,2667.64,merchant_demo_001
txn_67b360566581,acct_53dc852f53,2027-01-26T16:29:10,3061.76,merchant_demo_001
txn_27a52b8af056,acct_53dc852f53,2026-10-22T16:29:10,4498.63,merchant_demo_001
txn_74e56a3d7965,acct_284a0a2859,2025-12-22T10:32:15,4634.84,merchant_demo_001
txn_d8c1e0b77909,acct_284a0a2859,2027-01-03T10:32:15,2923.97,merchant_demo_001
txn_796cb57c677b,acct_284a0a2859,2026-05-17T10:32:15,4583.73,merchant_demo_001
txn_10be89ddf3ca,acct_284a0a2859,2026-04-28T10:32:15,4630.93,merchant_demo_001
txn_e3afebcdd6c8,acct_482476bc16,2026-05-11T08:00:44,3984.28,merchant_demo_001
txn_9cc0fe2897d8,acct_74b05b3c1d,2025-10-13T04:32:16,2506.88,merchant_demo_001
txn_19260422a593,acct_74b05b3c1d,2025-05-30T04:32:16,2639.21,merchant_demo_001
txn_744442e670e7,acct_35dbc3fb85,2026-10-21T16:00:15,568.82,merchant_demo_001
txn_b6e3dcd1278e,acct_35dbc3fb85,2026-04-30T16:00:15,3644.29,merchant_demo_001
txn_5ed8ede37f70,acct_35dbc3fb85,2026-12-19T16:00:15,196.94,merchant_demo_001
txn_0aa5d1813419,acct_35dbc3fb85,2026-10-24T16:00:15,2538.75,merchant_demo_001
txn_ee37043e4f26,acct_5dc634f937,2025-12-27T08:40:23,614.68,merchant_demo_001
txn_6581816dde45,acct_5dc634f937,2025-05-08T08:40:23,2911.71,merchant_demo_001
txn_a2226d1be61e,acct_5dc634f937,2026-02-03T08:40:23,4931.05,merchant_demo_001
txn_9c3779a63c7b,acct_5dc634f937,2025-12-04T08:40:23,4179.75,merchant_demo_001
txn_c0499ac72eee,acct_1af65b75b1,2025-10-08T03:11:57,4729.04,merchant_demo_001
txn_c92eaffa6c1d,acct_3a311eb09e,2026-06-11T22:32:35,106.21,merchant_demo_001
txn_fd8d18529bda,acct_3a311eb09e,2025-08-31T22:32:35,3702.55,merchant_demo_001
txn_d27f9c26a92d,acct_3a311eb09e,2026-07-02T22:32:35,3300.62,merchant_demo_001
txn_4698fe1630ad,acct_6490655ae8,2026-10-25T00:25:00,4237.32,merchant_demo_001
txn_ae2d1f05a4f9,acct_6490655ae8,2026-01-29T00:25:00,2254.21,merchant_demo_001
txn_006d9224c9a8,acct_6490655ae8,2026-09-28T00:25:00,282.62,merchant_demo_001
txn_ba820c677438,acct_6490655ae8,2026-05-17T00:25:00,781.64,merchant_demo_001
txn_377f6903acff,acct_6490655ae8,2026-07-12T00:25:00,4626.83,merchant_demo_001
txn_28e184cec885,acct_32fa2a3547,2026-10-30T11:30:25,1144.01,merchant_demo_001
txn_b5cffa205140,acct_32fa2a3547,2027-01-23T11:30:25,492.68,merchant_demo_001
txn_be50bd24a916,acct_32fa2a3547,2027-06-17T11:30:25,1599.75,merchant_demo_001
txn_2397809ac9b1,acct_32fa2a3547,2027-03-31T11:30:25,2715.38,merchant_demo_001
txn_279d5f0c23ce,acct_32fa2a3547,2026-07-26T11:30:25,3784.99,merchant_demo_001
txn_25eaf99d7786,acct_4459b63f17,2026-05-17T20:24:54,108.85,merchant_demo_001
txn_e394e1226d40,acct_4459b63f17,2026-04-06T20:24:54,1626.16,merchant_demo_001
txn_a799f607381b,acct_4459b63f17,2025-07-02T20:24:54,3383.01,merchant_demo_001
txn_a4956daaa8d8,acct_4459b63f17,2025-05-09T20:24:54,3743.34,merchant_demo_001
txn_862622d0f335,acct_ed3371f464,2026-01-31T07:14:06,2899.58,merchant_demo_001
txn_0ff37f655586,acct_bddbe4d7d0,2025-10-11T16:46:20,101.65,merchant_demo_001
txn_11b9b1edd031,acct_bddbe4d7d0,2026-05-31T16:46:20,671.97,merchant_demo_001
txn_b50534a43c1f,acct_bddbe4d7d0,2026-06-21T16:46:20,4924.56,merchant_demo_001
txn_9bcebed76974,acct_bddbe4d7d0,2026-02-05T16:46:20,715.29,merchant_demo_001
txn_d1cd8c60a932,acct_bddbe4d7d0,2026-02-09T16:46:20,1780.33,merchant_demo_001
txn_7921e144bd4d,acct_00ae4a6e84,2026-06-22T11:51:42,2161.63,merchant_demo_001
txn_f92624953b14,acct_00ae4a6e84,2026-04-06T11:51:42,342.4,merchant_demo_001
txn_8074003e7281,acct_1b283f1bc0,2025-07-13T23:23:09,4140.44,merchant_demo_001
txn_994094a833df,acct_1b283f1bc0,2025-03-19T23:23:09,4285.15,merchant_demo_001
txn_67bb6f5929da,acct_1b283f1bc0,2026-01-29T23:23:09,658.93,merchant_demo_001
txn_23e2eb35bc54,acct_1b283f1bc0,2025-06-21T23:23:09,1672.31,merchant_demo_001
txn_bc23a3e996b1,acct_1b283f1bc0,2025-04-06T23:23:09,1531.72,merchant_demo_001
txn_0a18cc5cea28,acct_6d12f105e4,2025-09-08T16:47:31,2032.28,merchant_demo_001
txn_d29275005cee,acct_6d12f105e4,2025-11-17T16:47:31,4666.7,merchant_demo_001
txn_8155b3ac0ad5,acct_6d12f105e4,2026-02-21T16:47:31,2506.14,merchant_demo_001
txn_c19358b3590d,acct_6d12f105e4,2025-12-06T16:47:31,3799.75,merchant_demo_001
txn_b67dfc3d10ce,acct_212a6cbb82,2026-08-15T04:57:57,440.39,merchant_demo_001
txn_96d1ea31ef97,acct_212a6cbb82,2026-12-21T04:57:57,1775.96,merchant_demo_001
txn_7eaa3a155ea9,acct_069b8add3f,2026-11-18T05:11:26,2863.33,merchant_demo_001
txn_8e7ab788587c,acct_069b8add3f,2026-08-12T05:11:26,1798.49,merchant_demo_001
txn_ee49cc36dd26,acct_069b8add3f,2027-03-09T05:11:26,348.75,merchant_demo_001
txn_ca4b5ea72edf,acct_069b8add3f,2026-04-30T05:11:26,3151.83,merchant_demo_001
txn_1f774570f107,acct_069b8add3f,2027-01-30T05:11:26,1642.7,merchant_demo_001
txn_00828b4974fb,acct_1184109f16,2025-05-09T11:24:43,1865.25,merchant_demo_001
txn_063831f06bcf,acct_1184109f16,2025-08-20T11:24:43,2279.3,merchant_demo_001
txn_6e91e0172d21,acct_1184109f16,2025-07-28T11:24:43,475.44,merchant_demo_001
txn_4a03321227cd,acct_1184109f16,2025-09-11T11:24:43,4310.83,merchant_demo_001
txn_db94a3f7e8ec,acct_9abbfbc5ec,2026-09-18T02:11:01,2944.68,merchant_demo_001
txn_b8846ba4d8e3,acct_9abbfbc5ec,2027-03-05T02:11:01,970.39,merchant_demo_001
txn_42a64c37033d,acct_9abbfbc5ec,2026-11-12T02:11:01,3959.78,merchant_demo_001
txn_e7bd1c06e4e8,acct_9abbfbc5ec,2026-07-17T02:11:01,551.25,merchant_demo_001
txn_9192fb4cdaa7,acct_7eb6c9f940,2026-10-03T07:10:33,1994.79,merchant_demo_001
txn_c160dcbae334,acct_7eb6c9f940,2027-05-12T07:10:33,3086.55,merchant_demo_001
txn_0c81cc456233,acct_7eb6c9f940,2027-05-02T07:10:33,713.42,merchant_demo_001
txn_7199752f0ee6,acct_a739dce693,2026-01-03T17:33:40,2384.11,merchant_demo_001
txn_e99f17401bf5,acct_a739dce693,2025-12-05T17:33:40,2311.83,merchant_demo_001
txn_a690ea55e97d,acct_a739dce693,2025-11-23T17:33:40,2746.28,merchant_demo_001
txn_6b1b7debbdee,acct_a739dce693,2026-04-06T17:33:40,4984.0,merchant_demo_001
txn_7eaaaca0a173,acct_a739dce693,2026-08-01T17:33:40,1922.14,merchant_demo_001
txn_ee8132ebba5c,acct_daf0244b45,2026-11-30T02:56:50,4574.86,merchant_demo_001
txn_be0dd895ffcf,acct_d7f319680d,2026-07-25T10:02:37,2630.14,merchant_demo_001
txn_a804113ece42,acct_d7f319680d,2026-11-05T10:02:37,4045.83,merchant_demo_001
txn_351f6818c093,acct_d7f319680d,2026-09-04T10:02:37,390.01,merchant_demo_001
txn_ee4dff62ce2d,acct_68e75ece33,2026-06-17T17:45:44,223.06,merchant_demo_001
txn_3bd8a88ded26,acct_68e75ece33,2026-07-01T17:45:44,3136.09,merchant_demo_001
txn_f53e0e91371d,acct_68e75ece33,2027-04-30T17:45:44,2336.04,merchant_demo_001
txn_e15bfd4df952,acct_68e75ece33,2026-10-21T17:45:44,3191.3,merchant_demo_001
txn_119b31941ba0,acct_dcf7c683d4,2025-07-15T11:32:07,2700.3,merchant_demo_001
txn_177e9af0c59a,acct_dcf7c683d4,2025-12-16T11:32:07,4599.28,merchant_demo_001
txn_afc268117c50,acct_43850cca28,2025-07-04T22:22:06,1364.72,merchant_demo_001
txn_bbba95608c5e,acct_43850cca28,2025-06-04T22:22:06,4818.51,merchant_demo_001
txn_701fab9fe352,acct_4996e3a4a4,2026-06-25T23:12:28,3362.93,merchant_demo_001
txn_2080ef168488,acct_066d19747b,2025-07-02T08:59:23,720.08,merchant_demo_001
txn_0a63e843d27e,acct_066d19747b,2025-10-19T08:59:23,90.95,merchant_demo_001
txn_0d5ad5df9084,acct_066d19747b,2025-09-13T08:59:23,2458.7,merchant_demo_001
txn_6997408f5b59,acct_066d19747b,2025-10-16T08:59:23,2139.99,merchant_demo_001
txn_31f07bd843a0,acct_066d19747b,2026-03-19T08:59:23,4368.19,merchant_demo_001
txn_cbb171f972d2,acct_940873e602,2026-07-21T16:28:10,1332.86,merchant_demo_001
txn_f1bddb1ead46,acct_940873e602,2026-01-16T16:28:10,2293.77,merchant_demo_001
txn_c9113f788693,acct_940873e602,2026-05-28T16:28:10,3787.14,merchant_demo_001
txn_6343c89da4d3,acct_bf815026f9,2026-09-16T23:29:35,1619.09,merchant_demo_001
txn_3fb8c3b9a141,acct_bf815026f9,2026-03-05T23:29:35,4636.5,merchant_demo_001
txn_1d5b2d9d78dc,acct_462f74f4a9,2026-06-08T14:55:18,2896.91,merchant_demo_001
txn_796f52c388fd,acct_462f74f4a9,2025-12-02T14:55:18,2121.03,merchant_demo_001
txn_d413bdba8e53,acct_462f74f4a9,2026-06-03T14:55:18,1337.63,merchant_demo_001
txn_4c5ede5e1dcc,acct_462f74f4a9,2026-12-02T14:55:18,4309.79,merchant_demo_001
txn_e659cd6b9755,acct_462f74f4a9,2026-10-13T14:55:18,4308.32,merchant_demo_001
txn_e2292d07d52a,acct_e365eb9dae,2027-01-06T19:55:58,909.82,merchant_demo_001
txn_8699cdf81a53,acct_8713024ff7,2025-12-27T11:21:41,3829.48,merchant_demo_001
txn_d8afb0ca4918,acct_8713024ff7,2025-08-17T11:21:41,4695.5,merchant_demo_001
txn_e4d700d18e79,acct_8713024ff7,2025-12-13T11:21:41,2299.01,merchant_demo_001
txn_1277ee275702,acct_8713024ff7,2025-08-13T11:21:41,4362.29,merchant_demo_001
txn_408898c87aa1,acct_8713024ff7,2026-04-18T11:21:41,4806.54,merchant_demo_001
txn_5df8ac30a976,acct_ae6096cc04,2027-04-30T21:43:06,1223.79,merchant_demo_001
txn_e498a42cae6a,acct_fb328292c0,2026-04-04T09:27:30,3755.65,merchant_demo_001
txn_56f8da1b9da6,acct_fb328292c0,2026-02-20T09:27:30,722.13,merchant_demo_001
txn_6ab303c1d968,acct_fb328292c0,2026-03-11T09:27:30,660.27,merchant_demo_001
txn_d7ea0b5b358a,acct_00d97ddeee,2026-07-18T05:52:12,155.3,merchant_demo_001
txn_a230acc735e6,acct_00d97ddeee,2026-11-12T05:52:12,4039.92,merchant_demo_001
txn_eb787f9f72ea,acct_00d97ddeee,2027-01-20T05:52:12,4926.34,merchant_demo_001
txn_eb4403df21c5,acct_7c52d4a42c,2026-05-21T16:29:47,1949.55,merchant_demo_001
txn_2e45e3c90e1e,acct_e393278ef3,2026-02-12T23:44:40,3618.17,merchant_demo_001
txn_a33b3f9d0c58,acct_e393278ef3,2025-01-28T23:44:40,1055.32,merchant_demo_001
txn_06869cf353d5,acct_e393278ef3,2025-04-27T23:44:40,2973.71,merchant_demo_001
txn_a25d0f77d225,acct_52f7ec2042,2026-04-01T14:25:22,2560.92,merchant_demo_001
txn_17cd300606ea,acct_52f7ec2042,2026-06-12T14:25:22,2764.46,merchant_demo_001
txn_2746e9450b3d,acct_52f7ec2042,2026-10-11T14:25:22,3276.9,merchant_demo_001
txn_e47c3e39aa95,acct_52f7ec2042,2026-08-29T14:25:22,4810.91,merchant_demo_001
txn_e72b1c694ab7,acct_52f7ec2042,2026-06-20T14:25:22,3674.88,merchant_demo_001
txn_cd6dcee888be,acct_740f97c78a,2026-08-31T07:17:59,1455.63,merchant_demo_001
txn_4a265e4e4642,acct_740f97c78a,2026-10-06T07:17:59,2275.06,merchant_demo_001
txn_7184f81b12c9,acct_340e3a3610,2026-03-20T18:15:30,1201.11,merchant_demo_001
txn_4e70c5655d54,acct_340e3a3610,2026-02-04T18:15:30,3044.96,merchant_demo_001
txn_801664fc26c9,acct_340e3a3610,2026-12-15T18:15:30,4570.06,merchant_demo_001
txn_28e760900e47,acct_d6379bab9d,2025-07-06T23:02:50,2587.62,merchant_demo_001
txn_a64ce3a2751b,acct_d6379bab9d,2026-02-19T23:02:50,4373.07,merchant_demo_001
txn_0af9a8e6b993,acct_d6379bab9d,2025-04-10T23:02:50,972.13,merchant_demo_001
txn_c1c25d684423,acct_49c544d17f,2025-06-15T02:31:23,709.54,merchant_demo_001
txn_a7b2a91bbba6,acct_06494110fb,2026-01-10T22:51:39,4850.95,merchant_demo_001
txn_e0e105dfdd3a,acct_06494110fb,2026-02-28T22:51:39,385.71,merchant_demo_001
txn_aa1d8eb74eef,acct_06494110fb,2026-01-12T22:51:39,4318.66,merchant_demo_001
txn_02f7d943389a,acct_712ed8de2b,2025-07-01T00:43:21,3075.5,merchant_demo_001
txn_c4c981ee3f67,acct_712ed8de2b,2026-05-24T00:43:21,3279.25,merchant_demo_001
txn_9fe3ded1e316,acct_81bb1a530c,2026-04-28T06:04:04,713.06,merchant_demo_001
txn_3582345575e2,acct_81bb1a530c,2026-01-19T06:04:04,3801.91,merchant_demo_001
txn_9eb7c0382d27,acct_81bb1a530c,2025-10-07T06:04:04,147.42,merchant_demo_001
txn_9ab23845ecf5,acct_81bb1a530c,2026-09-01T06:04:04,3466.2,merchant_demo_001
txn_a354d5f2aa80,acct_395e4d2dba,2027-01-27T12:05:53,1396.95,merchant_demo_001
txn_a599de3d5dc1,acct_395e4d2dba,2026-11-17T12:05:53,1114.7,merchant_demo_001
txn_d856bba22ca3,acct_395e4d2dba,2026-06-19T12:05:53,1887.6,merchant_demo_001
txn_2b059b234a30,acct_395e4d2dba,2027-03-07T12:05:53,1238.98,merchant_demo_001
txn_75d9caae5180,acct_395e4d2dba,2026-11-10T12:05:53,3234.07,merchant_demo_001
txn_e1cdf4cc5333,acct_253a30801f,2026-03-19T12:26:18,2439.47,merchant_demo_001
txn_9d19467115a8,acct_1149992ba0,2026-04-06T21:52:40,539.01,merchant_demo_001
txn_f76680ab6b64,acct_1149992ba0,2026-09-19T21:52:40,4621.8,merchant_demo_001
txn_3a0d4e73dc94,acct_1149992ba0,2026-01-11T21:52:40,3765.73,merchant_demo_001
txn_0b8adbe0d127,acct_1149992ba0,2026-08-04T21:52:40,4762.98,merchant_demo_001
txn_75ea4539a026,acct_1149992ba0,2025-11-13T21:52:40,2957.54,merchant_demo_001
txn_55d0e0c10492,acct_c1529cd942,2026-05-21T14:22:18,797.57,merchant_demo_001
txn_5f4d5fa0be1a,acct_c1529cd942,2026-04-07T14:22:18,4915.67,merchant_demo_001
txn_4b3d8db4a41a,acct_c1529cd942,2026-07-11T14:22:18,2064.03,merchant_demo_001
txn_a50797e6cf49,acct_c1529cd942,2025-12-22T14:22:18,928.41,merchant_demo_001
txn_8c2af6f05f1d,acct_c1529cd942,2025-10-30T14:22:18,4959.69,merchant_demo_001
txn_9973468b52a8,acct_f5e403d9f4,2026-02-26T18:42:26,968.33,merchant_demo_001
txn_4e8ea7798388,acct_f5e403d9f4,2025-12-22T18:42:26,1361.82,merchant_demo_001
txn_94abcdcdc97f,acct_f5e403d9f4,2026-12-05T18:42:26,3246.15,merchant_demo_001
txn_21a0ca3c0262,acct_d6333903ae,2026-10-22T00:52:43,2125.12,merchant_demo_001
txn_ee0c92a0d7c4,acct_d6333903ae,2026-09-19T00:52:43,2691.17,merchant_demo_001
txn_470d7f0290b1,acct_951e1a1aaa,2025-01-21T23:13:18,225.46,merchant_demo_001
txn_961e15f78c21,acct_951e1a1aaa,2025-02-06T23:13:18,1943.73,merchant_demo_001
txn_30b96ace172e,acct_951e1a1aaa,2025-02-14T23:13:18,541.12,merchant_demo_001
txn_e836d23e865c,acct_1fa5007d78,2026-10-26T03:29:25,298.79,merchant_demo_001
txn_f18b64cd7cd8,acct_1fa5007d78,2026-07-14T03:29:25,789.08,merchant_demo_001
txn_5f0a7c88c33f,acct_1fa5007d78,2027-01-28T03:29:25,2270.82,merchant_demo_001
txn_604e70fec097,acct_1fa5007d78,2027-06-07T03:29:25,890.68,merchant_demo_001
txn_292b7dea1efb,acct_c162f3bf43,2026-12-22T03:09:42,223.98,merchant_demo_001
txn_21573039c2a4,acct_c162f3bf43,2026-09-19T03:09:42,1709.34,merchant_demo_001
txn_fbd4cc1f17e7,acct_46c1937ae6,2027-01-29T00:06:03,4471.65,merchant_demo_001
txn_3cacba677b32,acct_46c1937ae6,2027-02-10T00:06:03,3621.14,merchant_demo_001
txn_ba5641a613d9,acct_302bf09a37,2025-11-09T00:34:36,1833.94,merchant_demo_001
txn_ba0b21caa8e1,acct_0ea0ddcb44,2026-06-08T16:57:44,2937.79,merchant_demo_001
txn_55f73088d155,acct_0ea0ddcb44,2026-06-08T14:40:44,1727.87,merchant_demo_001
txn_a7fc4689da2d,acct_e1479f685d,2026-09-06T03:58:46,1599.29,merchant_demo_001
txn_45a4ce368a47,acct_e1479f685d,2025-12-01T03:58:46,524.11,merchant_demo_001
txn_74de6f30cf40,acct_e1479f685d,2026-03-05T03:58:46,725.98,merchant_demo_001
txn_19aa28d7a591,acct_e1479f685d,2026-08-16T03:58:46,4830.2,merchant_demo_001
txn_1c093392a2ef,acct_42be6ca234,2026-11-15T13:21:49,1120.13,merchant_demo_001
txn_0fbf54909ef0,acct_9dd2dabdd9,2025-03-17T20:50:17,988.06,merchant_demo_001
txn_9a623367a345,acct_9dd2dabdd9,2026-03-05T20:50:17,221.31,merchant_demo_001
txn_8a1df9425800,acct_9dd2dabdd9,2025-09-19T20:50:17,899.74,merchant_demo_001
txn_a87220b01fdc,acct_9dd2dabdd9,2025-03-19T20:50:17,590.33,merchant_demo_001
txn_7c0ee53745d9,acct_4f65e9695a,2026-06-18T04:53:51,2853.54,merchant_demo_001
txn_a002b6129b47,acct_4f65e9695a,2026-12-21T04:53:51,2571.11,merchant_demo_001
txn_be82c4448946,acct_4f65e9695a,2026-01-13T04:53:51,3292.68,merchant_demo_001
txn_2f76ba8a5546,acct_4f65e9695a,2026-08-16T04:53:51,755.55,merchant_demo_001
txn_eb194bc90522,acct_4f65e9695a,2026-02-05T04:53:51,173.51,merchant_demo_001
txn_04267cfa27ac,acct_01f9e98355,2025-08-15T19:16:36,4357.19,merchant_demo_001
txn_1f4087cf2bdf,acct_01f9e98355,2026-03-05T19:16:36,3878.7,merchant_demo_001
txn_8e67b772036f,acct_01f9e98355,2026-03-22T19:16:36,2067.19,merchant_demo_001
txn_91549c4c5998,acct_a54436bf6a,2025-02-11T11:50:10,599.25,merchant_demo_001
txn_77a2025186a1,acct_460b55baef,2027-04-17T06:46:58,4048.33,merchant_demo_001
txn_6db7108cf1f1,acct_460b55baef,2026-08-15T06:46:58,2396.11,merchant_demo_001
txn_7f92885922e5,acct_c74e00463c,2026-09-17T12:30:19,1321.33,merchant_demo_001
txn_14855dd68441,acct_d9db25ae00,2026-07-13T17:35:37,316.28,merchant_demo_001
txn_19a1742aa459,acct_d9db25ae00,2026-03-01T17:35:37,4134.01,merchant_demo_001
txn_686ca5193546,acct_a830a2a4b1,2026-09-05T12:02:08,4291.3,merchant_demo_001
txn_67511aaf9015,acct_a830a2a4b1,2026-06-14T12:02:08,959.15,merchant_demo_001
txn_2ac66e25f573,acct_a830a2a4b1,2026-06-20T12:02:08,509.57,merchant_demo_001
txn_920daf3bdea0,acct_d9b52accd7,2025-08-01T21:00:49,763.15,merchant_demo_001
txn_799a96c4647d,acct_d9b52accd7,2025-10-25T21:00:49,1112.64,merchant_demo_001
txn_213c4915f79c,acct_d9b52accd7,2026-05-21T21:00:49,1385.9,merchant_demo_001
txn_8956df83849d,acct_d9b52accd7,2025-09-05T21:00:49,752.48,merchant_demo_001
txn_eeb8ff940736,acct_5794bc90bd,2026-12-11T05:50:51,1394.41,merchant_demo_001
txn_d53efd23ae8f,acct_5f4a6f1ee9,2026-10-17T07:48:19,4422.34,merchant_demo_001
txn_40380a1fcdbd,acct_5f4a6f1ee9,2026-08-28T07:48:19,3104.27,merchant_demo_001
txn_17c39f183358,acct_5f4a6f1ee9,2026-06-03T07:48:19,3388.29,merchant_demo_001
txn_83f726ecdc66,acct_5f4a6f1ee9,2026-09-20T07:48:19,3225.69,merchant_demo_001
txn_65e0fcce4aae,acct_dc8b160f05,2026-07-10T02:51:19,517.15,merchant_demo_001
txn_73b31269a3c2,acct_dc8b160f05,2026-04-06T02:51:19,2378.11,merchant_demo_001
txn_9fea466e57ee,acct_dc8b160f05,2026-03-11T02:51:19,3275.15,merchant_demo_001
txn_0b0ec7f6fab6,acct_c73f678f87,2025-12-23T04:16:40,3614.99,merchant_demo_001
txn_308c436a5421,acct_c73f678f87,2025-12-23T03:06:40,4854.03,merchant_demo_001
txn_8161e4a8d2de,acct_c73f678f87,2025-12-23T05:53:40,712.99,merchant_demo_001
txn_0e452d4f742b,acct_cb6f4b0827,2027-03-29T01:08:05,1827.5,merchant_demo_001
txn_e04070a651da,acct_cb6f4b0827,2027-01-10T01:08:05,1786.24,merchant_demo_001
txn_f57e43a4b72c,acct_cb6f4b0827,2026-10-21T01:08:05,233.42,merchant_demo_001
txn_de7111aa5a84,acct_a5cc29fd0f,2026-07-27T17:52:20,2896.11,merchant_demo_001
txn_a5c929810fdf,acct_4aec3e9082,2026-12-23T16:14:18,4777.66,merchant_demo_001
txn_83249c63f87c,acct_10e2ddde8c,2027-03-02T10:49:08,4614.83,merchant_demo_001
txn_09ecb50632f7,acct_10e2ddde8c,2026-06-24T10:49:08,895.11,merchant_demo_001
txn_9fe9f6f475f2,acct_10e2ddde8c,2026-12-15T10:49:08,2725.44,merchant_demo_001
txn_cb84cee89d83,acct_10e2ddde8c,2026-12-02T10:49:08,4967.17,merchant_demo_001
txn_6890eb25d018,acct_10e2ddde8c,2027-05-03T10:49:08,1463.4,merchant_demo_001
txn_e022ae309376,acct_7b2a411873,2026-01-22T01:20:18,4430.24,merchant_demo_001
txn_9b8ce643efda,acct_7b2a411873,2025-08-31T01:20:18,2420.9,merchant_demo_001
txn_a906644bfe5e,acct_7b2a411873,2025-11-28T01:20:18,3966.26,merchant_demo_001
txn_4b4b21b8e8af,acct_7b2a411873,2026-01-11T01:20:18,3388.6,merchant_demo_001
txn_2caf0c90da55,acct_7b2a411873,2025-06-26T01:20:18,1108.77,merchant_demo_001
txn_351c668dcebd,acct_495e44df4b,2026-08-26T02:33:24,4543.88,merchant_demo_001
txn_ee49284e736e,acct_495e44df4b,2027-04-09T02:33:24,2651.32,merchant_demo_001
txn_ad85ed09c495,acct_495e44df4b,2027-01-02T02:33:24,2308.12,merchant_demo_001
txn_bde9e7b4701f,acct_495e44df4b,2026-08-08T02:33:24,2580.3,merchant_demo_001
txn_6d0dd331dc67,acct_4f1d1c322f,2026-06-20T20:39:46,4113.28,merchant_demo_001
txn_b9fa34877ea7,acct_090dad7c7c,2026-07-16T18:50:46,4884.77,merchant_demo_001
txn_a6beadb74868,acct_090dad7c7c,2026-07-27T18:50:46,2880.84,merchant_demo_001
txn_9b118d1d5ec5,acct_090dad7c7c,2027-02-07T18:50:46,1493.3,merchant_demo_001
txn_06fc75295169,acct_090dad7c7c,2027-03-18T18:50:46,696.62,merchant_demo_001
txn_aa7d89a20bdf,acct_090dad7c7c,2027-01-10T18:50:46,1538.84,merchant_demo_001
txn_81ee469fbe55,acct_f0cbf5ab9e,2026-05-28T15:41:12,2877.84,merchant_demo_001
txn_0dc79f9f08d1,acct_6965f51ead,2026-06-30T11:19:58,4473.98,merchant_demo_001
txn_32f5a0d1c146,acct_6965f51ead,2025-09-13T11:19:58,1995.54,merchant_demo_001
txn_c805a591ada2,acct_6965f51ead,2026-06-10T11:19:58,3145.37,merchant_demo_001
txn_1c9d2d6bea2f,acct_6965f51ead,2025-09-11T11:19:58,3937.84,merchant_demo_001
txn_9dcc93f09c42,acct_6965f51ead,2025-09-27T11:19:58,1429.08,merchant_demo_001
txn_d77cc141f703,acct_c0975a0fbc,2026-05-22T22:59:30,2213.38,merchant_demo_001
txn_d02fd73e5c36,acct_c0975a0fbc,2026-04-20T22:59:30,4725.52,merchant_demo_001
txn_9cd0f4a234f1,acct_c0975a0fbc,2025-09-23T22:59:30,2545.64,merchant_demo_001
txn_4e5f3c3680cf,acct_4051b503f5,2026-08-23T11:55:32,2891.72,merchant_demo_001
txn_341f940a3ca7,acct_b4c947bcfb,2026-07-04T22:49:25,1626.88,merchant_demo_001
txn_69108e36e4ad,acct_b4c947bcfb,2026-07-15T22:49:25,978.08,merchant_demo_001
txn_1ab61d023df6,acct_b4c947bcfb,2026-12-06T22:49:25,4285.63,merchant_demo_001
txn_f5958231fca0,acct_b4c947bcfb,2026-03-02T22:49:25,376.29,merchant_demo_001
txn_8b9e5d2be0ea,acct_b4c947bcfb,2026-03-01T22:49:25,1036.54,merchant_demo_001
txn_a46bb6e2962a,acct_2065fb9ce2,2026-07-08T04:09:10,4697.06,merchant_demo_001
txn_1ecbf5740af4,acct_2065fb9ce2,2025-10-05T04:09:10,4337.79,merchant_demo_001
txn_e3e88a70d546,acct_2065fb9ce2,2026-01-21T04:09:10,4518.18,merchant_demo_001
txn_fef7d6f6a621,acct_2065fb9ce2,2025-07-22T04:09:10,4399.31,merchant_demo_001
txn_84e69ae0bac4,acct_fa721f4179,2025-09-07T05:32:52,351.75,merchant_demo_001
txn_4ae6f4d341d1,acct_fa721f4179,2025-09-15T05:32:52,2765.29,merchant_demo_001
txn_f6dbd07ace52,acct_73e26ab7c0,2025-08-01T09:10:32,3976.73,merchant_demo_001
txn_b639b3610d4f,acct_73e26ab7c0,2026-04-11T09:10:32,3585.87,merchant_demo_001
txn_6399bf22cf88,acct_73e26ab7c0,2025-10-19T09:10:32,2294.51,merchant_demo_001
txn_a661b752d93a,acct_73e26ab7c0,2026-01-24T09:10:32,600.59,merchant_demo_001
txn_6eada7e1183b,acct_3ace52771e,2026-06-05T12:42:28,2604.98,merchant_demo_001
txn_5261959db513,acct_50fe0dbcae,2026-06-18T11:12:47,3901.82,merchant_demo_001
txn_6e02ead2e064,acct_50fe0dbcae,2025-07-06T11:12:47,650.52,merchant_demo_001
txn_0834ab8cb789,acct_50fe0dbcae,2025-07-20T11:12:47,2060.66,merchant_demo_001
txn_3c5d508b20e4,acct_50fe0dbcae,2025-05-22T11:12:47,164.56,merchant_demo_001
txn_7e724af0c5a4,acct_50fe0dbcae,2025-07-07T11:12:47,1953.19,merchant_demo_001
txn_28dbee87d755,acct_9fe4cc7704,2025-06-27T12:25:48,737.38,merchant_demo_001
txn_93decdb5b9a5,acct_9fe4cc7704,2025-11-07T12:25:48,1047.63,merchant_demo_001
txn_c038a0728270,acct_a2d5840e10,2027-04-24T09:59:35,4166.76,merchant_demo_001
txn_539fe22b0a5c,acct_a2d5840e10,2027-03-20T09:59:35,2683.07,merchant_demo_001
txn_a5d6ef8cbc71,acct_a2d5840e10,2027-05-10T09:59:35,2906.99,merchant_demo_001
txn_beb717ed3f38,acct_a2d5840e10,2026-12-01T09:59:35,3713.06,merchant_demo_001
txn_6a6220663913,acct_8fe85feaf5,2026-01-29T07:59:23,1971.61,merchant_demo_001
txn_bf06f4771770,acct_8fe85feaf5,2026-10-11T07:59:23,3986.03,merchant_demo_001
txn_8cd09532adee,acct_8fe85feaf5,2026-06-28T07:59:23,1536.0,merchant_demo_001
txn_186d520c126d,acct_8fe85feaf5,2026-02-18T07:59:23,4716.87,merchant_demo_001
txn_0d6dd21ee6e1,acct_8fe85feaf5,2026-10-14T07:59:23,2155.02,merchant_demo_001
txn_9fdad1f9cb70,acct_ca8f6cc209,2026-08-02T18:01:19,1262.47,merchant_demo_001
txn_25c2dbd861ad,acct_ca8f6cc209,2026-02-10T18:01:19,164.14,merchant_demo_001
txn_2982cd5dc1af,acct_ca8f6cc209,2026-11-17T18:01:19,4088.88,merchant_demo_001
txn_da34ef9893f2,acct_950d55beb7,2025-12-24T22:33:22,1422.78,merchant_demo_001
txn_a4b609418d18,acct_950d55beb7,2025-07-26T22:33:22,1282.75,merchant_demo_001
txn_d5773b5c33f7,acct_950d55beb7,2025-06-04T22:33:22,4457.08,merchant_demo_001
txn_0f493c84fe59,acct_950d55beb7,2026-04-10T22:33:22,4183.41,merchant_demo_001
txn_491b53278f2d,acct_950d55beb7,2025-11-19T22:33:22,458.29,merchant_demo_001
txn_b137e725326b,acct_81cb3e23c5,2026-11-20T10:40:39,4417.78,merchant_demo_001
txn_85160fb77d7d,acct_481fa5d8ca,2025-05-25T19:23:28,3327.66,merchant_demo_001
txn_889aadde6c5c,acct_481fa5d8ca,2026-01-17T19:23:28,3246.52,merchant_demo_001
txn_1ede8ce353e4,acct_481fa5d8ca,2026-03-29T19:23:28,1332.73,merchant_demo_001
txn_f8e5b01ba414,acct_91f099aeeb,2026-04-01T17:14:11,3808.19,merchant_demo_001
txn_bed5a310df2e,acct_91f099aeeb,2026-06-26T17:14:11,792.9,merchant_demo_001
txn_fe6b7ab4dd07,acct_91f099aeeb,2026-01-28T17:14:11,986.11,merchant_demo_001
txn_b30ea2f804bc,acct_91f099aeeb,2026-06-01T17:14:11,4034.35,merchant_demo_001
txn_a727493eb66a,acct_91f099aeeb,2026-12-25T17:14:11,109.59,merchant_demo_001
txn_d4cf951d02e5,acct_7d3d8a034a,2025-04-20T23:17:51,1653.51,merchant_demo_001
txn_0c9a8bbcf222,acct_7d3d8a034a,2025-05-08T23:17:51,1424.78,merchant_demo_001
txn_3e2c594d0137,acct_7d3d8a034a,2025-08-04T23:17:51,198.36,merchant_demo_001
txn_fee5bbe0e83a,acct_b6f298f0b1,2025-11-29T03:57:09,4720.08,merchant_demo_001
txn_0bd08270953d,acct_b6f298f0b1,2026-03-27T03:57:09,3006.29,merchant_demo_001
txn_ea0da6cc28c1,acct_b6f298f0b1,2025-10-13T03:57:09,2930.92,merchant_demo_001
txn_bd93baea33e5,acct_c2e58b5980,2025-09-27T11:32:41,2188.12,merchant_demo_001
txn_c49e65b6739d,acct_c2e58b5980,2025-05-18T11:32:41,3594.76,merchant_demo_001
txn_2ee98cb59036,acct_c2e58b5980,2025-04-21T11:32:41,339.87,merchant_demo_001
txn_64edf1c8f913,acct_ad39723c0d,2025-12-08T11:39:20,4412.11,merchant_demo_001
txn_0fea78ea92ca,acct_ad39723c0d,2026-07-29T11:39:20,129.36,merchant_demo_001
txn_fd952605bb09,acct_a8d28bbe60,2026-06-09T17:45:10,3861.46,merchant_demo_001
txn_933443bd3589,acct_a8d28bbe60,2025-07-29T17:45:10,3459.16,merchant_demo_001
txn_5538b5df6b59,acct_39c1f5dc15,2026-02-09T11:59:28,3280.46,merchant_demo_001
txn_4042ff8073f0,acct_39c1f5dc15,2026-08-20T11:59:28,2261.35,merchant_demo_001
txn_9289fb91ba53,acct_613fd0906f,2025-10-26T05:52:38,788.99,merchant_demo_001
txn_4a077a7fc3ce,acct_613fd0906f,2026-05-14T05:52:38,746.66,merchant_demo_001
txn_7487e28d8bc3,acct_613fd0906f,2026-07-24T05:52:38,1765.92,merchant_demo_001
txn_b6d71e4d6c21,acct_e0ebdf1129,2026-07-31T08:56:04,1347.3,merchant_demo_001
txn_07196e09d188,acct_35fc4d319a,2025-04-19T21:19:46,2364.47,merchant_demo_001
txn_8a5410338417,acct_35fc4d319a,2025-08-11T21:19:46,3204.01,merchant_demo_001
txn_65f611f5c1b6,acct_35fc4d319a,2025-05-18T21:19:46,2087.35,merchant_demo_001
txn_de4ff2316fd4,acct_36ab4af29c,2025-09-11T21:38:40,1754.98,merchant_demo_001
txn_7b1d1b42ffb5,acct_36ab4af29c,2026-01-08T21:38:40,136.11,merchant_demo_001
txn_0f1e2b7e05fb,acct_895182d2d0,2025-07-03T20:30:13,839.38,merchant_demo_001
txn_c0d367893bbc,acct_895182d2d0,2025-07-07T20:30:13,4962.83,merchant_demo_001
txn_acf35b8be8f1,acct_895182d2d0,2026-03-02T20:30:13,4754.57,merchant_demo_001
txn_58db6221480d,acct_57b10b541c,2026-02-21T06:02:33,1693.48,merchant_demo_001
txn_c17a8a47147a,acct_57b10b541c,2025-12-05T06:02:33,625.17,merchant_demo_001
txn_0e9cc6af8dc6,acct_57b10b541c,2025-09-29T06:02:33,4694.43,merchant_demo_001
txn_a8ae2e5aafad,acct_57b10b541c,2026-01-14T06:02:33,924.61,merchant_demo_001
txn_8b9d35c0246c,acct_57b10b541c,2026-01-16T06:02:33,4874.04,merchant_demo_001
txn_311940a75e6d,acct_ff664bd5c0,2026-05-11T00:53:37,138.6,merchant_demo_001
txn_95c0ccf7ce6f,acct_ff664bd5c0,2026-07-01T00:53:37,4338.07,merchant_demo_001
txn_a1ae56421810,acct_ff664bd5c0,2026-02-14T00:53:37,616.39,merchant_demo_001
txn_e0f49e101494,acct_7c6a0e1c60,2025-05-21T11:59:51,2350.01,merchant_demo_001
txn_c47f27978fe1,acct_82b4a1fdf0,2025-10-27T06:54:46,324.14,merchant_demo_001
txn_9c2100a60990,acct_82b4a1fdf0,2026-02-10T06:54:46,2071.57,merchant_demo_001
txn_53f8e65d5476,acct_7f941f5403,2025-04-22T21:58:21,682.54,merchant_demo_001
txn_06a751db6485,acct_c72875e54a,2026-06-14T22:58:41,759.46,merchant_demo_001
txn_459d0bd1a61b,acct_c72875e54a,2025-11-03T22:58:41,196.64,merchant_demo_001
txn_7f76548814a2,acct_7ac3f5b1e2,2026-08-19T06:19:19,4918.87,merchant_demo_001
txn_13609d817257,acct_7ac3f5b1e2,2026-07-13T06:19:19,2860.6,merchant_demo_001
txn_79faae960ab7,acct_f673c52cb6,2026-04-04T06:26:43,1786.7,merchant_demo_001
txn_d00219cf1619,acct_f673c52cb6,2026-05-03T06:26:43,195.36,merchant_demo_001
txn_52c998863418,acct_f673c52cb6,2026-07-13T06:26:43,4735.19,merchant_demo_001
txn_748254beba40,acct_f673c52cb6,2027-03-01T06:26:43,1902.59,merchant_demo_001
txn_861e9f81661f,acct_7c018e1093,2027-04-24T14:26:33,2175.45,merchant_demo_001
txn_d6febe910154,acct_7c018e1093,2027-05-02T14:26:33,1659.26,merchant_demo_001
txn_0099bca97bc6,acct_7c018e1093,2027-05-13T14:26:33,4461.47,merchant_demo_001
txn_5a1ce11c0f86,acct_7c018e1093,2027-05-04T14:26:33,1329.82,merchant_demo_001
txn_bb2e16a4b94f,acct_deadff43c3,2027-05-28T05:35:14,277.72,merchant_demo_001
txn_ed2f07cee8ca,acct_deadff43c3,2026-10-25T05:35:14,3292.7,merchant_demo_001
txn_2eb39b7d841d,acct_deadff43c3,2026-08-03T05:35:14,4893.42,merchant_demo_001
txn_dccb1b45f5f4,acct_deadff43c3,2026-12-22T05:35:14,4938.5,merchant_demo_001
txn_6f2e02d529fb,acct_38fec1633c,2026-10-21T04:25:29,4134.83,merchant_demo_001
txn_3815670bc30d,acct_38fec1633c,2026-04-20T04:25:29,580.0,merchant_demo_001
txn_7c3554ef9a7d,acct_38fec1633c,2026-05-23T04:25:29,1697.84,merchant_demo_001
txn_196d7a902dee,acct_0fbe5febe5,2025-07-11T17:49:12,2521.14,merchant_demo_001
txn_9c49ade97bd1,acct_78866e507b,2027-02-12T12:36:59,1580.18,merchant_demo_001
txn_83f13af43a5f,acct_78866e507b,2026-04-20T12:36:59,1334.39,merchant_demo_001
txn_1e11a0238892,acct_9e784dec2c,2027-02-02T23:28:01,4807.46,merchant_demo_001
txn_af826103ca23,acct_9e784dec2c,2026-06-04T23:28:01,2481.29,merchant_demo_001
txn_c558a77a0aa1,acct_9e784dec2c,2026-11-18T23:28:01,2697.05,merchant_demo_001
txn_df88466b939b,acct_aac4bcf64e,2025-08-23T09:32:43,3796.47,merchant_demo_001
txn_bba0f3337681,acct_aac4bcf64e,2026-04-01T09:32:43,3412.98,merchant_demo_001
txn_0021a3efee4d,acct_969841a6c4,2027-01-03T13:48:37,4765.93,merchant_demo_001
txn_89d06e7628a4,acct_969841a6c4,2026-08-15T13:48:37,2292.66,merchant_demo_001
txn_91401d32d21e,acct_969841a6c4,2026-01-27T13:48:37,2571.47,merchant_demo_001
txn_f2a2473c71ec,acct_969841a6c4,2026-08-28T13:48:37,3532.78,merchant_demo_001
txn_d5597e7d0b38,acct_27afb9f02b,2026-01-28T01:32:01,4662.82,merchant_demo_001
txn_e9a8016ce45e,acct_27afb9f02b,2026-09-06T01:32:01,2030.94,merchant_demo_001
txn_69e0bf9d405b,acct_27afb9f02b,2025-10-19T01:32:01,4286.83,merchant_demo_001
txn_b6bf4844be64,acct_27afb9f02b,2025-12-21T01:32:01,4918.65,merchant_demo_001
txn_b6d78934db8d,acct_62151f9842,2026-05-07T10:21:09,4425.18,merchant_demo_001
txn_026fb2d819c6,acct_62151f9842,2026-04-20T10:21:09,4268.89,merchant_demo_001
txn_79210481c16d,acct_62151f9842,2026-05-07T10:21:09,2577.65,merchant_demo_001
txn_fa76951f69cf,acct_62151f9842,2026-02-08T10:21:09,3961.03,merchant_demo_001
txn_1e949168f690,acct_62151f9842,2026-02-20T10:21:09,2392.86,merchant_demo_001
txn_a34e8c904fc0,acct_c4fae5c90f,2026-05-08T15:37:02,840.24,merchant_demo_001
txn_9cfe28127ece,acct_105a54eeb6,2027-02-12T10:22:56,1078.08,merchant_demo_001
txn_9bcc72297cce,acct_4353e03a62,2025-04-22T04:40:13,2093.27,merchant_demo_001
txn_b6e410dde320,acct_5490099d06,2026-04-28T08:33:00,1551.37,merchant_demo_001
txn_35aa09176570,acct_06d031e276,2027-03-09T22:54:33,4967.44,merchant_demo_001
txn_9df75c528fb9,acct_06d031e276,2026-09-17T22:54:33,671.49,merchant_demo_001
txn_ce4c61c24962,acct_06d031e276,2026-12-12T22:54:33,4327.27,merchant_demo_001
txn_d1f9ae93330d,acct_06d031e276,2026-10-20T22:54:33,1572.62,merchant_demo_001
txn_8108204f97f4,acct_06d031e276,2026-12-09T22:54:33,3643.99,merchant_demo_001
txn_642dd43a07d9,acct_8983ad7715,2026-08-19T10:06:48,804.18,merchant_demo_001
txn_eacc40c8e154,acct_8983ad7715,2026-01-07T10:06:48,796.54,merchant_demo_001
txn_7d79cc3cc0fa,acct_8983ad7715,2026-05-03T10:06:48,3963.62,merchant_demo_001
txn_523df5d25181,acct_8983ad7715,2026-06-21T10:06:48,4225.21,merchant_demo_001
txn_52105d95c13d,acct_6d927f38fb,2026-09-04T17:13:59,3768.49,merchant_demo_001
txn_267c61369b6e,acct_6d927f38fb,2025-11-14T17:13:59,1816.74,merchant_demo_001
txn_4790036295fa,acct_6d927f38fb,2026-06-13T17:13:59,3938.99,merchant_demo_001
txn_7c2c4973d9a8,acct_6d927f38fb,2025-08-31T17:13:59,4850.99,merchant_demo_001
txn_563945ec598f,acct_6d927f38fb,2026-07-26T17:13:59,3470.23,merchant_demo_001
txn_be1839c3e257,acct_eac9037068,2026-11-05T12:36:04,4100.88,merchant_demo_001
txn_30e1dfdda4ee,acct_eac9037068,2027-01-07T12:36:04,662.44,merchant_demo_001
txn_3c5c74362df5,acct_eac9037068,2026-11-19T12:36:04,3565.77,merchant_demo_001
txn_5f5dffc84cc4,acct_21d50e57a1,2026-04-27T08:36:03,1018.05,merchant_demo_001
txn_ffb0cc2ea024,acct_21d50e57a1,2026-01-02T08:36:03,447.52,merchant_demo_001
txn_15528f2651d1,acct_21d50e57a1,2025-06-10T08:36:03,2344.82,merchant_demo_001
txn_8e84715e935b,acct_21d50e57a1,2025-03-28T08:36:03,4293.01,merchant_demo_001
txn_5e4103aa9e41,acct_81875b47dc,2026-08-06T12:59:08,1568.28,merchant_demo_001
txn_e2099ad3d43e,acct_81875b47dc,2026-09-28T12:59:08,3401.98,merchant_demo_001
txn_2cf788b12565,acct_81875b47dc,2026-09-03T12:59:08,2527.19,merchant_demo_001
txn_77b3f76b259b,acct_81875b47dc,2026-12-22T12:59:08,4041.14,merchant_demo_001
txn_dd891179106d,acct_50d4f7d87a,2026-08-16T08:10:56,2608.25,merchant_demo_001
txn_82888431bb8a,acct_3b5288b3e1,2027-01-20T01:36:15,2707.36,merchant_demo_001
txn_1932e01b48bf,acct_3b5288b3e1,2027-01-13T01:36:15,2055.5,merchant_demo_001
txn_886c9ad8b5b4,acct_3b5288b3e1,2027-07-21T01:36:15,140.52,merchant_demo_001
txn_ac82a2e58067,acct_3b5288b3e1,2026-08-09T01:36:15,4091.97,merchant_demo_001
txn_be7b24abc84c,acct_3b5288b3e1,2026-07-12T01:36:15,949.64,merchant_demo_001
txn_56f929eafac1,acct_8ff3bfc274,2025-09-29T15:38:29,1589.46,merchant_demo_001
txn_5f3dc03f0d4d,acct_8ff3bfc274,2026-02-23T15:38:29,3761.27,merchant_demo_001
txn_070a7ef21962,acct_743bc88950,2027-06-04T11:00:27,973.12,merchant_demo_001
txn_28e4e228398a,acct_c66ef8ef1d,2026-04-30T02:37:28,3555.75,merchant_demo_001
txn_2e184bcb84af,acct_a5025ca76c,2026-03-25T22:32:51,3075.94,merchant_demo_001
txn_4b8d80a07887,acct_1c6bb06d9d,2026-10-25T08:56:41,70.75,merchant_demo_001
txn_3bf57630134d,acct_1c6bb06d9d,2026-07-22T08:56:41,2508.52,merchant_demo_001
txn_34561b3249ac,acct_1c6bb06d9d,2026-05-12T08:56:41,3581.97,merchant_demo_001
txn_754c9081cf07,acct_1c6bb06d9d,2027-02-13T08:56:41,4367.86,merchant_demo_001
txn_ce0ffac264b0,acct_1c6bb06d9d,2026-10-05T08:56:41,311.71,merchant_demo_001
txn_7d68e383b7a4,acct_9f4f40457d,2025-11-13T14:55:05,857.62,merchant_demo_001
txn_28b2608570ae,acct_4e24500870,2026-01-19T23:22:45,2993.64,merchant_demo_001
txn_569a58f636ba,acct_4e24500870,2026-09-04T23:22:45,4148.96,merchant_demo_001
txn_64937bd745e7,acct_34ce1f7126,2025-12-10T08:37:56,4566.47,merchant_demo_001
txn_f59aafc5d59a,acct_34ce1f7126,2025-03-01T08:37:56,446.9,merchant_demo_001
txn_17754db56e95,acct_34ce1f7126,2025-06-25T08:37:56,210.55,merchant_demo_001
txn_22bf2bfcc0a4,acct_34ce1f7126,2025-02-10T08:37:56,1088.79,merchant_demo_001
txn_ee53b8f0b948,acct_34ce1f7126,2025-10-05T08:37:56,4075.79,merchant_demo_001
txn_2a5add7dc7be,acct_6b3de19e7a,2026-09-12T21:03:51,3763.55,merchant_demo_001
txn_dc6fcb3523bc,acct_6b3de19e7a,2027-03-31T21:03:51,3750.32,merchant_demo_001
txn_bae5cc6af00b,acct_a263627554,2025-12-31T00:30:26,3821.54,merchant_demo_001
txn_e8c7d0b4edfb,acct_a263627554,2026-02-15T00:30:26,2103.96,merchant_demo_001
txn_1ebd86a5d3c8,acct_a263627554,2026-06-10T00:30:26,3758.61,merchant_demo_001
txn_1b314306ac94,acct_a263627554,2026-03-25T00:30:26,3800.47,merchant_demo_001
txn_755f5494f8c2,acct_a263627554,2025-07-25T00:30:26,3814.77,merchant_demo_001
txn_e0faaa4abaf1,acct_dfe2effbf0,2026-08-07T00:21:03,3590.68,merchant_demo_001
txn_bd122520352d,acct_dfe2effbf0,2026-09-10T00:21:03,4953.59,merchant_demo_001
txn_ca518cca0957,acct_dfe2effbf0,2026-08-26T00:21:03,2561.27,merchant_demo_001
txn_1170f6430e9c,acct_731be00aff,2026-04-26T21:06:13,3257.67,merchant_demo_001
txn_128bfb81afe1,acct_747ea91629,2027-03-13T15:52:28,1676.85,merchant_demo_001
txn_b610e8769a31,acct_747ea91629,2026-12-21T15:52:28,4610.26,merchant_demo_001
txn_5f39c7354e35,acct_747ea91629,2027-05-05T15:52:28,646.38,merchant_demo_001
txn_fe7c1761e2c3,acct_747ea91629,2026-10-01T15:52:28,4793.11,merchant_demo_001
txn_2169b46f350c,acct_210508926f,2026-02-04T20:22:28,1721.6,merchant_demo_001
txn_c2c22de8fd10,acct_210508926f,2026-01-05T20:22:28,3545.54,merchant_demo_001
txn_e0fba4f37889,acct_210508926f,2025-10-24T20:22:28,2389.11,merchant_demo_001
txn_e07954f994e7,acct_ddb08e857e,2026-01-09T23:23:57,2666.0,merchant_demo_001
txn_9bee7bd2de85,acct_ddb08e857e,2025-11-12T23:23:57,2636.8,merchant_demo_001
txn_62397e78aa48,acct_fd919ac7ea,2027-03-13T02:48:29,731.13,merchant_demo_001
txn_89ec18263dd3,acct_34dd81ff8d,2025-11-17T03:50:30,3814.24,merchant_demo_001
txn_ae2ed42d5592,acct_34dd81ff8d,2026-01-16T03:50:30,1172.15,merchant_demo_001
txn_413a301ab4a1,acct_34dd81ff8d,2025-03-13T03:50:30,4730.19,merchant_demo_001
txn_3c9bff1d2a04,acct_34dd81ff8d,2025-03-10T03:50:30,2162.42,merchant_demo_001
txn_103481f53fcc,acct_0a320c07f8,2027-05-25T23:25:42,2584.33,merchant_demo_001
txn_da2df421e135,acct_0a320c07f8,2027-07-09T23:25:42,3097.07,merchant_demo_001
txn_5ce3d76cce1c,acct_0a320c07f8,2026-08-24T23:25:42,692.4,merchant_demo_001
txn_eb11f1fa475c,acct_0a320c07f8,2026-09-17T23:25:42,3400.39,merchant_demo_001
txn_1bccba1ab932,acct_0a320c07f8,2027-06-29T23:25:42,2960.99,merchant_demo_001
txn_ce7c67b90e46,acct_019fac52ae,2025-11-30T23:41:38,2431.55,merchant_demo_001
txn_dcf08a1baca6,acct_019fac52ae,2026-08-25T23:41:38,647.04,merchant_demo_001
txn_b5dd0589d30d,acct_019fac52ae,2025-11-03T23:41:38,2451.57,merchant_demo_001
txn_244604854143,acct_019fac52ae,2025-11-18T23:41:38,249.58,merchant_demo_001
txn_e10de108ae61,acct_2946603e9c,2026-01-05T21:54:39,4323.29,merchant_demo_001
txn_c2931a7a94fa,acct_2946603e9c,2025-03-28T21:54:39,951.2,merchant_demo_001
txn_a7744086e9e2,acct_2946603e9c,2025-08-18T21:54:39,2757.8,merchant_demo_001
txn_e3bb64e17f18,acct_2946603e9c,2026-03-04T21:54:39,3627.83,merchant_demo_001
txn_5f633ec554de,acct_695283a535,2026-03-24T08:21:43,3932.67,merchant_demo_001
txn_8396e3d9d58c,acct_695283a535,2026-05-14T08:21:43,4342.3,merchant_demo_001
txn_52bbb4f03308,acct_695283a535,2026-06-01T08:21:43,205.82,merchant_demo_001
txn_470ec7a1b161,acct_695283a535,2025-12-13T08:21:43,3274.09,merchant_demo_001
txn_f2d73ea98a6d,acct_695283a535,2026-08-26T08:21:43,4347.23,merchant_demo_001
txn_57cd7ee570c5,acct_6fbc4fe526,2026-12-28T22:10:15,718.02,merchant_demo_001
txn_8568cde43083,acct_6fbc4fe526,2026-06-20T22:10:15,4821.84,merchant_demo_001
txn_f502448a445e,acct_9c9fe28831,2025-09-11T18:44:33,1983.98,merchant_demo_001
txn_8cc61a1c222b,acct_2bb8c78823,2025-09-12T09:12:20,3032.2,merchant_demo_001
txn_111427c8dc2d,acct_d272707c5e,2025-12-02T13:26:48,1794.44,merchant_demo_001
txn_e6a77d7a5672,acct_d272707c5e,2025-10-14T13:26:48,1334.93,merchant_demo_001
txn_dc180b19d550,acct_d272707c5e,2026-01-30T13:26:48,2387.19,merchant_demo_001
txn_655a08cf0842,acct_d272707c5e,2025-09-10T13:26:48,4014.19,merchant_demo_001
txn_522c7e7e59fc,acct_0f9648afe2,2025-03-29T00:36:07,2212.81,merchant_demo_001
txn_6639d2ce70d9,acct_0f9648afe2,2026-02-12T00:36:07,636.05,merchant_demo_001
txn_09b5f0ab5456,acct_0f9648afe2,2025-12-16T00:36:07,4256.04,merchant_demo_001
txn_6857fe2d02c4,acct_0d242602d3,2027-05-01T20:39:14,3755.41,merchant_demo_001
txn_e62e62ef0d09,acct_0d242602d3,2026-07-21T20:39:14,492.74,merchant_demo_001
txn_ee00034e5f35,acct_0d242602d3,2026-06-07T20:39:14,3692.21,merchant_demo_001
txn_79ff9e68f546,acct_80f1295ed4,2025-10-27T15:19:30,4126.08,merchant_demo_001
txn_5f23602390e9,acct_80f1295ed4,2025-12-12T15:19:30,409.86,merchant_demo_001
txn_aa6d9db847f8,acct_80f1295ed4,2026-01-28T15:19:30,4642.33,merchant_demo_001
txn_cdae0b85be23,acct_80f1295ed4,2025-09-16T15:19:30,1028.24,merchant_demo_001
txn_a0f6fca2fc94,acct_3615e243e9,2027-01-15T02:17:46,2637.27,merchant_demo_001
txn_f2b776146bf9,acct_82cf7a7b8c,2026-09-27T06:47:48,824.88,merchant_demo_001
txn_bf3f15d2979f,acct_82cf7a7b8c,2025-12-09T06:47:48,3528.94,merchant_demo_001
txn_f2f8441980a6,acct_82cf7a7b8c,2026-08-13T06:47:48,606.91,merchant_demo_001
txn_6e2ecca8ec87,acct_ef4c01830b,2025-07-11T01:56:32,2910.54,merchant_demo_001
txn_f8a44fcfb171,acct_ef4c01830b,2025-08-14T01:56:32,2732.06,merchant_demo_001
txn_fb79dce4865a,acct_ef4c01830b,2025-08-16T01:56:32,2541.78,merchant_demo_001
txn_e2eca0396f91,acct_ef4c01830b,2025-07-10T01:56:32,166.75,merchant_demo_001
txn_16532de0fe9b,acct_ef4c01830b,2025-08-21T01:56:32,4568.73,merchant_demo_001
txn_f56921c02bcf,acct_bd3c7a7ed2,2026-01-19T10:38:31,4056.38,merchant_demo_001
txn_ca265161f98f,acct_bd3c7a7ed2,2025-04-25T10:38:31,4079.53,merchant_demo_001
txn_961672a30353,acct_bd3c7a7ed2,2025-08-26T10:38:31,4297.85,merchant_demo_001
txn_dbe6e33829cc,acct_bd3c7a7ed2,2025-04-10T10:38:31,779.43,merchant_demo_001
txn_3f921456a45e,acct_23607f8e26,2025-05-23T14:57:12,1916.43,merchant_demo_001
txn_935117217859,acct_23607f8e26,2026-04-20T14:57:12,1855.41,merchant_demo_001
txn_825db8f4a39f,acct_23607f8e26,2026-04-17T14:57:12,2772.75,merchant_demo_001
txn_139731c8c864,acct_bd7ba2d31c,2027-06-04T04:49:09,1489.47,merchant_demo_001
txn_60471f8bef0d,acct_bd7ba2d31c,2027-06-12T04:49:09,3981.23,merchant_demo_001
txn_a978541ea59f,acct_bd7ba2d31c,2026-10-08T04:49:09,3355.35,merchant_demo_001
txn_755ef774a0cc,acct_bd7ba2d31c,2027-04-22T04:49:09,4319.38,merchant_demo_001
txn_b5fc5eda73c8,acct_a38f405185,2026-09-28T16:35:14,2772.26,merchant_demo_001
txn_2ecd6ddc8318,acct_a38f405185,2026-06-09T16:35:14,65.54,merchant_demo_001
txn_a0eaaa4f2784,acct_3f93de4c0f,2025-07-05T16:17:49,636.53,merchant_demo_001
txn_472ec6a26934,acct_216a27b28d,2026-05-19T07:49:05,2132.03,merchant_demo_001
txn_ce40c895e0c8,acct_216a27b28d,2026-10-04T07:49:05,4968.44,merchant_demo_001
txn_a1cbdf39328d,acct_216a27b28d,2026-05-15T07:49:05,2552.54,merchant_demo_001
txn_e8377dc8cd6c,acct_b060d0fa25,2026-11-05T00:45:52,4284.84,merchant_demo_001
txn_2fabd6f4b948,acct_b060d0fa25,2026-06-03T00:45:52,1634.28,merchant_demo_001
txn_6ecceb6d3909,acct_b060d0fa25,2026-08-06T00:45:52,2781.46,merchant_demo_001
txn_1fb458fa75f1,acct_b060d0fa25,2026-09-13T00:45:52,3735.08,merchant_demo_001
txn_e954022b3672,acct_b060d0fa25,2026-05-28T00:45:52,727.24,merchant_demo_001
txn_8459fd1940c5,acct_c14f1789eb,2026-03-19T17:14:27,4542.66,merchant_demo_001
txn_a54c7a2b1bbe,acct_161ba5f1b2,2026-05-04T09:01:44,713.23,merchant_demo_001
txn_13fc04d1eff9,acct_161ba5f1b2,2027-01-12T09:01:44,1891.97,merchant_demo_001
txn_f1e6ec43bd18,acct_161ba5f1b2,2026-12-28T09:01:44,2513.87,merchant_demo_001
txn_4056434c9e8e,acct_41179237e2,2026-10-07T00:36:24,1843.29,merchant_demo_001
txn_408e9e392cfe,acct_4085a44bf3,2026-03-02T18:06:44,4277.71,merchant_demo_001
txn_1ea5f90030d9,acct_4085a44bf3,2026-07-15T18:06:44,275.79,merchant_demo_001
txn_154f058b10f0,acct_5819d3ca52,2026-09-28T19:09:59,845.84,merchant_demo_001
txn_afbbecac4f7b,acct_5819d3ca52,2027-02-14T19:09:59,1947.59,merchant_demo_001
txn_c6c3e48493bb,acct_5819d3ca52,2026-04-23T19:09:59,1513.4,merchant_demo_001
txn_706fbb4d6f49,acct_5819d3ca52,2026-07-03T19:09:59,2203.9,merchant_demo_001
txn_338cf8c36aa3,acct_5819d3ca52,2027-02-16T19:09:59,4220.75,merchant_demo_001
txn_3e7b52ebd0fc,acct_e36b07d20f,2027-06-06T19:10:54,1436.91,merchant_demo_001
txn_c5c6565e211a,acct_e36b07d20f,2027-06-06T19:10:54,2339.75,merchant_demo_001
txn_5853e76c933a,acct_e36b07d20f,2026-07-18T19:10:54,231.56,merchant_demo_001
txn_ce39d769cb94,acct_b540ee0218,2025-08-28T09:26:15,553.64,merchant_demo_001
txn_8e4a4356ae8f,acct_509b0a1569,2026-06-03T00:40:17,352.67,merchant_demo_001
txn_793830d15634,acct_509b0a1569,2026-06-22T00:40:17,2346.03,merchant_demo_001
txn_2697715cdc03,acct_233ad7c73f,2026-07-19T15:00:10,4037.27,merchant_demo_001
txn_b584a169cb1a,acct_233ad7c73f,2027-01-25T15:00:10,3279.08,merchant_demo_001
txn_377b4f9ce966,acct_233ad7c73f,2026-10-03T15:00:10,4974.79,merchant_demo_001
txn_63a283404b05,acct_708d9b5fd4,2027-03-08T13:37:25,3339.67,merchant_demo_001
txn_9948126260bd,acct_708d9b5fd4,2026-08-05T13:37:25,1121.74,merchant_demo_001
txn_cbc3234307f2,acct_15c3d07ed0,2025-07-21T10:20:10,1569.13,merchant_demo_001
txn_1d448fb3cfe3,acct_15c3d07ed0,2025-06-05T10:20:10,2673.88,merchant_demo_001
txn_bcdf35093096,acct_15c3d07ed0,2026-03-13T10:20:10,969.28,merchant_demo_001
txn_96aa2c5e7b37,acct_15c3d07ed0,2025-09-23T10:20:10,1517.71,merchant_demo_001
txn_5f1a54cce973,acct_f95a5d4b95,2026-10-07T09:52:18,2541.11,merchant_demo_001
txn_520e26b1713e,acct_6735adbde6,2027-07-10T07:09:52,2322.14,merchant_demo_001
txn_4f236ce4c7df,acct_6735adbde6,2026-10-14T07:09:52,1947.45,merchant_demo_001
txn_bf27fc9f5203,acct_6735adbde6,2026-10-04T07:09:52,2834.98,merchant_demo_001
txn_8823cf8de2ff,acct_0ec58a9556,2026-08-18T04:15:30,3864.36,merchant_demo_001
txn_cb2fc4ae8a5b,acct_0ec58a9556,2026-10-26T04:15:30,3441.99,merchant_demo_001
txn_3511668914bd,acct_0ec58a9556,2026-10-31T04:15:30,4907.26,merchant_demo_001
txn_b0365592c29f,acct_ad6e016a0c,2025-09-27T12:43:25,2797.25,merchant_demo_001
txn_525f0548f6a6,acct_ad6e016a0c,2025-11-24T12:43:25,4985.31,merchant_demo_001
txn_d81b61fc9afd,acct_ad6e016a0c,2026-02-08T12:43:25,2112.27,merchant_demo_001
txn_1d4b6cb7158e,acct_ad6e016a0c,2025-10-30T12:43:25,723.73,merchant_demo_001
txn_654336a2fced,acct_862fedf87b,2025-10-21T20:52:22,4467.22,merchant_demo_001
txn_fedd6682d11e,acct_862fedf87b,2025-10-21T20:59:22,1074.03,merchant_demo_001
txn_b12aab8e9b03,acct_4813ae0cb1,2025-05-09T06:21:36,4305.35,merchant_demo_001
txn_0ec18143a9ad,acct_4813ae0cb1,2026-04-01T06:21:36,1072.31,merchant_demo_001
txn_3e1b52865be9,acct_4813ae0cb1,2025-09-25T06:21:36,1080.82,merchant_demo_001
txn_0bad057978b5,acct_4813ae0cb1,2026-01-10T06:21:36,4836.13,merchant_demo_001
txn_c455a19839a2,acct_b23e7fde22,2026-05-13T07:50:45,2116.97,merchant_demo_001
txn_3921ae1a618e,acct_b23e7fde22,2025-11-21T07:50:45,1822.77,merchant_demo_001
txn_3d6ff4084a07,acct_b23e7fde22,2025-11-15T07:50:45,1128.55,merchant_demo_001
txn_6338946a51da,acct_b23e7fde22,2026-06-09T07:50:45,2184.63,merchant_demo_001
txn_3c9819343f8b,acct_6f5904cc94,2026-11-07T10:22:52,3056.54,merchant_demo_001
txn_e51310a3507e,acct_6f5904cc94,2026-10-03T10:22:52,4484.81,merchant_demo_001
txn_ad3fc7530fb0,acct_6f5904cc94,2027-02-27T10:22:52,199.54,merchant_demo_001
txn_4141ac567262,acct_6f5904cc94,2026-07-21T10:22:52,2609.21,merchant_demo_001
txn_917425053746,acct_6f5904cc94,2026-12-01T10:22:52,4968.56,merchant_demo_001
txn_0b4438a875b1,acct_222a97a22a,2026-05-21T08:48:59,1207.09,merchant_demo_001
txn_a9f6d8cf4322,acct_222a97a22a,2025-07-07T08:48:59,3484.91,merchant_demo_001
txn_7cd47ca4dad2,acct_222a97a22a,2026-07-12T08:48:59,1884.06,merchant_demo_001
txn_91ca2d4bcc47,acct_222a97a22a,2025-10-06T08:48:59,1335.56,merchant_demo_001
txn_e405eb3d28a3,acct_222a97a22a,2025-12-02T08:48:59,3951.62,merchant_demo_001
txn_fb436605f883,acct_a62cf5f13a,2026-11-04T00:47:01,3871.41,merchant_demo_001
txn_c2ef1d7e32a7,acct_a62cf5f13a,2026-08-29T00:47:01,1040.07,merchant_demo_001
txn_2afe13587944,acct_a62cf5f13a,2026-08-01T00:47:01,3723.91,merchant_demo_001
txn_d2d8b2f26e04,acct_a62cf5f13a,2026-06-15T00:47:01,3001.1,merchant_demo_001
txn_71ada5f9c3b2,acct_a62cf5f13a,2026-08-17T00:47:01,2173.87,merchant_demo_001
txn_fa7e510d3051,acct_9f045fd54f,2026-09-14T04:05:28,93.73,merchant_demo_001
txn_1467d3016b76,acct_9f045fd54f,2025-11-19T04:05:28,3424.97,merchant_demo_001
txn_6313ed0538b9,acct_9f045fd54f,2026-08-25T04:05:28,1642.26,merchant_demo_001
txn_506660a3da83,acct_24aea8339e,2026-08-07T05:26:25,3696.89,merchant_demo_001
txn_f43f2fed457b,acct_24aea8339e,2027-03-22T05:26:25,2997.12,merchant_demo_001
txn_fd6f517ea230,acct_24aea8339e,2027-03-03T05:26:25,2524.07,merchant_demo_001
txn_b708735c2494,acct_24aea8339e,2026-12-29T05:26:25,1754.1,merchant_demo_001
txn_583506fbe45d,acct_dafa93876b,2026-09-18T00:18:46,4260.16,merchant_demo_001
txn_b1fbc527d430,acct_dafa93876b,2026-12-04T00:18:46,3537.1,merchant_demo_001
txn_bb2d33e4fad2,acct_fa2cb9b9ea,2026-06-05T00:58:26,4164.31,merchant_demo_001
txn_9e541ee131cd,acct_0c6a92b04f,2026-07-15T05:02:27,778.45,merchant_demo_001
txn_a030db4ba0fb,acct_0c6a92b04f,2026-06-05T05:02:27,2410.44,merchant_demo_001
txn_5e55e98573bc,acct_0c6a92b04f,2026-09-27T05:02:27,3760.42,merchant_demo_001
txn_fc1657595cb4,acct_0c6a92b04f,2026-05-10T05:02:27,2304.44,merchant_demo_001
txn_a7c3f24e5f57,acct_0c6a92b04f,2026-06-18T05:02:27,942.3,merchant_demo_001
txn_1e201da01f7c,acct_3c56f389bc,2026-09-11T12:00:08,4721.28,merchant_demo_001
txn_eb1466e9bcd4,acct_3c56f389bc,2026-08-28T12:00:08,2436.62,merchant_demo_001
txn_d73ee62378ed,acct_f96fde641a,2026-08-12T19:45:53,421.31,merchant_demo_001
txn_421cb31c8973,acct_d6b8fe10d4,2025-09-12T14:08:26,3273.68,merchant_demo_001
txn_880f8c203e6a,acct_d6b8fe10d4,2025-09-12T14:39:26,2158.34,merchant_demo_001
txn_c53ca2b6b01f,acct_47c336c4d1,2026-02-21T05:35:37,577.71,merchant_demo_001
txn_c5e26543ce01,acct_94ec8cf3b7,2025-05-21T14:10:42,3908.22,merchant_demo_001
txn_a1802c52d6e5,acct_94ec8cf3b7,2025-07-11T14:10:42,3103.1,merchant_demo_001
txn_fd9536c49010,acct_2c96ed2e89,2026-06-11T00:35:21,614.4,merchant_demo_001
txn_7cac56329b88,acct_2c96ed2e89,2026-04-19T00:35:21,4193.89,merchant_demo_001
txn_846bf09f4599,acct_2c96ed2e89,2026-06-27T00:35:21,2906.77,merchant_demo_001
txn_65dcaf1a82b2,acct_2c96ed2e89,2026-04-01T00:35:21,210.29,merchant_demo_001
txn_a26c8ea1f1cb,acct_2c96ed2e89,2026-03-02T00:35:21,4702.98,merchant_demo_001
txn_321126f90a5c,acct_42c4cc76a1,2026-01-21T14:07:33,88.92,merchant_demo_001
txn_8dfc896f255e,acct_42c4cc76a1,2026-01-24T14:07:33,4289.57,merchant_demo_001
txn_6df680b801a0,acct_42c4cc76a1,2025-06-30T14:07:33,976.54,merchant_demo_001
txn_2e16d856df81,acct_42c4cc76a1,2025-07-01T14:07:33,3747.04,merchant_demo_001
txn_5a0c68b21e04,acct_4b32e33668,2026-11-07T07:52:20,118.88,merchant_demo_001
txn_70438929d700,acct_4b32e33668,2026-06-15T07:52:20,962.7,merchant_demo_001
txn_3e3240412ecb,acct_4b32e33668,2026-08-21T07:52:20,1379.76,merchant_demo_001
txn_eb2821e722bb,acct_4b32e33668,2026-03-10T07:52:20,349.72,merchant_demo_001
txn_59039ea91b3d,acct_4b32e33668,2026-11-05T07:52:20,175.1,merchant_demo_001
txn_58c3dcab8746,acct_68d873279a,2026-02-04T05:58:29,2349.54,merchant_demo_001
txn_696130b22dde,acct_32bf2dbf69,2026-08-27T04:51:11,4040.81,merchant_demo_001
txn_abc0922021f6,acct_836a2712c0,2025-08-16T19:29:23,4623.06,merchant_demo_001
txn_5bb303977e03,acct_559e990c9e,2027-01-12T18:09:59,244.72,merchant_demo_001
txn_b65d532880a9,acct_559e990c9e,2026-06-03T18:09:59,3441.99,merchant_demo_001
txn_491dc9483fd6,acct_559e990c9e,2025-12-26T18:09:59,1491.47,merchant_demo_001
txn_fc2b4cb5bb29,acct_559e990c9e,2026-03-21T18:09:59,1082.96,merchant_demo_001
txn_36b66a3a5594,acct_1e9a6ba34b,2026-02-15T09:25:49,2321.25,merchant_demo_001
txn_a9c8f3012ef1,acct_1e9a6ba34b,2026-01-09T09:25:49,4588.26,merchant_demo_001
txn_1589d2eb7404,acct_5cdaa6fa58,2026-02-16T09:27:03,1158.19,merchant_demo_001
txn_d34208f9b18b,acct_5cdaa6fa58,2025-06-23T09:27:03,4321.98,merchant_demo_001
txn_372c123f8182,acct_5cdaa6fa58,2025-12-08T09:27:03,841.55,merchant_demo_001
txn_938f1016cc24,acct_5cdaa6fa58,2025-09-16T09:27:03,3923.47,merchant_demo_001
txn_017c82be5930,acct_ae223610b5,2025-07-21T13:24:01,4583.6,merchant_demo_001
txn_e1b839df9a02,acct_ae223610b5,2025-03-22T13:24:01,2722.66,merchant_demo_001
txn_f39cfbfecaf8,acct_ae223610b5,2026-01-02T13:24:01,210.93,merchant_demo_001
txn_c94d81368c4b,acct_ae223610b5,2025-10-09T13:24:01,3793.35,merchant_demo_001
txn_9223ef71653c,acct_63ae9d04ab,2025-12-29T17:57:51,351.28,merchant_demo_001
txn_7019f324118e,acct_63ae9d04ab,2026-02-13T17:57:51,3098.12,merchant_demo_001
txn_556e363945da,acct_63ae9d04ab,2026-06-27T17:57:51,4097.24,merchant_demo_001
txn_b116155ef073,acct_11013a50a4,2026-09-22T21:28:50,588.19,merchant_demo_001
txn_5ab5d5fb04a2,acct_11013a50a4,2027-02-12T21:28:50,1133.97,merchant_demo_001
txn_31e737d76886,acct_11013a50a4,2027-02-12T21:28:50,1163.09,merchant_demo_001
txn_a6b2a2e589d3,acct_11013a50a4,2026-12-01T21:28:50,3518.54,merchant_demo_001
txn_7a01d6d2d2b4,acct_11013a50a4,2027-05-02T21:28:50,2491.62,merchant_demo_001
txn_5df1da1ee914,acct_0e522ff0c2,2025-10-01T01:29:42,842.32,merchant_demo_001
txn_8638d8b9af7d,acct_0e522ff0c2,2026-06-07T01:29:42,633.47,merchant_demo_001
txn_63e6410567cc,acct_0e522ff0c2,2026-03-04T01:29:42,1149.93,merchant_demo_001
txn_013d79a5af82,acct_0e522ff0c2,2026-07-17T01:29:42,286.4,merchant_demo_001
txn_856a11c75a62,acct_0e522ff0c2,2026-09-17T01:29:42,2837.9,merchant_demo_001
txn_71671360de6d,acct_60582cb16a,2025-07-28T17:43:03,670.92,merchant_demo_001
txn_edc67ae66111,acct_60582cb16a,2026-02-03T17:43:03,3606.71,merchant_demo_001
txn_deb97184adb2,acct_60582cb16a,2026-02-14T17:43:03,2005.91,merchant_demo_001
txn_797e8a3a105a,acct_60582cb16a,2025-12-14T17:43:03,4129.11,merchant_demo_001
txn_a6be4821261b,acct_719d640da5,2025-05-31T23:42:50,2787.18,merchant_demo_001
txn_8caf9ac35753,acct_719d640da5,2025-08-09T23:42:50,1811.69,merchant_demo_001
txn_6f216dccba24,acct_719d640da5,2025-06-20T23:42:50,2961.15,merchant_demo_001
txn_fa1f48ae7764,acct_719d640da5,2025-07-20T23:42:50,3135.97,merchant_demo_001
txn_4cbd1c51c6fe,acct_ede2a9f1ad,2026-02-26T02:26:03,165.8,merchant_demo_001
txn_0df3266deafd,acct_ede2a9f1ad,2026-08-24T02:26:03,52.82,merchant_demo_001
txn_202a4ac88b85,acct_ede2a9f1ad,2026-05-25T02:26:03,2202.5,merchant_demo_001
txn_024e97c13cb5,acct_ede2a9f1ad,2025-08-20T02:26:03,2122.54,merchant_demo_001
txn_4032fe3ee1a6,acct_ede2a9f1ad,2026-04-29T02:26:03,4968.9,merchant_demo_001
txn_704699d4ca54,acct_3410a905b8,2025-12-03T07:38:36,889.75,merchant_demo_001
txn_ccaca2354994,acct_3410a905b8,2025-12-03T09:52:36,100.64,merchant_demo_001
txn_fe445e2fe1c6,acct_d04dc61709,2026-11-07T07:39:14,4801.16,merchant_demo_001
txn_f8293321720b,acct_01432278b9,2026-06-03T06:48:10,279.96,merchant_demo_001
txn_3698fe6543c5,acct_01432278b9,2025-11-06T06:48:10,3869.65,merchant_demo_001
txn_1ac21547b9b4,acct_f95435ae5c,2026-06-18T14:45:55,4135.13,merchant_demo_001
txn_e7d1e723b0c2,acct_f95435ae5c,2025-10-17T14:45:55,4416.48,merchant_demo_001
txn_0460b35641d1,acct_f95435ae5c,2025-09-15T14:45:55,3117.5,merchant_demo_001
txn_647274eb7852,acct_1d79a44057,2025-06-08T01:54:25,2733.96,merchant_demo_001
txn_2913f0cdef56,acct_1d79a44057,2025-02-13T01:54:25,2944.67,merchant_demo_001
txn_812385983a05,acct_1d79a44057,2025-04-25T01:54:25,4498.82,merchant_demo_001
txn_7e5c63ee8034,acct_a727bad365,2026-09-13T13:49:13,1273.97,merchant_demo_001
txn_70a48983a980,acct_a727bad365,2026-09-03T13:49:13,82.47,merchant_demo_001
txn_c30e1dce73a6,acct_a727bad365,2026-08-31T13:49:13,1261.16,merchant_demo_001
txn_c9d4b6367cc5,acct_0fdaf6b3e3,2025-11-11T08:52:21,812.12,merchant_demo_001
txn_28c367a0b4b4,acct_154ebf3ead,2027-04-03T08:27:59,4036.54,merchant_demo_001
txn_6b0f7da52484,acct_154ebf3ead,2026-10-28T08:27:59,4274.86,merchant_demo_001
txn_95f2fe9c0f12,acct_154ebf3ead,2026-06-04T08:27:59,611.93,merchant_demo_001
txn_92dfcd82d6ca,acct_81d5cebf88,2025-08-27T11:57:35,1454.22,merchant_demo_001
txn_db94f324bd27,acct_81d5cebf88,2026-03-10T11:57:35,3430.6,merchant_demo_001
txn_b124042f4de9,acct_50a4e79404,2025-08-31T21:03:30,4283.82,merchant_demo_001
txn_8722e63510f3,acct_0b7000a7d1,2026-02-13T18:36:50,4075.14,merchant_demo_001
txn_785471f63a51,acct_0b7000a7d1,2026-03-13T18:36:50,1459.94,merchant_demo_001
txn_026417f0e483,acct_0b7000a7d1,2025-09-14T18:36:50,3137.72,merchant_demo_001
txn_fdf599cb9cda,acct_0b7000a7d1,2026-06-21T18:36:50,3890.04,merchant_demo_001
txn_b3eb7faf1a02,acct_0b7000a7d1,2025-09-06T18:36:50,4381.98,merchant_demo_001
txn_93dea9f3e6f1,acct_4a06b034f4,2025-12-06T06:52:02,2000.87,merchant_demo_001
txn_a87778b68ab4,acct_4a06b034f4,2025-10-24T06:52:02,2980.87,merchant_demo_001
txn_d28344bb0807,acct_4a06b034f4,2025-10-08T06:52:02,85.85,merchant_demo_001
txn_6f99ae55e039,acct_7092745ca4,2026-03-02T03:11:26,1766.76,merchant_demo_001
txn_e31d0ea0d216,acct_7092745ca4,2027-03-06T03:11:26,3715.07,merchant_demo_001
txn_8192642d4dd0,acct_7092745ca4,2027-01-13T03:11:26,1190.93,merchant_demo_001
txn_d471a97ccbf6,acct_7092745ca4,2026-04-22T03:11:26,4166.68,merchant_demo_001
txn_0c54d206ff3d,acct_7092745ca4,2026-07-04T03:11:26,3775.66,merchant_demo_001
txn_3f3a688c57eb,acct_ff44288143,2026-02-04T04:59:44,4404.53,merchant_demo_001
txn_04dff6f096bf,acct_c8c901dada,2026-08-17T23:11:53,3911.37,merchant_demo_001
txn_0a5de4433e1f,acct_dd7d6f0b83,2026-12-07T18:43:26,1599.63,merchant_demo_001
txn_d1c5cc0b4277,acct_dd7d6f0b83,2027-03-29T18:43:26,3025.66,merchant_demo_001
txn_f49b66f73b89,acct_dd7d6f0b83,2026-07-27T18:43:26,4759.33,merchant_demo_001
txn_9824cd3b9d10,acct_dd7d6f0b83,2026-07-19T18:43:26,756.08,merchant_demo_001
txn_35d9007ad3f7,acct_dd7d6f0b83,2027-01-29T18:43:26,2037.37,merchant_demo_001
txn_64214d05018c,acct_e09c4264fc,2026-02-18T17:25:10,2325.94,merchant_demo_001
txn_a57ed9654743,acct_3e98a7f49e,2025-11-06T19:28:47,1425.38,merchant_demo_001
txn_2f7ef3d15a01,acct_3e98a7f49e,2025-06-02T19:28:47,4536.75,merchant_demo_001
txn_a36941eaa9c2,acct_3e98a7f49e,2025-11-12T19:28:47,952.15,merchant_demo_001
txn_e73415fe3d6b,acct_3e98a7f49e,2026-05-31T19:28:47,4341.47,merchant_demo_001
txn_0fe8b53386e1,acct_3e98a7f49e,2026-03-24T19:28:47,509.89,merchant_demo_001
txn_e54abdae8b94,acct_1a9e5c2ace,2026-03-08T20:37:20,1742.39,merchant_demo_001
txn_9f5f0016e7c8,acct_fae0aa0e1e,2027-04-03T14:25:48,705.57,merchant_demo_001
txn_bfeeee23ccea,acct_94203cef7b,2025-10-31T11:47:24,426.27,merchant_demo_001
txn_e717aa9a9e23,acct_94203cef7b,2025-07-12T11:47:24,544.38,merchant_demo_001
txn_435d71ff2ae4,acct_94203cef7b,2025-09-23T11:47:24,1198.99,merchant_demo_001
txn_dbcf05f91d33,acct_94203cef7b,2025-10-08T11:47:24,684.14,merchant_demo_001
txn_9f451238242d,acct_a119c9531a,2026-09-06T00:29:16,2393.59,merchant_demo_001
txn_202986872fdb,acct_a119c9531a,2026-07-05T00:29:16,3355.51,merchant_demo_001
txn_0055a13368c3,acct_a119c9531a,2027-01-04T00:29:16,3166.3,merchant_demo_001
txn_26fa0c5c00de,acct_a119c9531a,2026-11-09T00:29:16,1296.78,merchant_demo_001
txn_38b3ed3a21cd,acct_686e84e368,2026-05-18T10:08:28,3521.04,merchant_demo_001
txn_f6271d347bd4,acct_ea3d7bdea1,2026-04-07T23:42:00,646.3,merchant_demo_001
txn_14d2d456931b,acct_ea3d7bdea1,2026-04-07T22:52:00,180.93,merchant_demo_001
txn_996e5f272e64,acct_ea3d7bdea1,2026-04-08T00:20:00,2985.8,merchant_demo_001
txn_99b2b4d03353,acct_767e4fffa0,2026-05-04T01:59:30,1611.25,merchant_demo_001
txn_673c66741899,acct_767e4fffa0,2026-02-26T01:59:30,1388.89,merchant_demo_001
txn_7699d3527859,acct_767e4fffa0,2026-03-25T01:59:30,872.77,merchant_demo_001
txn_5489678a17dc,acct_767e4fffa0,2026-02-10T01:59:30,360.83,merchant_demo_001
txn_bae32eb2953a,acct_767e4fffa0,2026-12-06T01:59:30,1189.84,merchant_demo_001
txn_a48e85943d22,acct_4ac5d3e1e1,2026-02-09T18:39:51,99.17,merchant_demo_001
txn_456cffa43ab9,acct_4ac5d3e1e1,2025-09-29T18:39:51,1390.98,merchant_demo_001
txn_14b11e81a114,acct_4ac5d3e1e1,2026-08-15T18:39:51,3870.87,merchant_demo_001
txn_93675c92a446,acct_bc138f3fac,2025-11-09T19:03:32,3217.24,merchant_demo_001
txn_4839d0172b90,acct_33e1ef5a69,2026-03-01T05:59:20,3347.64,merchant_demo_001
txn_551a67b34feb,acct_33e1ef5a69,2025-11-25T05:59:20,2611.25,merchant_demo_001
txn_9f31be387e25,acct_33e1ef5a69,2026-06-14T05:59:20,2451.32,merchant_demo_001
txn_bed80cbeba5c,acct_9a30e7d0f7,2027-01-05T14:01:08,3206.67,merchant_demo_001
txn_9594b355b445,acct_9a30e7d0f7,2026-09-24T14:01:08,2357.38,merchant_demo_001
txn_3430e78ca89f,acct_9a30e7d0f7,2026-07-17T14:01:08,1903.09,merchant_demo_001
txn_abe5b4757e21,acct_9a30e7d0f7,2027-05-28T14:01:08,1294.06,merchant_demo_001
txn_58dc305e2a12,acct_9a30e7d0f7,2026-07-20T14:01:08,808.96,merchant_demo_001
txn_57a9edf0f4ee,acct_76e1c1be7a,2026-03-22T04:27:11,2749.02,merchant_demo_001
txn_4f8992a01d4e,acct_e31fcfc80c,2025-03-06T18:33:47,3160.0,merchant_demo_001
txn_6be5c5624d03,acct_e31fcfc80c,2025-03-06T20:20:47,1640.61,merchant_demo_001
txn_ff5e055e7e3d,acct_e31fcfc80c,2025-03-06T19:46:47,3966.52,merchant_demo_001
txn_e116fce5dfd8,acct_fab41f65cd,2026-04-29T08:14:02,3692.97,merchant_demo_001
txn_e22c3b8fce19,acct_fab41f65cd,2026-01-30T08:14:02,1547.43,merchant_demo_001
txn_b1a03c217a62,acct_fab41f65cd,2026-10-31T08:14:02,2441.36,merchant_demo_001
txn_8c2c772c9742,acct_fab41f65cd,2026-02-17T08:14:02,2185.54,merchant_demo_001
txn_7aa4fe24a690,acct_fab41f65cd,2026-12-17T08:14:02,1941.91,merchant_demo_001
txn_93ffbdcade4f,acct_76f58c0dc8,2026-02-01T10:48:58,4810.13,merchant_demo_001
txn_7d5a078c13cf,acct_76f58c0dc8,2026-02-20T10:48:58,3799.89,merchant_demo_001
txn_ecbb3dafb8ce,acct_76f58c0dc8,2026-08-20T10:48:58,2968.36,merchant_demo_001
txn_023dcf7d62ec,acct_76f58c0dc8,2026-08-04T10:48:58,2178.49,merchant_demo_001
txn_e38abc0ca777,acct_76f58c0dc8,2025-12-10T10:48:58,1821.94,merchant_demo_001
txn_5c6091d865ba,acct_d361d6226d,2025-10-03T05:49:26,871.35,merchant_demo_001
txn_75c108e657b4,acct_d361d6226d,2026-05-01T05:49:26,3596.24,merchant_demo_001
txn_acb8f10b2259,acct_d361d6226d,2026-08-10T05:49:26,1484.69,merchant_demo_001
txn_090b52a51f1d,acct_d361d6226d,2026-04-13T05:49:26,1410.94,merchant_demo_001
txn_c4e3bba850e5,acct_d361d6226d,2026-05-28T05:49:26,1701.04,merchant_demo_001
txn_c036b2bf8d2c,acct_34fd57f203,2025-11-04T06:22:07,3689.44,merchant_demo_001
txn_9a8a8d80e3d5,acct_34fd57f203,2026-01-31T06:22:07,1000.92,merchant_demo_001
txn_31723e6793b6,acct_34fd57f203,2026-05-18T06:22:07,2730.36,merchant_demo_001
txn_e2f7d86cfef8,acct_34fd57f203,2026-06-05T06:22:07,1637.16,merchant_demo_001
txn_f48cd8056d0c,acct_34fd57f203,2025-12-14T06:22:07,3567.48,merchant_demo_001
txn_c975c6751279,acct_d4eafec838,2025-06-16T05:20:36,2052.43,merchant_demo_001
txn_444a8934bbc8,acct_d4eafec838,2025-07-05T05:20:36,139.05,merchant_demo_001
txn_67f139d09d50,acct_d4eafec838,2025-12-24T05:20:36,1367.32,merchant_demo_001
txn_fc9241adf850,acct_d4eafec838,2025-12-10T05:20:36,670.38,merchant_demo_001
txn_ae549570280d,acct_101ddbf5d1,2026-08-25T13:37:45,882.99,merchant_demo_001
txn_e882a0b91bde,acct_101ddbf5d1,2025-12-26T13:37:45,4623.69,merchant_demo_001
txn_0868515c4aea,acct_101ddbf5d1,2026-08-26T13:37:45,3206.36,merchant_demo_001
txn_5f0d1684a052,acct_101ddbf5d1,2026-01-02T13:37:45,3698.71,merchant_demo_001
txn_8eccce444a75,acct_101ddbf5d1,2025-09-02T13:37:45,3939.39,merchant_demo_001
txn_bba99ca3da37,acct_5c073010fb,2026-06-20T15:22:19,2799.47,merchant_demo_001
txn_33b2e7e3ecb3,acct_5c073010fb,2026-06-20T15:23:19,958.66,merchant_demo_001
txn_feb9291a2e60,acct_a2dbd4f27f,2025-05-12T10:26:19,3787.16,merchant_demo_001
txn_e586d344b58a,acct_a2dbd4f27f,2025-05-12T12:40:19,957.59,merchant_demo_001
txn_bdb398c569c3,acct_1505093ca4,2025-12-11T06:35:46,3796.82,merchant_demo_001
txn_931593bfcb44,acct_1505093ca4,2026-02-16T06:35:46,2263.75,merchant_demo_001
txn_35f3b2919132,acct_1505093ca4,2026-06-25T06:35:46,2085.39,merchant_demo_001
txn_e5c6d54ce21f,acct_1505093ca4,2026-07-14T06:35:46,3814.37,merchant_demo_001
txn_64416bda0dc3,acct_a0cc2f3005,2026-06-26T12:56:19,112.93,merchant_demo_001
txn_ca658d92b24b,acct_a0cc2f3005,2025-10-25T12:56:19,3974.95,merchant_demo_001
txn_fc6705d101d9,acct_cddc26acd5,2026-05-10T20:02:12,481.59,merchant_demo_001
txn_eee57dc8677f,acct_cddc26acd5,2026-10-08T20:02:12,2888.32,merchant_demo_001
txn_78fe1ccd5f4a,acct_cb8190a64c,2025-01-08T08:12:44,3950.9,merchant_demo_001
txn_7d3fe3235db1,acct_cb8190a64c,2025-11-09T08:12:44,3525.72,merchant_demo_001
txn_35b9fe39d0dc,acct_cb8190a64c,2025-08-04T08:12:44,2002.37,merchant_demo_001
txn_0469eaba9dc1,acct_cb8190a64c,2025-12-24T08:12:44,2244.75,merchant_demo_001
txn_c6340a08b5a9,acct_cb8190a64c,2025-03-12T08:12:44,2079.05,merchant_demo_001
txn_daba72ea2d64,acct_16b697faad,2026-02-20T14:33:33,4596.88,merchant_demo_001
txn_6de600cd1fa3,acct_a10a6ce07c,2026-04-22T18:07:27,4816.22,merchant_demo_001
txn_4cf5cc4a0d01,acct_a10a6ce07c,2026-09-27T18:07:27,2180.03,merchant_demo_001
txn_a0772dbbf5e7,acct_a10a6ce07c,2026-06-29T18:07:27,380.43,merchant_demo_001
txn_126729ec042d,acct_e7d291eebf,2026-07-26T23:08:19,244.72,merchant_demo_001
txn_5ffe0ba774da,acct_e7d291eebf,2026-08-31T23:08:19,1196.42,merchant_demo_001
txn_f9e15d8fd47e,acct_e7d291eebf,2025-10-06T23:08:19,297.02,merchant_demo_001
txn_a6b4fbf4e850,acct_9fb2d1eefb,2025-11-28T05:32:45,1137.05,merchant_demo_001
txn_348232df2abb,acct_2719a59480,2027-06-10T20:26:34,1043.92,merchant_demo_001
txn_794d26509fc8,acct_2719a59480,2027-03-29T20:26:34,929.3,merchant_demo_001
txn_5d5855f2e0fe,acct_2719a59480,2026-08-06T20:26:34,1524.5,merchant_demo_001
txn_4cb54ff4a5d0,acct_66be943619,2025-12-14T11:59:25,479.88,merchant_demo_001
txn_39aa43244687,acct_66be943619,2026-08-27T11:59:25,1149.85,merchant_demo_001
txn_991d8c2fff42,acct_66be943619,2025-10-30T11:59:25,3489.4,merchant_demo_001
txn_33dfc2dc0f16,acct_66be943619,2026-05-30T11:59:25,4827.2,merchant_demo_001
txn_ceb63f0e9346,acct_7dab963ac5,2026-08-02T05:24:18,2333.95,merchant_demo_001
txn_f73c96b11263,acct_7dab963ac5,2027-04-23T05:24:18,234.5,merchant_demo_001
txn_a80657da4902,acct_7dab963ac5,2026-12-11T05:24:18,1440.88,merchant_demo_001
txn_f18e1d27936c,acct_7dab963ac5,2026-07-16T05:24:18,4621.17,merchant_demo_001
txn_0c34cfe9f408,acct_7dab963ac5,2027-06-08T05:24:18,2119.03,merchant_demo_001
txn_68f38d18939c,acct_d52ed34ac6,2026-01-16T18:18:44,4879.3,merchant_demo_001
txn_5753ddf0e29d,acct_876e030552,2025-10-26T02:01:13,1442.83,merchant_demo_001
txn_62c5db5e5f99,acct_876e030552,2026-04-06T02:01:13,2652.32,merchant_demo_001
txn_54580f48587a,acct_cb296ac14e,2026-03-01T14:20:45,122.89,merchant_demo_001
txn_053958ed16b3,acct_cb296ac14e,2026-08-09T14:20:45,1179.93,merchant_demo_001
txn_c421b2985521,acct_cb296ac14e,2026-05-23T14:20:45,1039.43,merchant_demo_001
txn_b0d1c2d44a8e,acct_ff3229c61c,2026-07-13T18:58:36,2251.23,merchant_demo_001
txn_9e0be189d3d4,acct_ff3229c61c,2026-12-31T18:58:36,3312.22,merchant_demo_001
txn_7f38b2a9e773,acct_ff3229c61c,2026-09-19T18:58:36,3382.82,merchant_demo_001
txn_59a49c317f02,acct_ff3229c61c,2026-09-10T18:58:36,4916.04,merchant_demo_001
txn_5569ec45316b,acct_4ad67eb002,2026-01-12T09:39:48,617.6,merchant_demo_001
txn_f236da3db46e,acct_4ad67eb002,2026-05-11T09:39:48,4687.44,merchant_demo_001
txn_f049400d4c8f,acct_08644a16d9,2026-11-13T22:25:16,1451.42,merchant_demo_001
txn_8dcb0963336c,acct_08644a16d9,2026-08-20T22:25:16,4826.74,merchant_demo_001
txn_7bfc7e4701de,acct_08644a16d9,2026-12-04T22:25:16,729.22,merchant_demo_001
txn_6ff3be95d842,acct_08644a16d9,2026-10-14T22:25:16,3591.31,merchant_demo_001
txn_7f3947919626,acct_08644a16d9,2027-01-19T22:25:16,1777.38,merchant_demo_001
txn_b5fcdeb531d4,acct_bafb5d7d6c,2026-04-12T06:11:38,4581.2,merchant_demo_001
txn_574f490beda8,acct_bafb5d7d6c,2026-05-23T06:11:38,2325.85,merchant_demo_001
txn_96dda4f652fb,acct_bafb5d7d6c,2026-10-07T06:11:38,2375.85,merchant_demo_001
txn_2eb5b03f20d1,acct_f2b6c95886,2026-10-11T05:34:22,1841.96,merchant_demo_001
txn_91bc4a78cdb7,acct_f2b6c95886,2026-08-20T05:34:22,4476.76,merchant_demo_001
txn_47d394e93e24,acct_f2b6c95886,2027-02-06T05:34:22,206.65,merchant_demo_001
txn_786b8fff18b4,acct_f2b6c95886,2027-01-06T05:34:22,1081.72,merchant_demo_001
txn_bd7b4536dd1a,acct_ad637feef9,2026-01-31T15:28:59,1496.97,merchant_demo_001
txn_8823e1ee3e36,acct_ad637feef9,2026-02-10T15:28:59,4874.66,merchant_demo_001
txn_0cb080783609,acct_ad637feef9,2025-08-17T15:28:59,4406.0,merchant_demo_001
txn_04caa40c4b8f,acct_2470495289,2026-01-07T05:35:42,1672.58,merchant_demo_001
txn_72be10e8d028,acct_d0020b3a27,2026-09-04T03:49:31,2582.41,merchant_demo_001
txn_141405a210fe,acct_d0020b3a27,2027-02-25T03:49:31,147.88,merchant_demo_001
txn_24d7f833273d,acct_d0020b3a27,2026-08-28T03:49:31,4187.67,merchant_demo_001
txn_43f40bc99c44,acct_b18d085614,2026-10-23T10:27:21,3096.7,merchant_demo_001
txn_3e02df4d4260,acct_b18d085614,2026-03-16T10:27:21,903.56,merchant_demo_001
txn_f0c2c4919ce5,acct_b18d085614,2026-12-02T10:27:21,954.62,merchant_demo_001
txn_e1c562a759bf,acct_b18d085614,2026-03-06T10:27:21,1470.8,merchant_demo_001
txn_174ea80c4850,acct_a91e083423,2026-05-29T13:00:09,1572.88,merchant_demo_001
txn_89edae7f11fc,acct_a91e083423,2026-11-13T13:00:09,1373.23,merchant_demo_001
txn_72f140f77f10,acct_1fcbeba765,2026-05-30T11:26:39,1134.17,merchant_demo_001
txn_574d8ed9dcaf,acct_1fcbeba765,2026-08-28T11:26:39,2170.58,merchant_demo_001
txn_a1a3d20ffe1a,acct_1fcbeba765,2026-08-23T11:26:39,3990.85,merchant_demo_001
txn_b9fb50efa2dd,acct_1fcbeba765,2026-11-16T11:26:39,4128.38,merchant_demo_001
txn_16900540ac53,acct_664e619d53,2026-10-20T12:07:20,2270.74,merchant_demo_001
txn_d385bd5bb6db,acct_664e619d53,2027-07-06T12:07:20,4987.29,merchant_demo_001
txn_e9caed129502,acct_664e619d53,2026-09-04T12:07:20,1826.73,merchant_demo_001
txn_4b3971706fb0,acct_664e619d53,2026-11-09T12:07:20,3874.92,merchant_demo_001
txn_2b8ff27a635b,acct_664e619d53,2026-12-18T12:07:20,3739.52,merchant_demo_001
txn_30b1c78bb7b9,acct_6fd814271d,2025-09-07T21:09:08,2119.21,merchant_demo_001
txn_241aafb961a1,acct_6fd814271d,2025-09-07T22:59:08,255.24,merchant_demo_001
txn_11ce1d6092f9,acct_40f7543167,2026-06-11T10:53:22,1029.41,merchant_demo_001
txn_d3dff9f04f03,acct_40f7543167,2026-10-23T10:53:22,3683.01,merchant_demo_001
txn_f2d76d752e68,acct_40f7543167,2026-07-29T10:53:22,362.94,merchant_demo_001
txn_a1239e416b70,acct_40f7543167,2026-03-21T10:53:22,4897.3,merchant_demo_001
txn_9f53db9b8284,acct_75c51b94a4,2027-01-05T14:59:51,1727.57,merchant_demo_001
txn_d480608934ad,acct_ba2d5fa95b,2026-11-20T00:46:43,3147.82,merchant_demo_001
txn_5ca9ee99241b,acct_ba2d5fa95b,2026-11-08T00:46:43,2434.46,merchant_demo_001
txn_d92c4dacac1a,acct_ba2d5fa95b,2026-10-16T00:46:43,913.19,merchant_demo_001
txn_47cb3e4defb4,acct_ba2d5fa95b,2026-12-18T00:46:43,3644.26,merchant_demo_001
txn_f2aa78933f01,acct_ba2d5fa95b,2026-09-29T00:46:43,1640.37,merchant_demo_001
txn_b4c53c8e72ff,acct_62da318733,2026-10-12T15:49:10,129.22,merchant_demo_001
txn_d97d04aa98da,acct_62da318733,2025-12-24T15:49:10,2928.68,merchant_demo_001
txn_5596526e51f2,acct_62da318733,2026-03-30T15:49:10,2410.93,merchant_demo_001
txn_c222693283fb,acct_62da318733,2026-01-16T15:49:10,1346.16,merchant_demo_001
txn_6dd68c1aa879,acct_62da318733,2026-07-14T15:49:10,297.06,merchant_demo_001
txn_426c2e8acad9,acct_92c5beeb75,2026-09-29T22:53:50,3193.7,merchant_demo_001
txn_57f61986fd96,acct_92c5beeb75,2026-11-14T22:53:50,514.62,merchant_demo_001
txn_d6dabbbf62e2,acct_92c5beeb75,2026-02-23T22:53:50,2305.27,merchant_demo_001
txn_be87813e26f7,acct_92c5beeb75,2026-07-27T22:53:50,1346.52,merchant_demo_001
txn_1ccff297218d,acct_8235bdc93a,2026-11-14T04:27:14,303.59,merchant_demo_001
txn_0297030899d0,acct_8235bdc93a,2027-04-01T04:27:14,1907.12,merchant_demo_001
txn_324edc25e0e9,acct_fea3ee0d92,2026-10-09T10:34:37,2284.29,merchant_demo_001
txn_fe69f5f0984d,acct_fea3ee0d92,2026-08-18T10:34:37,4816.94,merchant_demo_001
txn_f5aea16416ef,acct_fea3ee0d92,2026-03-17T10:34:37,4398.43,merchant_demo_001
txn_ef4c34e4e754,acct_fea3ee0d92,2026-01-28T10:34:37,4485.68,merchant_demo_001
txn_7fc2ed6f8b80,acct_fea3ee0d92,2026-05-16T10:34:37,700.3,merchant_demo_001
txn_f12f3e77373e,acct_7415d5c164,2027-07-16T15:43:20,1207.51,merchant_demo_001
txn_927e69d9796b,acct_7415d5c164,2027-04-04T15:43:20,4626.85,merchant_demo_001
txn_aaf9aa5924a3,acct_7415d5c164,2027-07-30T15:43:20,382.36,merchant_demo_001
txn_d4e74cfda15c,acct_7415d5c164,2027-05-28T15:43:20,1519.83,merchant_demo_001
txn_2d9bd3e59dc1,acct_bb5f4c151e,2027-02-03T10:14:17,1895.2,merchant_demo_001
txn_41cc909a3c78,acct_bf10f7810b,2026-10-01T01:02:47,3064.2,merchant_demo_001
txn_fcb220d17388,acct_bf10f7810b,2025-10-01T01:02:47,4694.99,merchant_demo_001
txn_38ebe9c46e25,acct_bf10f7810b,2025-11-29T01:02:47,2291.42,merchant_demo_001
txn_1291d2fefc5c,acct_bf10f7810b,2026-09-05T01:02:47,876.34,merchant_demo_001
txn_678b7eb03f77,acct_bf10f7810b,2025-11-09T01:02:47,104.91,merchant_demo_001
txn_45dfa1674adf,acct_148820a5ca,2025-12-26T13:01:29,1705.88,merchant_demo_001
txn_7240183c5d7d,acct_148820a5ca,2026-07-14T13:01:29,2299.39,merchant_demo_001
txn_924be2d78d97,acct_148820a5ca,2026-05-05T13:01:29,1956.04,merchant_demo_001
txn_81419a141206,acct_148820a5ca,2025-12-17T13:01:29,4882.65,merchant_demo_001
txn_5cb67db19ec6,acct_148820a5ca,2026-01-24T13:01:29,2088.89,merchant_demo_001
txn_77f8c89f6f54,acct_67b84609ae,2026-05-23T20:29:38,1720.43,merchant_demo_001
txn_46e6d0478fc8,acct_67b84609ae,2026-05-24T20:29:38,1178.07,merchant_demo_001
txn_07e2895d35bf,acct_67b84609ae,2026-09-09T20:29:38,2248.82,merchant_demo_001
txn_8bbff240afd8,acct_67b84609ae,2026-12-09T20:29:38,2981.09,merchant_demo_001
txn_ee2fa95e779f,acct_4a1521cf53,2025-08-03T21:02:32,183.9,merchant_demo_001
txn_b0a6dfacb523,acct_4a1521cf53,2025-12-20T21:02:32,3240.83,merchant_demo_001
txn_7f47510f0c58,acct_cfa2796ca1,2026-05-29T18:38:47,4096.25,merchant_demo_001
txn_693f53d97abe,acct_cfa2796ca1,2027-01-14T18:38:47,3519.17,merchant_demo_001
txn_6cee550a54e1,acct_95683a4176,2026-07-31T06:39:13,4668.43,merchant_demo_001
txn_06fbd68dfabd,acct_8e2c8b3597,2026-05-09T09:16:47,957.88,merchant_demo_001
txn_83d4687d9149,acct_8e2c8b3597,2025-11-24T09:16:47,4444.87,merchant_demo_001
txn_54772a6ac49a,acct_07b4358bec,2025-12-29T01:30:39,3229.75,merchant_demo_001
txn_76c1bb5924ec,acct_07b4358bec,2026-04-11T01:30:39,452.35,merchant_demo_001
txn_694bebfdd8cb,acct_07b4358bec,2025-03-18T01:30:39,3866.93,merchant_demo_001
txn_00af44dcb67d,acct_07b4358bec,2025-10-27T01:30:39,2565.02,merchant_demo_001
txn_30bf8aa2d5a5,acct_4d90fe8dde,2027-01-22T19:25:07,1679.03,merchant_demo_001
txn_439b56d2bdc2,acct_4d90fe8dde,2027-02-28T19:25:07,3811.64,merchant_demo_001
txn_1af7af9a90cf,acct_4d90fe8dde,2027-05-28T19:25:07,3009.08,merchant_demo_001
txn_8168df16931c,acct_4d90fe8dde,2026-07-09T19:25:07,1966.69,merchant_demo_001
txn_b7f1b1177e14,acct_4d90fe8dde,2027-07-05T19:25:07,1065.97,merchant_demo_001
txn_ebaf0562d01a,acct_d90dab5268,2026-01-30T17:28:36,1558.17,merchant_demo_001
txn_b08c93eeba69,acct_d90dab5268,2026-01-12T17:28:36,3497.06,merchant_demo_001
txn_ffd6a288c055,acct_d90dab5268,2026-10-08T17:28:36,3108.69,merchant_demo_001
txn_9aff04e1be9a,acct_d90dab5268,2026-07-02T17:28:36,3791.9,merchant_demo_001
txn_fa579cd9b7a2,acct_71a5d3b948,2026-03-27T12:29:46,3722.36,merchant_demo_001
txn_e50e5f51392a,acct_71a5d3b948,2026-08-23T12:29:46,4004.16,merchant_demo_001
txn_b92e074d2a61,acct_71a5d3b948,2027-02-04T12:29:46,1647.13,merchant_demo_001
txn_bf541cd7d312,acct_71a5d3b948,2026-03-26T12:29:46,4227.02,merchant_demo_001
txn_acb70ab5fbd9,acct_a062a375f7,2025-09-02T19:49:10,2876.46,merchant_demo_001
txn_0dbf84e0c763,acct_a062a375f7,2025-09-02T19:07:10,4150.76,merchant_demo_001
txn_41b2eb1c8118,acct_a062a375f7,2025-09-02T21:29:10,2304.29,merchant_demo_001
txn_589a36156acc,acct_92d861edc4,2027-02-05T03:03:45,4289.42,merchant_demo_001
txn_b4edbd1dd81c,acct_92d861edc4,2026-10-13T03:03:45,3836.72,merchant_demo_001
txn_e9ddd6397132,acct_92d861edc4,2027-04-06T03:03:45,434.86,merchant_demo_001
txn_a1c1b3c5be9c,acct_7b97f55f7e,2027-06-04T18:08:52,3630.28,merchant_demo_001
txn_dcced9083775,acct_7b97f55f7e,2026-07-05T18:08:52,2065.32,merchant_demo_001
txn_6a42c723d8e6,acct_7b97f55f7e,2026-10-03T18:08:52,974.75,merchant_demo_001
txn_de513c95b120,acct_7b97f55f7e,2026-07-21T18:08:52,3824.56,merchant_demo_001
txn_000edcaa464e,acct_66444772cf,2026-11-04T04:36:37,856.15,merchant_demo_001
txn_00ff4df17413,acct_66444772cf,2026-09-21T04:36:37,4486.75,merchant_demo_001
txn_3e03c4efbec0,acct_66444772cf,2025-10-17T04:36:37,2399.1,merchant_demo_001
txn_ffe1c9fde4ed,acct_66444772cf,2026-08-03T04:36:37,2927.7,merchant_demo_001
txn_fe43c7572b26,acct_55d1f21a19,2026-01-30T11:59:22,446.46,merchant_demo_001
txn_65651c3171c8,acct_55d1f21a19,2026-01-05T11:59:22,4091.19,merchant_demo_001
txn_de58f94f5d80,acct_55d1f21a19,2025-06-10T11:59:22,2478.16,merchant_demo_001
txn_14bb9ea46138,acct_55d1f21a19,2026-01-02T11:59:22,811.9,merchant_demo_001
txn_9656ca8f4e8e,acct_55d1f21a19,2026-03-15T11:59:22,1648.15,merchant_demo_001
txn_4e37ca433f12,acct_73411c9a8d,2027-06-10T12:08:55,4031.2,merchant_demo_001
txn_eccb3be17c1a,acct_73411c9a8d,2027-01-03T12:08:55,497.66,merchant_demo_001
txn_3cd3192694cf,acct_0f0c0176b3,2026-07-24T09:53:56,2143.3,merchant_demo_001
txn_d93c743842e6,acct_da3dd27c09,2026-03-30T05:44:26,1348.95,merchant_demo_001
txn_e74e773f1bbc,acct_da3dd27c09,2025-12-15T05:44:26,2957.2,merchant_demo_001
txn_0bdbe3b5a271,acct_da3dd27c09,2025-08-10T05:44:26,199.52,merchant_demo_001
txn_3f8af685883d,acct_4bbfbc267c,2027-03-20T20:41:14,3450.47,merchant_demo_001
txn_3fea3916ffa0,acct_4bbfbc267c,2027-05-25T20:41:14,1210.37,merchant_demo_001
txn_50f413c6be80,acct_4bbfbc267c,2026-08-02T20:41:14,3389.13,merchant_demo_001
txn_6ff8be1894f5,acct_4bbfbc267c,2026-10-18T20:41:14,4790.32,merchant_demo_001
txn_0bc2616edcf7,acct_4bbfbc267c,2026-11-20T20:41:14,3451.08,merchant_demo_001
txn_69548c49562c,acct_d128533e57,2027-05-04T04:46:50,145.42,merchant_demo_001
txn_95f87bd270ee,acct_d128533e57,2026-10-06T04:46:50,1826.02,merchant_demo_001
txn_25cf69ecbf08,acct_d128533e57,2027-02-28T04:46:50,3071.95,merchant_demo_001
txn_c51c3149234d,acct_d128533e57,2026-12-15T04:46:50,2275.72,merchant_demo_001
txn_6bb4e45ac9d5,acct_d128533e57,2026-11-25T04:46:50,3014.13,merchant_demo_001
txn_ed440258801c,acct_d462f21010,2027-03-12T11:15:40,1732.89,merchant_demo_001
txn_611bcc48ce3b,acct_125b8925e0,2027-01-06T15:40:14,989.76,merchant_demo_001
txn_5e838db2a038,acct_125b8925e0,2026-12-01T15:40:14,1329.39,merchant_demo_001
txn_a852cb7764ea,acct_125b8925e0,2027-04-02T15:40:14,2675.98,merchant_demo_001
txn_ed00d27f5d0b,acct_125b8925e0,2026-10-13T15:40:14,1198.4,merchant_demo_001
txn_d5ec6e40cd40,acct_125b8925e0,2027-02-13T15:40:14,3725.37,merchant_demo_001
txn_598d648bcc9f,acct_92659c95f9,2027-02-13T00:39:37,3942.43,merchant_demo_001
txn_e3d3acce2edb,acct_92659c95f9,2026-04-09T00:39:37,3502.0,merchant_demo_001
txn_9f289aed9c49,acct_92659c95f9,2027-04-17T00:39:37,4364.25,merchant_demo_001
txn_e017207d7724,acct_fcf3479d09,2027-02-06T17:40:08,3637.16,merchant_demo_001
txn_6f77652a78ab,acct_c9ec7aef3a,2025-11-03T15:25:04,2383.81,merchant_demo_001
txn_0972c34ed83e,acct_b0df98fade,2026-02-17T21:48:12,3188.39,merchant_demo_001
txn_c97ecfe4d65a,acct_455d6b0213,2026-04-14T04:15:49,1147.88,merchant_demo_001
txn_5d46d0cd7027,acct_455d6b0213,2025-07-07T04:15:49,1751.51,merchant_demo_001
txn_ad06e28cd635,acct_455d6b0213,2026-04-05T04:15:49,2662.13,merchant_demo_001
txn_1258ff1df0d6,acct_70eb1227da,2025-12-30T11:55:58,1929.09,merchant_demo_001
txn_4c5eb3f7e8c8,acct_d101727286,2026-06-14T06:41:51,2925.55,merchant_demo_001
txn_6e3125189f13,acct_d101727286,2026-05-20T06:41:51,3307.94,merchant_demo_001
txn_055f94d142cb,acct_d101727286,2026-04-14T06:41:51,2579.46,merchant_demo_001
txn_fc994e34a49d,acct_d460db3641,2025-01-21T02:09:23,1038.58,merchant_demo_001
txn_806a00dbeed2,acct_d460db3641,2025-09-07T02:09:23,3884.82,merchant_demo_001
txn_f134155669f7,acct_d460db3641,2025-03-20T02:09:23,2405.97,merchant_demo_001
txn_cbd3d0440088,acct_5c571e3272,2026-10-17T04:41:10,2090.72,merchant_demo_001
txn_166089f11029,acct_5c571e3272,2026-12-29T04:41:10,260.53,merchant_demo_001
txn_50df8030f6ad,acct_5c571e3272,2026-08-23T04:41:10,1057.76,merchant_demo_001
txn_a12abf5b3a1b,acct_5c571e3272,2027-04-18T04:41:10,3164.06,merchant_demo_001
txn_b4dba85946eb,acct_5c571e3272,2026-08-15T04:41:10,2612.03,merchant_demo_001
txn_f3d58c646ece,acct_fb3414ad07,2026-12-02T01:40:52,838.7,merchant_demo_001
txn_22ad69dcf823,acct_f48d134f3f,2026-05-15T15:24:44,869.74,merchant_demo_001
txn_3d1cfd8d2f47,acct_f48d134f3f,2026-03-18T15:24:44,2773.83,merchant_demo_001
txn_6bdb3e0d2b4f,acct_ede55c4c51,2025-06-25T10:09:55,4220.11,merchant_demo_001
txn_5b044bac54c6,acct_ede55c4c51,2025-07-09T10:09:55,3773.72,merchant_demo_001
txn_f33c22b275ab,acct_ede55c4c51,2025-02-07T10:09:55,3319.54,merchant_demo_001
txn_b0cda9947625,acct_48cc09dc8b,2027-03-17T11:08:06,779.16,merchant_demo_001
txn_f3eff106edb0,acct_a1bcfe2f56,2027-03-13T07:31:05,2918.3,merchant_demo_001
txn_d075be1533ec,acct_a1bcfe2f56,2026-09-30T07:31:05,4759.48,merchant_demo_001
txn_0e9d5861ccb3,acct_a1bcfe2f56,2026-07-13T07:31:05,3225.85,merchant_demo_001
txn_a69f6f626684,acct_a1bcfe2f56,2026-12-05T07:31:05,3175.16,merchant_demo_001
txn_8b26153fecbf,acct_a1bcfe2f56,2026-05-25T07:31:05,422.55,merchant_demo_001
txn_b3a9961560c6,acct_8fbeba2237,2026-06-22T03:00:16,2143.76,merchant_demo_001
txn_8acb1aa6da59,acct_8fbeba2237,2027-04-20T03:00:16,3442.84,merchant_demo_001
txn_b2501fdf0907,acct_8fbeba2237,2027-06-24T03:00:16,3019.21,merchant_demo_001
txn_fd2ae2403c21,acct_8fbeba2237,2027-01-04T03:00:16,4299.97,merchant_demo_001
txn_6d542506f762,acct_8fbeba2237,2026-09-16T03:00:16,4009.05,merchant_demo_001
txn_4d71bc44bd39,acct_3118077cea,2026-09-11T01:09:30,705.54,merchant_demo_001
txn_66009219e509,acct_3118077cea,2026-12-05T01:09:30,213.81,merchant_demo_001
txn_b0fe0d028d75,acct_3118077cea,2026-05-02T01:09:30,4211.33,merchant_demo_001
txn_5d0a58f3fc7e,acct_3118077cea,2026-06-25T01:09:30,3143.26,merchant_demo_001
txn_0b29aa87f70c,acct_162b9b6254,2025-08-21T11:12:00,3196.23,merchant_demo_001
txn_6bdf547e6929,acct_162b9b6254,2025-10-20T11:12:00,4971.61,merchant_demo_001
txn_f0af674de8f6,acct_162b9b6254,2026-02-23T11:12:00,1013.36,merchant_demo_001
txn_a4b6f84a6eba,acct_162b9b6254,2025-12-05T11:12:00,1439.02,merchant_demo_001
txn_b50ba840ba4b,acct_c9ae62597e,2026-11-02T12:41:23,4025.19,merchant_demo_001
txn_5d51fab758b1,acct_c9ae62597e,2026-12-01T12:41:23,3169.56,merchant_demo_001
txn_3eee775f3179,acct_3a811dc930,2026-05-29T18:25:26,1302.75,merchant_demo_001
txn_274ebfe256b6,acct_3a811dc930,2026-03-29T18:25:26,3418.31,merchant_demo_001
txn_2e203f84879d,acct_524c6462fd,2025-03-07T09:11:09,452.05,merchant_demo_001
txn_444cdef17b78,acct_524c6462fd,2025-03-09T09:11:09,3692.13,merchant_demo_001
txn_7d1907933071,acct_524c6462fd,2025-08-02T09:11:09,4062.01,merchant_demo_001
txn_a3a956327ac1,acct_524c6462fd,2026-02-03T09:11:09,755.89,merchant_demo_001
txn_dc8cbbae3747,acct_e1e7844ea8,2026-01-08T09:58:58,4390.68,merchant_demo_001
txn_b2bc868e6df4,acct_e1e7844ea8,2025-05-27T09:58:58,2068.72,merchant_demo_001
txn_de2a09717c5f,acct_34a85e88bd,2027-01-20T02:04:05,495.62,merchant_demo_001
txn_b90b7ebfbe76,acct_d1736a90f1,2025-11-30T17:31:06,2319.72,merchant_demo_001
txn_080e03e09d03,acct_d1736a90f1,2025-12-13T17:31:06,94.33,merchant_demo_001
txn_5a52d02ef81d,acct_0bfa473f67,2026-12-11T17:19:19,2870.89,merchant_demo_001
txn_6bde2dcdfdc6,acct_0bfa473f67,2027-02-20T17:19:19,4123.44,merchant_demo_001
txn_a4cf0570ac94,acct_0bfa473f67,2027-07-23T17:19:19,341.05,merchant_demo_001
txn_da32fa80d24f,acct_0bfa473f67,2027-06-05T17:19:19,1914.78,merchant_demo_001
txn_15899b85d1e0,acct_0bfa473f67,2027-08-21T17:19:19,2271.85,merchant_demo_001
txn_44c65b7ed924,acct_241c99a0c5,2027-04-29T18:47:11,1503.54,merchant_demo_001
txn_e100931f5bba,acct_241c99a0c5,2026-10-17T18:47:11,1625.31,merchant_demo_001
txn_5acd0d22282f,acct_67dda59efa,2026-08-03T19:08:49,1792.06,merchant_demo_001
txn_47fe4c396af6,acct_67dda59efa,2026-11-03T19:08:49,3507.09,merchant_demo_001
txn_3801b2c3a83c,acct_67dda59efa,2027-02-15T19:08:49,1316.42,merchant_demo_001
txn_bf99b527a220,acct_93f642450d,2026-12-05T09:43:53,2687.3,merchant_demo_001
txn_75c175e7dbc2,acct_3ff8debf05,2026-08-14T16:24:38,3905.48,merchant_demo_001
txn_30eba1408464,acct_3ff8debf05,2026-06-29T16:24:38,3414.36,merchant_demo_001
txn_760842235ee5,acct_3ff8debf05,2026-06-11T16:24:38,4374.83,merchant_demo_001
txn_cfca2779e6bf,acct_3ff8debf05,2027-02-01T16:24:38,1396.29,merchant_demo_001
txn_e21491aa7436,acct_ebd5f855d9,2026-09-10T09:35:56,777.01,merchant_demo_001
txn_6135feee1776,acct_ebd5f855d9,2026-06-03T09:35:56,4377.68,merchant_demo_001
txn_08b7ab74ae52,acct_ebd5f855d9,2026-09-22T09:35:56,2286.26,merchant_demo_001
txn_5068e92c11cc,acct_ebd5f855d9,2026-08-17T09:35:56,1281.41,merchant_demo_001
txn_03802c5d12a4,acct_ebd5f855d9,2026-06-12T09:35:56,1418.4,merchant_demo_001
txn_092c17429f41,acct_5f6d1a9d91,2026-09-27T07:16:15,803.74,merchant_demo_001
txn_a4249f2fec9d,acct_5f6d1a9d91,2026-06-10T07:16:15,4805.61,merchant_demo_001
txn_2ba89c66716e,acct_5f6d1a9d91,2026-06-27T07:16:15,2168.04,merchant_demo_001
txn_70cff6c6611d,acct_5f6d1a9d91,2026-09-12T07:16:15,2046.0,merchant_demo_001
txn_7c492858ef8b,acct_6329aa0011,2027-01-31T16:58:54,3888.54,merchant_demo_001
txn_269e6f1730c0,acct_6329aa0011,2026-12-23T16:58:54,2068.38,merchant_demo_001
txn_6b8a63ef4e2b,acct_6329aa0011,2027-01-21T16:58:54,414.77,merchant_demo_001
txn_f96d09a10b74,acct_6329aa0011,2026-10-04T16:58:54,2928.31,merchant_demo_001
txn_e1ca5b5fa4f2,acct_5ef9c3ec90,2025-11-22T01:50:52,4840.56,merchant_demo_001
txn_5526aff248a5,acct_5ef9c3ec90,2026-02-23T01:50:52,4530.14,merchant_demo_001
txn_f8c0e5426104,acct_5ef9c3ec90,2025-05-27T01:50:52,3755.05,merchant_demo_001
txn_644d738c27ff,acct_5ef9c3ec90,2025-07-28T01:50:52,970.68,merchant_demo_001
txn_f58daa2cd90b,acct_5ef9c3ec90,2025-12-12T01:50:52,1965.41,merchant_demo_001
txn_29651a087dc7,acct_98935c0254,2025-09-11T14:08:17,2840.19,merchant_demo_001
txn_c2a8c75e14fd,acct_98935c0254,2025-04-19T14:08:17,104.84,merchant_demo_001
txn_4505bdf11d41,acct_73d6c1e5eb,2026-06-10T01:24:51,409.72,merchant_demo_001
txn_c295c860ed19,acct_73d6c1e5eb,2026-07-09T01:24:51,4745.71,merchant_demo_001
txn_f9dee85a659c,acct_73d6c1e5eb,2026-09-06T01:24:51,2937.86,merchant_demo_001
txn_ff50e9076417,acct_73d6c1e5eb,2026-02-17T01:24:51,986.26,merchant_demo_001
txn_68f3d64459cc,acct_867fac3965,2026-03-06T05:46:04,3070.85,merchant_demo_001
txn_643c5ec74d87,acct_867fac3965,2026-06-23T05:46:04,4547.97,merchant_demo_001
txn_c1654d5eb7cc,acct_867fac3965,2026-06-28T05:46:04,3303.66,merchant_demo_001
txn_0c1dccff101c,acct_abc7fbc118,2027-03-31T21:19:13,4578.33,merchant_demo_001
txn_2c31dfad26f4,acct_abc7fbc118,2027-04-07T21:19:13,3966.07,merchant_demo_001
txn_c835cd205596,acct_75615de128,2026-08-27T09:26:55,1115.91,merchant_demo_001
txn_2f0b6561c01f,acct_75615de128,2027-05-12T09:26:55,2786.59,merchant_demo_001
txn_31ce67f41659,acct_75615de128,2026-12-23T09:26:55,4332.55,merchant_demo_001
txn_51cded4f9127,acct_75615de128,2026-11-13T09:26:55,2802.09,merchant_demo_001
txn_021d885fb6d1,acct_75615de128,2026-12-16T09:26:55,3565.07,merchant_demo_001
txn_cdde9c417e7c,acct_e9b7ddbe0e,2027-02-15T19:36:26,977.09,merchant_demo_001
txn_a2ea8290525e,acct_e9b7ddbe0e,2027-05-13T19:36:26,2197.45,merchant_demo_001
txn_e38d5d8297a4,acct_e9b7ddbe0e,2026-09-10T19:36:26,651.02,merchant_demo_001
txn_0bfb58dfe144,acct_e9b7ddbe0e,2026-08-17T19:36:26,2649.7,merchant_demo_001
txn_0b873b42d17b,acct_579e06d4ad,2027-01-13T07:32:39,4740.26,merchant_demo_001
txn_546249308247,acct_c98f45c394,2027-01-26T12:01:26,4074.84,merchant_demo_001
txn_a2d5d1c0afab,acct_c98f45c394,2026-05-08T12:01:26,1670.48,merchant_demo_001
txn_393d3eb168c4,acct_c98f45c394,2027-01-23T12:01:26,2663.01,merchant_demo_001
txn_7c31aeef46bc,acct_8c2a964a39,2027-05-16T18:58:21,3017.48,merchant_demo_001
txn_1c0febdb40bb,acct_8c2a964a39,2026-07-08T18:58:21,4955.66,merchant_demo_001
txn_e8960b64ad3c,acct_33b6378dae,2026-07-23T03:25:33,195.19,merchant_demo_001
txn_846c3d0d51bd,acct_33b6378dae,2026-08-21T03:25:33,1483.48,merchant_demo_001
txn_f39cbe9cd414,acct_33b6378dae,2026-08-12T03:25:33,3279.24,merchant_demo_001
txn_006c5dc406f4,acct_33b6378dae,2027-06-20T03:25:33,3507.06,merchant_demo_001
txn_6c9be7e231de,acct_4bbb4cc640,2025-11-27T04:54:23,4208.38,merchant_demo_001
txn_f505832033a1,acct_4bbb4cc640,2026-09-18T04:54:23,3747.62,merchant_demo_001
txn_773a10f0b017,acct_4bbb4cc640,2025-10-17T04:54:23,4785.09,merchant_demo_001
txn_7f7d4b743714,acct_4bbb4cc640,2026-02-16T04:54:23,3718.9,merchant_demo_001
txn_7f410a3a1a86,acct_d3d5685d4e,2025-05-04T18:34:16,4360.04,merchant_demo_001
txn_eaaa4ddf119f,acct_d3d5685d4e,2026-04-26T18:34:16,4682.13,merchant_demo_001
txn_3e02b0c65c8a,acct_b875b44382,2026-02-27T18:23:51,1537.57,merchant_demo_001
txn_88c5c26b8076,acct_fb2f9b568c,2025-11-14T04:41:06,2607.1,merchant_demo_001
txn_fc0ca16fb0ab,acct_719d2e59ba,2026-02-22T13:24:36,1640.92,merchant_demo_001
txn_70960f20ef5f,acct_719d2e59ba,2026-02-22T14:00:36,4225.9,merchant_demo_001
txn_3905f022ee75,acct_719d2e59ba,2026-02-22T13:18:36,705.36,merchant_demo_001
txn_a4cae99d7e0c,acct_bef7c4743c,2026-06-19T07:26:29,2723.72,merchant_demo_001
txn_eb66bd86e944,acct_bef7c4743c,2026-07-05T07:26:29,1669.76,merchant_demo_001
txn_78a92286adb4,acct_bef7c4743c,2026-07-19T07:26:29,1949.53,merchant_demo_001
txn_e2a4b551f841,acct_bef7c4743c,2025-10-30T07:26:29,3724.3,merchant_demo_001
txn_28641c2dc975,acct_bef7c4743c,2026-07-17T07:26:29,4702.12,merchant_demo_001
txn_f2764018f6c9,acct_63d0332a40,2025-10-21T09:11:47,4547.52,merchant_demo_001
txn_3ec08cce9963,acct_bbb7c3c15c,2025-11-12T15:37:25,4849.62,merchant_demo_001
txn_aec6c0b8ba7f,acct_bbb7c3c15c,2025-11-12T15:45:25,799.09,merchant_demo_001
txn_9401741adaf7,acct_4a8ad0de1d,2025-12-23T13:03:32,1205.98,merchant_demo_001
txn_79c9a4b7a588,acct_4a8ad0de1d,2026-01-17T13:03:32,203.35,merchant_demo_001
txn_3e241c54638b,acct_4a8ad0de1d,2026-05-27T13:03:32,4966.96,merchant_demo_001
txn_41acb25e7972,acct_4a8ad0de1d,2026-04-28T13:03:32,3062.72,merchant_demo_001
txn_847ca3429ac8,acct_4a8ad0de1d,2025-11-12T13:03:32,3130.81,merchant_demo_001
txn_534c47da9dce,acct_c45a0f4f27,2026-11-18T09:43:24,4533.43,merchant_demo_001
txn_61efc15ccdb1,acct_c45a0f4f27,2026-08-29T09:43:24,669.26,merchant_demo_001
txn_edddbcf67506,acct_c45a0f4f27,2026-11-23T09:43:24,4703.82,merchant_demo_001
txn_5d8156440604,acct_6571bf3cc4,2026-02-09T02:23:33,3262.72,merchant_demo_001
txn_cc31bcd4493b,acct_6571bf3cc4,2026-07-31T02:23:33,2041.38,merchant_demo_001
txn_dd1b98057746,acct_6571bf3cc4,2026-03-31T02:23:33,4402.77,merchant_demo_001
txn_20b3f462a42b,acct_6571bf3cc4,2026-03-07T02:23:33,2395.6,merchant_demo_001
txn_4fdac4509faa,acct_6571bf3cc4,2026-07-28T02:23:33,1267.72,merchant_demo_001
txn_2713685fa742,acct_9308877482,2025-08-24T01:49:59,3097.65,merchant_demo_001
txn_9069bc8a9be7,acct_5eb6dce5f4,2026-09-12T20:01:52,4685.41,merchant_demo_001
txn_e717427a9a53,acct_5eb6dce5f4,2027-02-28T20:01:52,2880.76,merchant_demo_001
txn_5fa1f5542013,acct_5eb6dce5f4,2027-03-25T20:01:52,807.03,merchant_demo_001
txn_8921418040e4,acct_5eb6dce5f4,2027-08-18T20:01:52,3275.61,merchant_demo_001
txn_f7ac70259f4c,acct_d062c66222,2025-07-08T20:32:27,1582.62,merchant_demo_001
txn_bc291ca69749,acct_d062c66222,2025-12-09T20:32:27,2479.22,merchant_demo_001
txn_a9b9042eb3df,acct_d062c66222,2025-09-04T20:32:27,3568.57,merchant_demo_001
txn_60fed1debe95,acct_1ca8ddec3a,2025-03-22T06:49:11,4823.61,merchant_demo_001
txn_f69f26734eae,acct_1ca8ddec3a,2025-03-22T08:40:11,1011.15,merchant_demo_001
txn_898ca6e9fbf6,acct_ffe3b111ae,2025-08-26T21:53:49,4259.58,merchant_demo_001
txn_6f33186e76af,acct_ffe3b111ae,2025-05-06T21:53:49,113.03,merchant_demo_001
txn_aba15e6c6a66,acct_ffe3b111ae,2025-11-27T21:53:49,2476.45,merchant_demo_001
txn_28933cee29ea,acct_ffe3b111ae,2025-06-26T21:53:49,3229.7,merchant_demo_001
txn_b3616e1ee7ff,acct_ffe3b111ae,2025-04-24T21:53:49,2506.83,merchant_demo_001
txn_a1b3c988766c,acct_a088ee4a96,2026-01-07T03:05:32,1167.49,merchant_demo_001
txn_ccccb82333e8,acct_a088ee4a96,2026-01-07T03:12:32,3799.97,merchant_demo_001
txn_b84d260b5a4f,acct_a5fbff24c3,2025-09-21T08:53:58,775.73,merchant_demo_001
txn_54805ceb834b,acct_a5fbff24c3,2026-02-15T08:53:58,4174.96,merchant_demo_001
txn_3598640b2884,acct_315234db11,2026-03-12T23:36:03,3625.06,merchant_demo_001
txn_a00b4daf1e5e,acct_315234db11,2026-03-09T23:36:03,1031.47,merchant_demo_001
txn_3c74892a1025,acct_315234db11,2026-01-13T23:36:03,1007.21,merchant_demo_001
txn_fffddb6b732d,acct_315234db11,2026-01-01T23:36:03,249.56,merchant_demo_001
txn_d68cc37393d1,acct_315234db11,2025-10-10T23:36:03,3672.22,merchant_demo_001
txn_d52cfaf54f77,acct_38dacff7d0,2026-12-15T08:50:24,1411.56,merchant_demo_001
txn_d96bab8ff22e,acct_38dacff7d0,2027-02-24T08:50:24,1468.73,merchant_demo_001
txn_0a23c7bb7084,acct_38dacff7d0,2027-05-17T08:50:24,50.42,merchant_demo_001
txn_fe0bccef50a8,acct_32955df71e,2026-08-16T08:21:08,2184.7,merchant_demo_001
txn_aeee35af8ceb,acct_32955df71e,2026-07-22T08:21:08,3761.47,merchant_demo_001
txn_3fc6916b0fd9,acct_32955df71e,2026-09-06T08:21:08,2109.11,merchant_demo_001
txn_f684a1978318,acct_ac358ddb96,2025-07-01T03:10:50,1166.19,merchant_demo_001
txn_9fd40d5fde5b,acct_a293271104,2025-12-31T17:58:14,3474.55,merchant_demo_001
txn_db3ff0fda58c,acct_af4a4ab88b,2025-08-22T02:15:33,1640.7,merchant_demo_001
txn_2f0dff86d133,acct_af4a4ab88b,2025-08-22T03:05:33,402.9,merchant_demo_001
txn_f7341f527f8a,acct_bcb2e4d4d6,2026-10-29T04:33:20,218.87,merchant_demo_001
txn_fef0175012da,acct_bcb2e4d4d6,2026-11-28T04:33:20,2808.95,merchant_demo_001
txn_97c6e7912bff,acct_bcb2e4d4d6,2027-01-14T04:33:20,4876.19,merchant_demo_001
txn_df6b97eaabb5,acct_bcb2e4d4d6,2026-01-25T04:33:20,2442.44,merchant_demo_001
txn_22357b85ed99,acct_ea06b80029,2026-11-12T19:37:41,873.97,merchant_demo_001
txn_30f4b02001b7,acct_ea06b80029,2026-09-12T19:37:41,2985.79,merchant_demo_001
txn_d3fd23d10301,acct_c29b3d2144,2026-01-04T03:56:15,1790.79,merchant_demo_001
txn_7ae2cb30db7c,acct_95f53601a7,2026-06-22T01:20:45,233.35,merchant_demo_001
txn_a89fd72c3c7f,acct_95f53601a7,2026-03-21T01:20:45,2813.8,merchant_demo_001
txn_123aedb56e33,acct_7649e425ee,2026-09-02T11:09:52,57.21,merchant_demo_001
txn_c77804462d63,acct_7649e425ee,2026-06-11T11:09:52,2745.81,merchant_demo_001
txn_9ec94e450793,acct_7649e425ee,2026-01-25T11:09:52,3658.15,merchant_demo_001
txn_195d7ca98733,acct_fc891b20d4,2026-07-26T08:42:00,4481.23,merchant_demo_001
txn_14f4e792180e,acct_8f143acbcc,2025-07-04T01:38:00,1392.68,merchant_demo_001
txn_b059092701f4,acct_8f143acbcc,2026-01-04T01:38:00,1992.38,merchant_demo_001
txn_4efb8b57e7ea,acct_8f143acbcc,2025-08-27T01:38:00,1281.94,merchant_demo_001
txn_362dacd4bbfd,acct_8f143acbcc,2026-01-28T01:38:00,629.02,merchant_demo_001
txn_40dcc59adc90,acct_2b69405083,2025-12-27T04:42:26,3250.73,merchant_demo_001
txn_05a77d934609,acct_2b69405083,2026-02-14T04:42:26,2390.33,merchant_demo_001
txn_93eb0e96c58b,acct_7a8e49632a,2026-07-20T08:01:07,105.97,merchant_demo_001
txn_3fbcb1af7021,acct_e8a7f09ff2,2026-04-23T15:54:49,3598.28,merchant_demo_001
txn_90e5cf33b93c,acct_e8a7f09ff2,2026-09-27T15:54:49,4469.3,merchant_demo_001
txn_8218579bb94d,acct_584a5803b2,2025-12-24T08:12:59,1417.64,merchant_demo_001
txn_8c71be2e64dc,acct_81548af5a7,2026-02-25T06:24:21,1280.79,merchant_demo_001
txn_e4cd363af102,acct_886f6e7daf,2025-09-22T23:32:13,932.14,merchant_demo_001
txn_14c102bc4e1f,acct_886f6e7daf,2026-04-10T23:32:13,169.46,merchant_demo_001
txn_cfb6e2f621af,acct_886f6e7daf,2025-10-23T23:32:13,2963.4,merchant_demo_001
txn_50e39cdafbea,acct_886f6e7daf,2026-01-25T23:32:13,3856.28,merchant_demo_001
txn_600845c9c22b,acct_886f6e7daf,2026-08-04T23:32:13,4701.87,merchant_demo_001
txn_440b3cb984c9,acct_4769d8de09,2026-03-04T04:13:41,2593.02,merchant_demo_001
txn_c2e74f09cd6f,acct_0a8464e601,2026-01-06T15:34:35,2026.73,merchant_demo_001
txn_97cfde8d2cb7,acct_0a8464e601,2025-08-18T15:34:35,3160.29,merchant_demo_001
txn_de25bf7f22e7,acct_0a8464e601,2026-03-19T15:34:35,3731.53,merchant_demo_001
txn_934dad683afa,acct_0a8464e601,2026-03-01T15:34:35,2251.84,merchant_demo_001
txn_729c63057796,acct_0a8464e601,2025-12-30T15:34:35,111.62,merchant_demo_001
txn_54ff22459494,acct_7399836cd9,2026-08-30T00:53:27,829.37,merchant_demo_001
txn_14a209d68631,acct_7399836cd9,2027-03-11T00:53:27,1722.83,merchant_demo_001
txn_4400800f6efe,acct_7399836cd9,2026-09-30T00:53:27,1448.3,merchant_demo_001
txn_2d1a4b419864,acct_7399836cd9,2026-10-28T00:53:27,3561.01,merchant_demo_001
txn_9f26b417e581,acct_e2d9a252fc,2026-08-05T12:52:52,3625.76,merchant_demo_001
txn_9e229259e62d,acct_e2d9a252fc,2026-10-15T12:52:52,3618.12,merchant_demo_001
txn_85133401fb01,acct_a2112631bc,2026-10-12T13:56:01,324.69,merchant_demo_001
txn_1345e2440b61,acct_a2112631bc,2026-10-07T13:56:01,3044.26,merchant_demo_001
txn_b38c25b1b64d,acct_6dd27c7337,2025-05-22T00:02:21,1355.05,merchant_demo_001
txn_084d5c3bd31c,acct_6dd27c7337,2025-05-21T22:51:21,2540.53,merchant_demo_001
txn_3609c68428d9,acct_ec757a6b9f,2025-10-16T06:53:15,3822.33,merchant_demo_001
txn_1a82bd59c5c4,acct_ec757a6b9f,2026-04-28T06:53:15,2462.54,merchant_demo_001
txn_3425ebe7d01b,acct_ec757a6b9f,2026-06-04T06:53:15,3613.18,merchant_demo_001
txn_9c6b1eeccd24,acct_ec757a6b9f,2026-07-25T06:53:15,2814.03,merchant_demo_001
txn_726fc2315f37,acct_ec757a6b9f,2025-10-10T06:53:15,3003.08,merchant_demo_001
txn_865f4e78ca96,acct_836a9597d8,2026-07-07T09:51:54,3592.41,merchant_demo_001
txn_ac7a5df8deb3,acct_9bcb487fa4,2026-12-10T03:33:30,3094.91,merchant_demo_001
txn_d8da6cffb803,acct_9bcb487fa4,2026-09-19T03:33:30,4203.52,merchant_demo_001
txn_132afa746b36,acct_9bcb487fa4,2026-12-06T03:33:30,3164.55,merchant_demo_001
txn_71ce96f50005,acct_9bcb487fa4,2026-05-10T03:33:30,4334.98,merchant_demo_001
txn_cc41394bc3af,acct_9bcb487fa4,2026-01-26T03:33:30,504.78,merchant_demo_001
txn_d66e5dc0b96f,acct_daf5cb1747,2027-01-08T00:56:58,1923.93,merchant_demo_001
txn_0ec8a80ccaa3,acct_daf5cb1747,2026-08-11T00:56:58,1709.66,merchant_demo_001
txn_7e6d84238cd8,acct_73051cf836,2025-12-12T05:23:09,1725.59,merchant_demo_001
txn_8cdddcfaf56c,acct_73051cf836,2025-03-28T05:23:09,1747.41,merchant_demo_001
txn_406bdf2e6796,acct_73051cf836,2025-09-24T05:23:09,1242.8,merchant_demo_001
txn_dbedfcedbe90,acct_7099feda20,2025-12-21T08:55:23,2990.3,merchant_demo_001
txn_8f512f636083,acct_033bccb97f,2025-03-20T04:35:33,1511.58,merchant_demo_001
txn_7eeb7f3d43c4,acct_033bccb97f,2025-10-22T04:35:33,4003.67,merchant_demo_001
txn_8693bc16fec3,acct_033bccb97f,2026-02-11T04:35:33,4939.55,merchant_demo_001
txn_f7b498586975,acct_033bccb97f,2025-05-18T04:35:33,139.54,merchant_demo_001
txn_c40a25b07621,acct_480b2d883c,2026-01-15T09:56:06,4529.67,merchant_demo_001
txn_c36b1c627bee,acct_480b2d883c,2026-02-24T09:56:06,84.7,merchant_demo_001
txn_abcb23858f61,acct_50a40c3b2d,2026-05-04T05:04:37,1848.62,merchant_demo_001
txn_f5a696791f0e,acct_50a40c3b2d,2026-05-07T05:04:37,1516.52,merchant_demo_001
txn_fc1b4e45b08a,acct_50a40c3b2d,2026-12-22T05:04:37,3506.21,merchant_demo_001
txn_5b9a786d0953,acct_50a40c3b2d,2026-01-14T05:04:37,4324.54,merchant_demo_001
txn_cd28d2301730,acct_48353f1383,2025-11-26T16:44:48,4482.23,merchant_demo_001
txn_cd17461f2c18,acct_48353f1383,2025-02-12T16:44:48,2246.78,merchant_demo_001
txn_02e912e57b2f,acct_4f030b25ca,2025-11-25T17:06:48,1982.49,merchant_demo_001
txn_391bd9605786,acct_4d5921ee17,2027-05-27T20:46:17,2882.86,merchant_demo_001
txn_9b7f0219123e,acct_39d8b8df09,2025-11-16T04:41:07,2904.07,merchant_demo_001
txn_fe612b834ffa,acct_39d8b8df09,2025-11-16T05:26:07,4388.18,merchant_demo_001
txn_d12887f70dd7,acct_39d8b8df09,2025-11-16T05:43:07,4029.34,merchant_demo_001
txn_3a32aa4fedd5,acct_5dfd9ef67f,2025-12-28T11:46:48,4370.26,merchant_demo_001
txn_ab0b0051e216,acct_5dfd9ef67f,2026-01-22T11:46:48,1278.58,merchant_demo_001
txn_372bb5805866,acct_5dfd9ef67f,2026-10-16T11:46:48,3806.77,merchant_demo_001
txn_a9bf891bc8d7,acct_5dfd9ef67f,2026-05-02T11:46:48,4618.1,merchant_demo_001
txn_4d92bf881ebe,acct_3dbf082c9b,2026-10-27T20:12:57,4882.3,merchant_demo_001
txn_990a73ff5568,acct_3dbf082c9b,2026-09-09T20:12:57,3757.75,merchant_demo_001
txn_64f0c96ddf3f,acct_3dbf082c9b,2026-08-07T20:12:57,3712.32,merchant_demo_001
txn_4fc281d66308,acct_f78f73b7a2,2025-08-22T01:44:06,692.21,merchant_demo_001
txn_6e8ec27dcc6a,acct_f78f73b7a2,2025-08-22T03:44:06,4074.12,merchant_demo_001
txn_b5a78c421c6f,acct_f0ad6d7398,2025-03-17T00:54:28,1119.61,merchant_demo_001
txn_b5a5c980fcdc,acct_f0ad6d7398,2025-09-28T00:54:28,2608.84,merchant_demo_001
txn_9542ad9f721c,acct_f0ad6d7398,2025-04-07T00:54:28,1686.69,merchant_demo_001
txn_33d587bde48f,acct_f0ad6d7398,2025-04-09T00:54:28,1997.19,merchant_demo_001
txn_b55606407d96,acct_1d2e663995,2026-08-29T16:35:24,2009.26,merchant_demo_001
txn_1f01ea45a5c2,acct_c9a974b305,2025-08-16T12:46:58,1886.27,merchant_demo_001
txn_b5e591bbb15e,acct_c9a974b305,2025-10-17T12:46:58,3668.12,merchant_demo_001
txn_f5cc42f94459,acct_c9a974b305,2026-07-06T12:46:58,484.26,merchant_demo_001
txn_48418844eb1f,acct_c9a974b305,2026-07-02T12:46:58,2173.23,merchant_demo_001
txn_09756e5cf083,acct_0818bf38a6,2027-04-19T19:50:00,2747.84,merchant_demo_001
txn_1ea6fa241caa,acct_ec7ed9a252,2026-07-07T18:24:01,4304.93,merchant_demo_001
txn_ff5e8c2bcd06,acct_7d54121474,2025-07-05T06:05:21,2982.21,merchant_demo_001
txn_926c36f79e4d,acct_7d54121474,2025-09-05T06:05:21,340.58,merchant_demo_001
txn_c842af8a06a7,acct_7d54121474,2026-06-27T06:05:21,1224.43,merchant_demo_001
txn_b56b11b39446,acct_7d54121474,2025-06-27T06:05:21,758.65,merchant_demo_001
txn_d6c0ed2599ec,acct_7d54121474,2025-08-21T06:05:21,165.36,merchant_demo_001
txn_8c402248edd1,acct_fb9ae6bee7,2026-05-14T06:37:50,832.49,merchant_demo_001
txn_63584a0a4149,acct_fb9ae6bee7,2026-03-04T06:37:50,3848.59,merchant_demo_001
txn_88aaeb8b2ef9,acct_fb9ae6bee7,2026-07-15T06:37:50,3797.03,merchant_demo_001
txn_5c56b371108c,acct_476937098a,2026-06-20T01:14:14,3495.76,merchant_demo_001
txn_5d6ba2ace6e4,acct_476937098a,2026-04-29T01:14:14,1194.76,merchant_demo_001
txn_3ce3b66cc5f4,acct_476937098a,2025-12-20T01:14:14,2893.67,merchant_demo_001
txn_c79e0dd7d2c1,acct_476937098a,2026-01-27T01:14:14,4847.42,merchant_demo_001
txn_e2a08553865e,acct_476937098a,2025-11-14T01:14:14,295.22,merchant_demo_001
txn_2a1d32ca744e,acct_2c02d1c352,2025-09-05T00:41:59,262.84,merchant_demo_001
txn_d9796ef55556,acct_2c02d1c352,2025-09-22T00:41:59,1776.64,merchant_demo_001
txn_cc2b4ab95a4b,acct_2c02d1c352,2025-10-07T00:41:59,4675.5,merchant_demo_001
txn_708eaa401a9b,acct_2c02d1c352,2026-01-01T00:41:59,1642.32,merchant_demo_001
txn_3527d9a0b39f,acct_2c02d1c352,2025-06-16T00:41:59,4908.34,merchant_demo_001
txn_402d7fccbbc2,acct_177add96c3,2025-05-24T20:31:42,267.03,merchant_demo_001
txn_d1387f9de3da,acct_177add96c3,2025-08-08T20:31:42,3748.47,merchant_demo_001
txn_5d8be1252e2c,acct_177add96c3,2026-01-18T20:31:42,1443.5,merchant_demo_001
txn_737e771be6c5,acct_177add96c3,2025-08-08T20:31:42,4632.36,merchant_demo_001
txn_61f0df1412e1,acct_177add96c3,2025-07-08T20:31:42,2593.28,merchant_demo_001
txn_d11dff4dc060,acct_50247a14f5,2027-03-12T22:17:16,130.64,merchant_demo_001
txn_68a3a948bc2a,acct_38512bb945,2025-07-19T14:59:22,3605.91,merchant_demo_001
txn_7cc098cb80c9,acct_38512bb945,2026-03-19T14:59:22,1976.98,merchant_demo_001
txn_cf70f4dcd587,acct_38512bb945,2026-04-06T14:59:22,1784.44,merchant_demo_001
txn_47d7df9c1ebf,acct_38512bb945,2025-09-04T14:59:22,1452.8,merchant_demo_001
txn_5c9dd80129fe,acct_38512bb945,2025-10-10T14:59:22,3822.34,merchant_demo_001
txn_a0c821e256b5,acct_19221a02fe,2026-08-17T10:30:29,826.66,merchant_demo_001
txn_54290897ff87,acct_19221a02fe,2026-04-17T10:30:29,3005.73,merchant_demo_001
txn_a87f60072aa9,acct_19221a02fe,2027-01-08T10:30:29,1886.42,merchant_demo_001
txn_3a736df50cdd,acct_19221a02fe,2026-03-26T10:30:29,2491.95,merchant_demo_001
txn_8089d03d3138,acct_f2a805fa34,2025-01-31T07:21:46,1608.74,merchant_demo_001
txn_61bfa24abbe2,acct_f2a805fa34,2025-08-01T07:21:46,1930.44,merchant_demo_001
txn_45937282be29,acct_f2a805fa34,2025-05-05T07:21:46,4849.06,merchant_demo_001
txn_277269e7e9c9,acct_f2a805fa34,2025-08-02T07:21:46,557.62,merchant_demo_001
txn_aec91d9cc8c0,acct_28e3c0eb13,2026-08-27T09:03:04,1582.5,merchant_demo_001
txn_fa0e44ee0f52,acct_28e3c0eb13,2027-01-19T09:03:04,200.89,merchant_demo_001
txn_6b7842e46b30,acct_28e3c0eb13,2026-06-22T09:03:04,1516.85,merchant_demo_001
txn_611dbdf0b687,acct_28e3c0eb13,2027-05-10T09:03:04,813.6,merchant_demo_001
txn_aaf56af06ec5,acct_9e090bd149,2026-02-03T13:28:11,129.38,merchant_demo_001
txn_de5712df689d,acct_9e090bd149,2025-10-19T13:28:11,1798.93,merchant_demo_001
txn_005f712b15ad,acct_9e090bd149,2025-08-12T13:28:11,1861.56,merchant_demo_001
txn_21cffdfea9e0,acct_9e090bd149,2026-01-13T13:28:11,184.51,merchant_demo_001
txn_937f95e000c2,acct_3a96d0fac2,2026-04-16T11:41:02,3420.43,merchant_demo_001
txn_ef7d6071ed63,acct_3a96d0fac2,2026-02-08T11:41:02,2234.03,merchant_demo_001
txn_5c4111c4418b,acct_3a96d0fac2,2026-12-18T11:41:02,3642.89,merchant_demo_001
txn_557edf3458b7,acct_930bd92cd0,2026-05-21T10:38:27,2510.4,merchant_demo_001
txn_1e11dea5c2b0,acct_9baee82671,2026-04-15T05:40:08,2145.07,merchant_demo_001
txn_a302345073a8,acct_a104945ed3,2026-06-23T06:28:19,2228.19,merchant_demo_001
txn_64a417a40a8e,acct_a104945ed3,2026-05-24T06:28:19,1898.43,merchant_demo_001
txn_d841d8802878,acct_44490ade18,2026-11-13T07:18:39,1546.0,merchant_demo_001
txn_dab28add96a3,acct_44490ade18,2026-10-21T07:18:39,1264.21,merchant_demo_001
txn_a582649adda5,acct_61a226f1a0,2025-12-06T16:31:06,2239.57,merchant_demo_001
txn_6ce0ca96a79e,acct_61a226f1a0,2025-11-14T16:31:06,330.24,merchant_demo_001
txn_8f662eebc313,acct_61a226f1a0,2026-01-10T16:31:06,4844.71,merchant_demo_001
txn_0ce9f8162886,acct_ed392deae4,2026-06-10T20:38:26,530.52,merchant_demo_001
txn_94b72477a1f4,acct_ed392deae4,2026-08-03T20:38:26,3487.26,merchant_demo_001
txn_508b6a81f2e0,acct_ed392deae4,2026-10-18T20:38:26,2938.45,merchant_demo_001
txn_19e025e1bd2f,acct_a2c1069b60,2026-03-24T10:45:38,2328.16,merchant_demo_001
txn_81421982ea5d,acct_a2c1069b60,2026-01-06T10:45:38,4671.2,merchant_demo_001
txn_846065f97035,acct_a2c1069b60,2025-04-28T10:45:38,3804.43,merchant_demo_001
txn_eddb1bb9a122,acct_01bec2a99c,2026-10-11T07:05:14,2899.11,merchant_demo_001
txn_bf65890f4f0f,acct_01bec2a99c,2026-06-10T07:05:14,2201.9,merchant_demo_001
txn_da2dd39f0153,acct_01bec2a99c,2026-12-04T07:05:14,4686.81,merchant_demo_001
txn_d7509c4a608a,acct_01bec2a99c,2026-11-21T07:05:14,2052.85,merchant_demo_001
txn_1de74ccbf1cd,acct_01bec2a99c,2026-03-08T07:05:14,2176.94,merchant_demo_001
txn_9afb515a834b,acct_8b9482138b,2025-09-16T01:14:21,2790.96,merchant_demo_001
txn_aa622373777e,acct_8b9482138b,2025-10-22T01:14:21,4411.48,merchant_demo_001
txn_b8dd4b9b07ac,acct_8b9482138b,2026-07-15T01:14:21,3056.0,merchant_demo_001
txn_fe353d55e689,acct_8b9482138b,2025-11-27T01:14:21,3154.65,merchant_demo_001
txn_b58b943ca89b,acct_f252606877,2026-08-23T08:50:47,2010.14,merchant_demo_001
txn_90e24717cd0d,acct_f252606877,2026-01-03T08:50:47,1902.56,merchant_demo_001
txn_65bfdda05ee8,acct_f252606877,2026-08-27T08:50:47,293.42,merchant_demo_001
txn_da907f118d63,acct_f252606877,2026-04-05T08:50:47,4854.32,merchant_demo_001
txn_e58d770ef75f,acct_f252606877,2027-01-16T08:50:47,3485.62,merchant_demo_001
txn_fe011b57cff7,acct_299aaf7461,2026-11-22T23:49:53,489.08,merchant_demo_001
txn_26063ee0a36f,acct_299aaf7461,2026-03-28T23:49:53,1259.59,merchant_demo_001
txn_f29c971c38fb,acct_299aaf7461,2025-11-16T23:49:53,4038.27,merchant_demo_001
txn_6394d5c08f6b,acct_299aaf7461,2026-01-03T23:49:53,2840.13,merchant_demo_001
txn_d741fec61fd2,acct_b6ec6fa537,2025-07-27T00:43:46,3037.18,merchant_demo_001
txn_7616eebe85d4,acct_b6ec6fa537,2026-02-20T00:43:46,2469.9,merchant_demo_001
txn_ad2062d11a31,acct_abc4075c1a,2025-08-11T11:29:32,4259.03,merchant_demo_001
txn_f9fcc280d484,acct_abc4075c1a,2025-07-18T11:29:32,3466.51,merchant_demo_001
txn_da31b85e8d78,acct_2e4c42c2da,2026-03-13T11:49:04,2421.34,merchant_demo_001
txn_40f0f0ac42b6,acct_2e4c42c2da,2026-03-05T11:49:04,709.64,merchant_demo_001
txn_3ada98c8a015,acct_2e4c42c2da,2026-01-04T11:49:04,4991.54,merchant_demo_001
txn_b6af3c955058,acct_2e4c42c2da,2025-10-14T11:49:04,1481.02,merchant_demo_001
txn_acdaffc03131,acct_2e4c42c2da,2025-04-10T11:49:04,970.91,merchant_demo_001
txn_03908f8b2b8d,acct_fea8e3befc,2025-05-01T21:47:13,710.19,merchant_demo_001
txn_ea7ac938dd0e,acct_fea8e3befc,2025-03-19T21:47:13,3827.28,merchant_demo_001
txn_c6635a235e05,acct_fea8e3befc,2025-04-25T21:47:13,2004.18,merchant_demo_001
txn_151425c29610,acct_c5c739b32e,2026-05-25T13:49:55,3105.69,merchant_demo_001
txn_d97ba30e9278,acct_c5c739b32e,2026-09-13T13:49:55,3281.07,merchant_demo_001
txn_234addce3fa3,acct_c5c739b32e,2026-03-26T13:49:55,868.42,merchant_demo_001
txn_0eba3044625c,acct_c5c739b32e,2026-07-14T13:49:55,4596.31,merchant_demo_001
txn_8dbf253c150d,acct_ee8c7265f5,2025-03-29T14:48:00,1157.98,merchant_demo_001
txn_d961a7c1331e,acct_ee8c7265f5,2025-03-29T16:24:00,4343.96,merchant_demo_001
txn_2cfa60dd9057,acct_ee8c7265f5,2025-03-29T16:54:00,746.42,merchant_demo_001
txn_51e428679c7e,acct_cf54ab1ca4,2026-07-12T22:21:58,3445.75,merchant_demo_001
txn_be3cf7c35be0,acct_cf54ab1ca4,2026-03-23T22:21:58,2897.4,merchant_demo_001
txn_068b83c5f259,acct_99c7674aec,2027-02-22T09:24:15,4958.3,merchant_demo_001
txn_c5a43b47a108,acct_99c7674aec,2026-04-09T09:24:15,2145.24,merchant_demo_001
txn_333f26e5d35a,acct_99c7674aec,2026-06-11T09:24:15,1178.37,merchant_demo_001
txn_cf7b97c99582,acct_a8c8659e2b,2026-08-08T05:43:29,1430.56,merchant_demo_001
txn_6ade50cdcebf,acct_a8c8659e2b,2026-01-26T05:43:29,1101.47,merchant_demo_001
txn_21bfca854f14,acct_9af560f38d,2026-02-02T15:00:08,3316.22,merchant_demo_001
txn_8dda47ed169b,acct_9af560f38d,2026-03-30T15:00:08,2975.4,merchant_demo_001
txn_fd73f1d0b32e,acct_9af560f38d,2025-08-09T15:00:08,4452.82,merchant_demo_001
txn_162a609cb349,acct_ccdc1884cf,2026-10-28T10:02:38,2442.19,merchant_demo_001
txn_6ceb6882f2b2,acct_95545a4ed7,2026-07-11T14:50:30,1674.87,merchant_demo_001
txn_849ef71a1276,acct_95545a4ed7,2026-10-13T14:50:30,3465.72,merchant_demo_001
txn_3c0d719be5cc,acct_95545a4ed7,2026-08-01T14:50:30,4488.66,merchant_demo_001
txn_16ffa685295b,acct_89222ab4f3,2025-09-09T20:10:13,1651.86,merchant_demo_001
txn_989ef66f5136,acct_61f74ee03f,2026-03-19T10:59:14,3066.29,merchant_demo_001
txn_4dfc9533a3dd,acct_61f74ee03f,2025-05-05T10:59:14,1048.61,merchant_demo_001
txn_1c02f87988e4,acct_61f74ee03f,2025-07-22T10:59:14,665.37,merchant_demo_001
txn_e8c3382cd60a,acct_61f74ee03f,2025-04-01T10:59:14,3597.27,merchant_demo_001
txn_ca02bafa048a,acct_61f74ee03f,2025-10-18T10:59:14,3953.58,merchant_demo_001
txn_c0f627b73dc2,acct_e1ecf69452,2026-08-15T21:46:18,3383.5,merchant_demo_001
txn_562a8438ca2f,acct_e1ecf69452,2026-07-31T21:46:18,3878.61,merchant_demo_001
txn_5cd37c9ece57,acct_7a1610d639,2027-04-06T14:57:07,3637.3,merchant_demo_001
txn_02ef7941f980,acct_7a1610d639,2026-08-06T14:57:07,4572.37,merchant_demo_001
txn_456313061c12,acct_7a1610d639,2027-01-28T14:57:07,2274.53,merchant_demo_001
txn_90a0f0085530,acct_7a1610d639,2027-01-15T14:57:07,1130.8,merchant_demo_001
txn_cc70e1357f41,acct_1a69c36986,2026-03-30T02:25:18,4439.18,merchant_demo_001
txn_446d9037c2ef,acct_7307d827cb,2027-02-26T05:38:00,4802.45,merchant_demo_001
txn_c2f378d680bc,acct_7307d827cb,2026-09-24T05:38:00,2038.95,merchant_demo_001
txn_a1d11a9eafaa,acct_7307d827cb,2026-08-04T05:38:00,3664.06,merchant_demo_001
txn_0d067314eff1,acct_7307d827cb,2026-03-19T05:38:00,4631.29,merchant_demo_001
txn_e67362dab882,acct_7307d827cb,2026-10-17T05:38:00,67.07,merchant_demo_001
txn_0a29b26bf829,acct_8570b8d639,2027-01-01T19:15:16,309.18,merchant_demo_001
txn_1c0b1cd45fe8,acct_8570b8d639,2027-01-09T19:15:16,3997.97,merchant_demo_001
txn_3de88f759af9,acct_8570b8d639,2026-12-18T19:15:16,3091.1,merchant_demo_001
txn_b2160fd0b3f7,acct_8570b8d639,2026-09-24T19:15:16,3138.33,merchant_demo_001
txn_6cebc3cc0dcc,acct_8570b8d639,2026-12-02T19:15:16,719.6,merchant_demo_001
txn_701034e099cb,acct_4ae7d9d72a,2026-09-01T08:51:33,3653.23,merchant_demo_001
txn_6819b18d7af3,acct_4ae7d9d72a,2026-08-08T08:51:33,3219.55,merchant_demo_001
txn_3fc3d34ce164,acct_4ae7d9d72a,2027-07-17T08:51:33,1522.68,merchant_demo_001
txn_bc45e207e717,acct_41d76df0ac,2025-08-24T01:42:07,4494.14,merchant_demo_001
txn_9af67559f23d,acct_5fc785e592,2025-09-03T05:17:32,3393.22,merchant_demo_001
txn_d1462c313733,acct_5fc785e592,2026-04-04T05:17:32,2392.55,merchant_demo_001
txn_effc1b1c1c40,acct_5fc785e592,2026-09-17T05:17:32,1865.78,merchant_demo_001
txn_697f8d284cf2,acct_88466c618b,2026-01-03T19:29:52,2294.54,merchant_demo_001
txn_1a37b8975adf,acct_88466c618b,2025-08-07T19:29:52,1887.69,merchant_demo_001
txn_f23f4d2dbf84,acct_8636da97ea,2025-12-21T02:32:52,4160.51,merchant_demo_001
txn_7933204b0357,acct_5fb21bbaa4,2026-07-24T02:36:42,1263.3,merchant_demo_001
txn_5d7dae5e8ffa,acct_6d85d81aff,2025-04-30T13:03:42,4034.01,merchant_demo_001
txn_a6aff309bce4,acct_6d85d81aff,2025-12-28T13:03:42,4911.45,merchant_demo_001
txn_53015c8eb383,acct_6d85d81aff,2025-12-13T13:03:42,4242.4,merchant_demo_001
txn_b4482e064231,acct_6d85d81aff,2025-08-17T13:03:42,4421.04,merchant_demo_001
txn_29779fe26a7c,acct_13f16300d4,2025-08-20T08:30:54,3658.2,merchant_demo_001
txn_23517cabb859,acct_13f16300d4,2025-08-20T07:57:54,2889.7,merchant_demo_001
txn_a7d72d62ce92,acct_9ea06fd4b7,2026-08-12T10:48:26,2995.31,merchant_demo_001
txn_0acb4fbe5402,acct_9ea06fd4b7,2027-01-28T10:48:26,2951.68,merchant_demo_001
txn_42672c57adde,acct_9ea06fd4b7,2026-04-26T10:48:26,2637.46,merchant_demo_001
txn_45dfb3344cab,acct_5efe054b02,2026-05-07T05:47:12,3509.96,merchant_demo_001
txn_1720bf079694,acct_5efe054b02,2026-04-29T05:47:12,3412.99,merchant_demo_001
txn_6105e0df64f6,acct_3870a45502,2026-12-08T16:52:41,3554.93,merchant_demo_001
txn_ede87b8806c1,acct_3870a45502,2027-01-06T16:52:41,3958.49,merchant_demo_001
txn_90e6e5d8e76b,acct_3870a45502,2026-07-15T16:52:41,3013.77,merchant_demo_001
txn_68f106cf372d,acct_3870a45502,2027-03-02T16:52:41,2555.13,merchant_demo_001
txn_67a3f95c3e50,acct_3870a45502,2026-03-23T16:52:41,2966.92,merchant_demo_001
txn_cb525480bd60,acct_e485285c6c,2026-10-06T06:15:00,4078.64,merchant_demo_001
txn_31482d3fbb2d,acct_e485285c6c,2026-05-05T06:15:00,4340.54,merchant_demo_001
txn_256369d70331,acct_e485285c6c,2027-02-27T06:15:00,3525.89,merchant_demo_001
txn_35551e0dc6b8,acct_e485285c6c,2027-04-01T06:15:00,1077.31,merchant_demo_001
txn_2738ad331ae8,acct_e485285c6c,2026-11-27T06:15:00,3886.63,merchant_demo_001
txn_b3b81dba1c0c,acct_5aa10a739a,2026-08-16T11:13:09,1121.57,merchant_demo_001
txn_f521d56e2c79,acct_5aa10a739a,2026-08-06T11:13:09,3739.24,merchant_demo_001
txn_5efb1b9c90e4,acct_b1004a2b71,2026-05-06T01:09:17,4471.28,merchant_demo_001
txn_7c744cb2389c,acct_b1004a2b71,2026-02-15T01:09:17,697.27,merchant_demo_001
txn_ac90ae4cf843,acct_b1004a2b71,2026-03-16T01:09:17,3607.08,merchant_demo_001
txn_2d60a0b24884,acct_b1004a2b71,2026-10-21T01:09:17,3534.25,merchant_demo_001
txn_8b62aab94f9b,acct_b1004a2b71,2026-09-25T01:09:17,4037.63,merchant_demo_001
txn_9b48b5a327af,acct_5f39add445,2026-09-25T14:13:32,4341.77,merchant_demo_001
txn_ea3ed1c6596c,acct_c015ce3e74,2025-09-17T04:47:17,3098.79,merchant_demo_001
txn_9dd6140be9d2,acct_12922ef1db,2026-01-25T08:27:28,1178.49,merchant_demo_001
txn_d16ebed4de67,acct_12922ef1db,2025-08-13T08:27:28,70.21,merchant_demo_001
txn_3eaf5df27d47,acct_12922ef1db,2025-09-11T08:27:28,953.14,merchant_demo_001
txn_768c4ab890e5,acct_12922ef1db,2026-03-23T08:27:28,2212.84,merchant_demo_001
txn_b90a776b2473,acct_12922ef1db,2026-07-28T08:27:28,4939.17,merchant_demo_001
txn_b37f4b4024ea,acct_29f87ebb0d,2026-03-19T16:11:02,4552.61,merchant_demo_001
txn_e44e0b2db2ee,acct_29f87ebb0d,2026-11-06T16:11:02,4862.24,merchant_demo_001
txn_cdd6e1ae966c,acct_7c33de4216,2025-11-19T10:51:36,1535.85,merchant_demo_001
txn_3c5d69f480b1,acct_7c33de4216,2026-01-30T10:51:36,850.0,merchant_demo_001
txn_3db3c8361b7c,acct_7c33de4216,2025-09-29T10:51:36,3589.91,merchant_demo_001
txn_49a97584a100,acct_49bce3761e,2027-05-20T08:25:38,2483.89,merchant_demo_001
txn_ff144a2fd5cc,acct_49bce3761e,2027-02-15T08:25:38,3883.04,merchant_demo_001
txn_8864fc67e27c,acct_49bce3761e,2027-02-22T08:25:38,749.65,merchant_demo_001
txn_c4d5f30ff3d0,acct_49bce3761e,2026-08-02T08:25:38,1064.9,merchant_demo_001
txn_479c7acd6fc7,acct_49bce3761e,2027-02-22T08:25:38,3232.65,merchant_demo_001
txn_a298e55b41f9,acct_8d6c2a23a0,2026-01-03T06:04:07,1682.65,merchant_demo_001
txn_c139108b64d8,acct_8d6c2a23a0,2026-09-10T06:04:07,4864.03,merchant_demo_001
txn_8c845c948fb0,acct_8d6c2a23a0,2026-05-02T06:04:07,383.59,merchant_demo_001
txn_0b8d9e93d771,acct_8d6c2a23a0,2026-08-29T06:04:07,294.91,merchant_demo_001
txn_cb22a690c5f7,acct_026cf44f5d,2026-06-22T14:25:16,1039.65,merchant_demo_001
txn_ca2eae38df40,acct_4b1249125d,2026-04-04T01:41:12,3230.05,merchant_demo_001
txn_872879621849,acct_4b1249125d,2026-01-05T01:41:12,1564.44,merchant_demo_001
txn_c92dc21a7e53,acct_4b1249125d,2026-07-01T01:41:12,4898.73,merchant_demo_001
txn_62161bb23605,acct_450fea176e,2027-04-01T11:15:13,4863.71,merchant_demo_001
txn_94461cc6e3dc,acct_450fea176e,2026-11-16T11:15:13,1987.5,merchant_demo_001
txn_f25c36300269,acct_450fea176e,2027-07-21T11:15:13,3413.27,merchant_demo_001
txn_e6ba4fa63df4,acct_450fea176e,2027-03-21T11:15:13,2170.49,merchant_demo_001
txn_a3b36c8656ea,acct_450fea176e,2027-02-13T11:15:13,3136.48,merchant_demo_001
txn_25ce8cd5b809,acct_17d414759d,2026-11-18T20:27:26,3994.06,merchant_demo_001
txn_3b74b4638e84,acct_17d414759d,2026-01-24T20:27:26,4423.79,merchant_demo_001
txn_88adefa79dd9,acct_17d414759d,2026-07-22T20:27:26,1245.14,merchant_demo_001
txn_ec9b03fe1541,acct_17d414759d,2025-10-19T20:27:26,4288.76,merchant_demo_001
txn_587948f2becd,acct_17d414759d,2026-06-02T20:27:26,813.12,merchant_demo_001
txn_70b3b102e1f6,acct_a5a439b0d4,2026-05-30T05:39:44,300.94,merchant_demo_001
txn_a380803f1bd7,acct_a5a439b0d4,2027-01-02T05:39:44,343.8,merchant_demo_001
txn_be1a3720c5b8,acct_a5a439b0d4,2026-06-10T05:39:44,2115.05,merchant_demo_001
txn_1b2cf68e3b0a,acct_a5a439b0d4,2026-10-12T05:39:44,2033.84,merchant_demo_001
txn_52350b669660,acct_680ac7192e,2025-02-11T01:34:32,2122.54,merchant_demo_001
txn_92ffed71ceb5,acct_c9ebdd7396,2026-08-29T14:46:02,3675.65,merchant_demo_001
txn_7a6432b109d1,acct_c9ebdd7396,2027-03-04T14:46:02,2557.51,merchant_demo_001
txn_b8782999c949,acct_c9ebdd7396,2026-08-08T14:46:02,1686.19,merchant_demo_001
txn_ddfbdd2f68fa,acct_fd214ab235,2025-10-05T06:21:37,1646.24,merchant_demo_001
txn_9adcfd964287,acct_fd214ab235,2026-04-03T06:21:37,3805.31,merchant_demo_001
txn_c006f984bd92,acct_fd214ab235,2025-11-22T06:21:37,1792.72,merchant_demo_001
txn_80c579ec0839,acct_fd214ab235,2025-06-11T06:21:37,1311.09,merchant_demo_001
txn_4f97b17f129f,acct_fd214ab235,2025-10-21T06:21:37,1409.26,merchant_demo_001
txn_8bfd1e0298a4,acct_931cf55adf,2026-05-30T18:15:56,1962.75,merchant_demo_001
txn_a06f077e915a,acct_bce5073629,2026-05-13T20:24:58,2629.05,merchant_demo_001
txn_74f7cdb1ce4d,acct_bce5073629,2026-06-22T20:24:58,4051.37,merchant_demo_001
txn_3d79a2f88e45,acct_bce5073629,2026-01-28T20:24:58,1491.29,merchant_demo_001
txn_a9853a0e574f,acct_bce5073629,2025-12-21T20:24:58,1819.2,merchant_demo_001
txn_c923c5401d74,acct_4ae3975978,2027-01-03T13:05:30,1796.86,merchant_demo_001
txn_48c719734140,acct_4ae3975978,2026-12-05T13:05:30,577.23,merchant_demo_001
txn_a6ff6cad150f,acct_4ae3975978,2026-09-19T13:05:30,4464.28,merchant_demo_001
txn_757b17c97f98,acct_4ae3975978,2026-11-23T13:05:30,1337.06,merchant_demo_001
txn_26bd8564d20f,acct_1bb8928eef,2026-06-15T15:07:41,3077.53,merchant_demo_001
txn_42b4e492b007,acct_1bb8928eef,2026-01-16T15:07:41,74.44,merchant_demo_001
txn_5bf2c90eed61,acct_1bb8928eef,2025-11-29T15:07:41,1047.88,merchant_demo_001
txn_94917be88311,acct_1bb8928eef,2026-03-14T15:07:41,4565.14,merchant_demo_001
txn_15d6395d534c,acct_1bb8928eef,2026-03-24T15:07:41,134.09,merchant_demo_001
txn_2b4b17d0eb4c,acct_836d37a75e,2026-02-27T20:39:06,4111.88,merchant_demo_001
txn_c61c4ca30216,acct_836d37a75e,2025-10-09T20:39:06,3664.44,merchant_demo_001
txn_a56538e73831,acct_b2fc774c23,2026-02-07T22:22:27,4793.74,merchant_demo_001
txn_fed06070c29c,acct_b2fc774c23,2026-08-25T22:22:27,1010.23,merchant_demo_001
txn_451d299d1146,acct_b2fc774c23,2026-12-12T22:22:27,1526.58,merchant_demo_001
txn_8d90df230acb,acct_b2fc774c23,2026-06-14T22:22:27,811.72,merchant_demo_001
txn_3c7576abb0eb,acct_b9c5f76e12,2025-11-06T08:19:53,3232.79,merchant_demo_001
txn_3969c7d0d95b,acct_b9c5f76e12,2025-03-20T08:19:53,908.12,merchant_demo_001
txn_ef30fab90ad5,acct_8700d87467,2026-03-29T08:51:03,290.13,merchant_demo_001
txn_1ba99046a292,acct_8700d87467,2026-01-27T08:51:03,3692.63,merchant_demo_001
txn_fa9c92b23697,acct_8700d87467,2025-07-12T08:51:03,200.46,merchant_demo_001
txn_6ade55140937,acct_103ac702b6,2026-02-09T07:10:50,4369.62,merchant_demo_001
txn_86db13fef3e8,acct_103ac702b6,2026-01-25T07:10:50,392.36,merchant_demo_001
txn_3af6ff6630ef,acct_103ac702b6,2025-05-25T07:10:50,3356.47,merchant_demo_001
txn_9c7e7d19eda8,acct_103ac702b6,2025-01-14T07:10:50,2940.21,merchant_demo_001
txn_c28a1fda6271,acct_103ac702b6,2025-08-17T07:10:50,3207.95,merchant_demo_001
txn_f80b2813a78d,acct_839278e091,2026-02-17T07:09:12,3002.06,merchant_demo_001
txn_e3005725a5bf,acct_839278e091,2026-04-09T07:09:12,4394.32,merchant_demo_001
txn_b92f5c0868cf,acct_839278e091,2025-08-27T07:09:12,4211.46,merchant_demo_001
txn_55dacd40eb50,acct_839278e091,2025-12-08T07:09:12,4950.66,merchant_demo_001
txn_1512c7179843,acct_839278e091,2026-03-30T07:09:12,1380.19,merchant_demo_001
txn_bd87aaeb02db,acct_5ffb1f6ebd,2026-06-13T14:29:18,1976.74,merchant_demo_001
txn_3656b2f23b96,acct_5ffb1f6ebd,2026-04-27T14:29:18,2656.8,merchant_demo_001
txn_f66c7cc59a12,acct_866259b8c0,2026-04-05T11:05:38,4576.15,merchant_demo_001
txn_7303c1500ab3,acct_866259b8c0,2026-06-19T11:05:38,1062.99,merchant_demo_001
txn_9015d310e1f4,acct_866259b8c0,2026-11-14T11:05:38,3861.87,merchant_demo_001
txn_8c8b04498ebf,acct_c930d97dff,2026-01-20T19:24:50,4939.89,merchant_demo_001
txn_23f9d549759b,acct_c930d97dff,2025-08-27T19:24:50,2886.53,merchant_demo_001
txn_11a03cdf55bf,acct_c930d97dff,2026-05-02T19:24:50,3219.09,merchant_demo_001
txn_03e0cfde61fa,acct_c930d97dff,2025-12-12T19:24:50,2886.53,merchant_demo_001
txn_349c8468f0be,acct_930e164cec,2026-08-10T18:41:21,2943.17,merchant_demo_001
txn_527aa95b427a,acct_fad45d60ea,2025-10-18T14:29:00,744.76,merchant_demo_001
txn_f83fafea700f,acct_fad45d60ea,2026-05-04T14:29:00,55.39,merchant_demo_001
txn_b1988d51d4c2,acct_fad45d60ea,2026-09-27T14:29:00,3104.11,merchant_demo_001
txn_c5aa748fa98f,acct_fad45d60ea,2026-02-10T14:29:00,778.34,merchant_demo_001
txn_de25cd270d54,acct_fad45d60ea,2025-10-17T14:29:00,4017.08,merchant_demo_001
txn_14cceb6c9a2b,acct_e27b9f8f37,2026-06-21T01:12:55,4561.17,merchant_demo_001
txn_5f0f7132834d,acct_de1bf0845e,2027-06-29T00:25:43,742.56,merchant_demo_001
txn_27b711e51fd5,acct_de1bf0845e,2027-02-25T00:25:43,1437.82,merchant_demo_001
txn_e2a208300aeb,acct_de1bf0845e,2026-06-12T00:25:43,2369.79,merchant_demo_001
txn_68d78ec9d21a,acct_de1bf0845e,2026-11-10T00:25:43,810.15,merchant_demo_001
txn_407572df1762,acct_de1bf0845e,2026-09-28T00:25:43,527.03,merchant_demo_001
txn_f30e5c1c7067,acct_0c375aca18,2026-12-11T21:52:05,2326.19,merchant_demo_001
txn_637fe74c6375,acct_0c375aca18,2026-05-31T21:52:05,2686.32,merchant_demo_001
txn_7937e0ec751e,acct_0c375aca18,2026-08-28T21:52:05,1844.74,merchant_demo_001
txn_f82596c744eb,acct_0c375aca18,2026-07-11T21:52:05,4780.55,merchant_demo_001
txn_3d3d6a4a18de,acct_41dabbddf1,2026-10-02T06:35:06,1578.37,merchant_demo_001
txn_678291b106e4,acct_fcef81dd7d,2027-01-22T12:16:07,3702.18,merchant_demo_001
txn_9a6869c18289,acct_fcef81dd7d,2027-06-05T12:16:07,2637.27,merchant_demo_001
txn_f59b336ef005,acct_fcef81dd7d,2026-09-08T12:16:07,1047.26,merchant_demo_001
txn_bc2697cc512a,acct_fcef81dd7d,2027-03-02T12:16:07,2633.81,merchant_demo_001
txn_179e6f26b8e4,acct_fcef81dd7d,2027-06-24T12:16:07,689.23,merchant_demo_001
txn_1a9972c0e95e,acct_790d55a2c3,2026-08-15T22:42:44,3944.2,merchant_demo_001
txn_3e2d8f703e1d,acct_790d55a2c3,2026-11-26T22:42:44,4375.27,merchant_demo_001
txn_3120fa7a6a14,acct_790d55a2c3,2027-02-24T22:42:44,2595.8,merchant_demo_001
txn_16be422dd86a,acct_790d55a2c3,2026-07-24T22:42:44,574.8,merchant_demo_001
txn_c90ec56962c8,acct_790d55a2c3,2026-10-06T22:42:44,837.91,merchant_demo_001
txn_ef147ec04735,acct_c53815df75,2025-12-26T01:18:38,4856.82,merchant_demo_001
txn_fe9bacbc7cad,acct_c53815df75,2026-05-08T01:18:38,204.08,merchant_demo_001
txn_efe3925e0270,acct_3a5d5548e7,2026-04-25T11:28:35,2765.75,merchant_demo_001
txn_0045371ea1f7,acct_3a5d5548e7,2026-04-22T11:28:35,3132.42,merchant_demo_001
txn_a32fea72f2c1,acct_3a5d5548e7,2025-09-11T11:28:35,870.44,merchant_demo_001
txn_22f5a0b7260a,acct_f16817c340,2026-08-22T09:52:06,1498.05,merchant_demo_001
txn_2ae8b7e7e552,acct_f16817c340,2026-09-09T09:52:06,1088.45,merchant_demo_001
txn_71c01d9c3e69,acct_f16817c340,2026-08-03T09:52:06,1002.73,merchant_demo_001
txn_550eb4ae534f,acct_f16817c340,2025-12-20T09:52:06,1950.55,merchant_demo_001
txn_58b5d9f619f4,acct_8a5906ecea,2026-09-28T19:48:18,1107.5,merchant_demo_001
txn_ca6653d4e7ee,acct_8a5906ecea,2026-10-24T19:48:18,4578.05,merchant_demo_001
txn_aef03216d49b,acct_cb134bd66c,2025-10-29T06:34:04,506.75,merchant_demo_001
txn_6ef40b16ca46,acct_7ca250bd96,2026-09-07T09:50:34,497.12,merchant_demo_001
txn_a79815338eb8,acct_7ca250bd96,2026-05-15T09:50:34,2528.23,merchant_demo_001
txn_51a979c189e5,acct_7ca250bd96,2026-01-09T09:50:34,3905.75,merchant_demo_001
txn_47d41f9f7c2a,acct_7ca250bd96,2026-02-23T09:50:34,4125.48,merchant_demo_001
txn_cfe200f46746,acct_7ca250bd96,2026-02-02T09:50:34,2837.48,merchant_demo_001
txn_2ce548586bfa,acct_a57fa7ff85,2026-08-21T06:32:12,2766.36,merchant_demo_001
txn_dfecc78b3665,acct_a57fa7ff85,2025-10-18T06:32:12,4671.14,merchant_demo_001
txn_5593652d5eea,acct_a57fa7ff85,2025-12-24T06:32:12,1216.05,merchant_demo_001
txn_aaf8069897c4,acct_a57fa7ff85,2026-05-30T06:32:12,3638.42,merchant_demo_001
txn_44d3ea783154,acct_bd3f578f9a,2026-05-28T09:14:54,2395.1,merchant_demo_001
txn_ae994e551559,acct_bd3f578f9a,2026-02-13T09:14:54,3142.14,merchant_demo_001
txn_19dfbedec534,acct_2dfdcc8c66,2025-12-23T20:55:03,4904.45,merchant_demo_001
txn_1b63faab5c03,acct_2dfdcc8c66,2026-03-07T20:55:03,1178.6,merchant_demo_001
txn_864f45caebe7,acct_2dfdcc8c66,2026-11-22T20:55:03,4146.25,merchant_demo_001
txn_c4f6f22388c0,acct_2dfdcc8c66,2026-01-07T20:55:03,227.76,merchant_demo_001
txn_ca6d6fdb325d,acct_2dfdcc8c66,2027-01-04T20:55:03,4893.54,merchant_demo_001
txn_1acfc5f0db6d,acct_f2b8e279a8,2026-09-10T20:24:07,4370.96,merchant_demo_001
txn_1799755706ca,acct_f2b8e279a8,2027-04-24T20:24:07,2733.66,merchant_demo_001
txn_ab2498abb77c,acct_f2b8e279a8,2027-03-16T20:24:07,2267.7,merchant_demo_001
txn_35fbf501159d,acct_75314b219f,2025-08-31T22:27:33,4059.1,merchant_demo_001
txn_92d1d6b172f5,acct_75314b219f,2025-11-24T22:27:33,2925.58,merchant_demo_001
txn_2c8d56b86458,acct_75314b219f,2026-04-05T22:27:33,1334.48,merchant_demo_001
txn_51b38ed364e7,acct_75314b219f,2026-02-25T22:27:33,3965.76,merchant_demo_001
txn_f5bc69846bad,acct_75314b219f,2025-11-11T22:27:33,2507.18,merchant_demo_001
txn_9c121f910304,acct_df499e146f,2026-10-04T12:17:48,2987.07,merchant_demo_001
txn_0ec56272fc04,acct_df499e146f,2026-08-01T12:17:48,4944.72,merchant_demo_001
txn_032f14e44527,acct_df499e146f,2027-03-28T12:17:48,2726.9,merchant_demo_001
txn_152750e4cdce,acct_105fd3d4e9,2026-10-31T04:05:25,3757.29,merchant_demo_001
txn_b35b918383d2,acct_38e24b59a1,2026-09-04T16:12:01,378.23,merchant_demo_001
txn_938c56a730c1,acct_38e24b59a1,2026-10-09T16:12:01,370.77,merchant_demo_001
txn_90583b061a09,acct_38e24b59a1,2026-08-24T16:12:01,3032.51,merchant_demo_001
txn_5b980079e221,acct_38e24b59a1,2026-09-26T16:12:01,2926.1,merchant_demo_001
txn_d51644f2e4c2,acct_a4887e6c0e,2026-07-11T22:49:48,4938.45,merchant_demo_001
txn_e1c44146a475,acct_a4887e6c0e,2026-11-17T22:49:48,3575.43,merchant_demo_001
txn_218456d9efc9,acct_a4887e6c0e,2026-05-10T22:49:48,879.86,merchant_demo_001
txn_e7fd7d65ff87,acct_f774a5fa6a,2026-04-05T21:40:50,2552.36,merchant_demo_001
txn_552079d8c276,acct_f774a5fa6a,2026-09-26T21:40:50,2583.05,merchant_demo_001
txn_0621023ea321,acct_f774a5fa6a,2026-07-17T21:40:50,1066.55,merchant_demo_001
txn_2a0a2c96e7a3,acct_f774a5fa6a,2025-12-30T21:40:50,4313.16,merchant_demo_001
txn_d4d3ac6e6a6a,acct_f774a5fa6a,2025-12-27T21:40:50,3441.98,merchant_demo_001
txn_0a0dc756b2c3,acct_f226fceded,2025-03-12T23:41:39,797.14,merchant_demo_001
txn_5e343b70e4b1,acct_f226fceded,2025-11-30T23:41:39,2025.78,merchant_demo_001
txn_da040e3eaccb,acct_f226fceded,2025-03-27T23:41:39,943.01,merchant_demo_001
txn_7be2abdcac91,acct_f226fceded,2025-12-20T23:41:39,3942.44,merchant_demo_001
txn_41e473b9114f,acct_9847b01f19,2025-05-19T00:15:55,3178.57,merchant_demo_001
txn_7940c1a406a3,acct_9847b01f19,2025-10-22T00:15:55,3704.23,merchant_demo_001
txn_2b011539962b,acct_9847b01f19,2026-02-09T00:15:55,4398.55,merchant_demo_001
txn_adeaeadeb943,acct_9847b01f19,2026-02-08T00:15:55,543.85,merchant_demo_001
txn_0a118e06199c,acct_9847b01f19,2026-02-19T00:15:55,3252.85,merchant_demo_001
txn_45457aeef10c,acct_d540714c00,2026-07-28T10:37:04,3235.7,merchant_demo_001
txn_15bbbb19c97c,acct_d540714c00,2026-10-04T10:37:04,3931.48,merchant_demo_001
txn_ddd4d217aec7,acct_d540714c00,2025-12-23T10:37:04,2578.18,merchant_demo_001
txn_d28bad9a64bf,acct_d540714c00,2026-01-10T10:37:04,4086.62,merchant_demo_001
txn_a0dc256a9a8f,acct_d540714c00,2025-11-16T10:37:04,3261.84,merchant_demo_001
txn_3d78207f5ed5,acct_b86dd59601,2025-05-06T08:06:38,4581.27,merchant_demo_001
txn_9afc36c051d2,acct_b86dd59601,2025-11-17T08:06:38,3590.58,merchant_demo_001
txn_1dd1880de741,acct_b86dd59601,2026-03-04T08:06:38,231.41,merchant_demo_001
txn_91b2289f414b,acct_b86dd59601,2025-07-02T08:06:38,283.02,merchant_demo_001
txn_5d2133b715c6,acct_d1fc471c7e,2026-08-11T18:12:23,1136.26,merchant_demo_001
txn_fb8b0a4180f7,acct_d1fc471c7e,2027-07-09T18:12:23,776.34,merchant_demo_001
txn_4b2a010031f1,acct_d1fc471c7e,2027-03-16T18:12:23,762.69,merchant_demo_001
txn_0b3f7176a8cd,acct_d1fc471c7e,2027-03-15T18:12:23,3053.14,merchant_demo_001
txn_c8c9748629ea,acct_d1fc471c7e,2026-10-01T18:12:23,1158.32,merchant_demo_001
txn_f6e556029523,acct_9a4f937e6f,2025-09-12T22:11:05,3330.63,merchant_demo_001
txn_f204e2d9f902,acct_9a4f937e6f,2025-09-12T21:52:05,3323.7,merchant_demo_001
txn_87b73689b6a1,acct_9a4f937e6f,2025-09-12T22:36:05,4515.49,merchant_demo_001
txn_5ab3d44db713,acct_7925018f80,2025-11-27T10:03:40,3583.55,merchant_demo_001
txn_b265a7fae859,acct_3f5ade4f95,2026-12-18T16:30:09,2479.61,merchant_demo_001
txn_94c52c7a475f,acct_8c98a4e863,2026-09-30T04:46:40,3090.21,merchant_demo_001
txn_989bf5943779,acct_8c98a4e863,2026-10-04T04:46:40,3925.56,merchant_demo_001
txn_309790fd1767,acct_8c98a4e863,2026-05-07T04:46:40,4982.89,merchant_demo_001
txn_123603e5a298,acct_8c98a4e863,2026-04-19T04:46:40,1724.68,merchant_demo_001
txn_02c708716df1,acct_c8195b0743,2025-10-19T07:37:11,4011.81,merchant_demo_001
txn_4307f2faf782,acct_c8195b0743,2026-05-27T07:37:11,1218.82,merchant_demo_001
txn_a209b9cee5fa,acct_c8195b0743,2025-12-03T07:37:11,3841.41,merchant_demo_001
txn_69cf6d11685d,acct_c8195b0743,2026-09-14T07:37:11,4499.05,merchant_demo_001
txn_e9aad519a43b,acct_8e1551602c,2026-06-30T11:25:02,1648.38,merchant_demo_001
txn_42e0d16ce851,acct_8e1551602c,2026-10-31T11:25:02,3179.02,merchant_demo_001
txn_0ba5998bbbf9,acct_381a79a3a2,2026-01-16T07:26:19,2227.89,merchant_demo_001
txn_11ab2ceda68e,acct_381a79a3a2,2026-01-16T06:13:19,1819.51,merchant_demo_001
txn_a2333c5693e7,acct_381a79a3a2,2026-01-16T08:49:19,513.39,merchant_demo_001
txn_b553a1a3a3c1,acct_028363e104,2026-06-27T19:33:57,3037.35,merchant_demo_001
txn_d7f1cd36a98d,acct_028363e104,2026-07-14T19:33:57,3708.8,merchant_demo_001
txn_b0f0e02b6848,acct_3de3accaa3,2025-11-01T18:12:02,3569.0,merchant_demo_001
txn_88febb4d2b2e,acct_3de3accaa3,2025-11-04T18:12:02,1353.87,merchant_demo_001
txn_dbe502f85aa4,acct_3de3accaa3,2025-11-20T18:12:02,1869.84,merchant_demo_001
txn_f04f04b88728,acct_3de3accaa3,2026-03-01T18:12:02,2710.1,merchant_demo_001
txn_0b0308369b9e,acct_3de3accaa3,2025-08-06T18:12:02,4860.7,merchant_demo_001
txn_53eece445478,acct_e94b8f9dcf,2026-07-02T17:06:42,1577.42,merchant_demo_001
txn_137024974606,acct_e94b8f9dcf,2027-02-02T17:06:42,4757.32,merchant_demo_001
txn_c6eb46b11bef,acct_e94b8f9dcf,2027-04-29T17:06:42,4602.74,merchant_demo_001
txn_d28199ca803e,acct_314dae3755,2026-03-11T02:27:03,804.3,merchant_demo_001
txn_b278c5a3df36,acct_a5dd710f2c,2026-06-22T07:24:48,3976.73,merchant_demo_001
txn_f00daffecb3c,acct_a5dd710f2c,2025-08-20T07:24:48,1032.34,merchant_demo_001
txn_0fd04fc517a4,acct_a38584fda6,2025-10-19T17:06:04,613.46,merchant_demo_001
txn_1d2397bbb443,acct_a38584fda6,2025-10-19T17:53:04,3762.76,merchant_demo_001
txn_a8e2f2fa46ea,acct_a38584fda6,2025-10-19T17:29:04,3028.62,merchant_demo_001
txn_fc8c0d0bdea5,acct_33b0aeb186,2026-01-13T16:33:49,3212.41,merchant_demo_001
txn_476c114ef1e4,acct_858aca6ff5,2027-03-23T04:05:42,2259.72,merchant_demo_001
txn_7d34d042392e,acct_858aca6ff5,2026-06-07T04:05:42,4374.87,merchant_demo_001
txn_23ef5ad26fa0,acct_858aca6ff5,2026-07-22T04:05:42,1199.0,merchant_demo_001
txn_c067e558f397,acct_858aca6ff5,2026-10-12T04:05:42,4031.27,merchant_demo_001
txn_668a281f5523,acct_f7e398bb0f,2025-08-09T15:38:24,2160.44,merchant_demo_001
txn_04b704b2fd5a,acct_f7e398bb0f,2025-07-07T15:38:24,1353.85,merchant_demo_001
txn_46c79529cb97,acct_f7e398bb0f,2025-10-08T15:38:24,2893.8,merchant_demo_001
txn_3baad10b3f99,acct_2af966e9f4,2025-03-02T21:33:46,4579.15,merchant_demo_001
txn_d96c3a0f1d1b,acct_2af966e9f4,2025-03-15T21:33:46,4106.04,merchant_demo_001
txn_6d1d7c1a7d76,acct_8258e2f81f,2027-07-25T20:38:20,4288.31,merchant_demo_001
txn_d7727288615b,acct_8258e2f81f,2026-12-18T20:38:20,4081.3,merchant_demo_001
txn_c05e116b39d4,acct_8258e2f81f,2026-08-21T20:38:20,2188.43,merchant_demo_001
txn_69456a68e065,acct_8258e2f81f,2026-09-25T20:38:20,3085.12,merchant_demo_001
txn_fa980a7660dc,acct_3b8410cc1a,2026-09-11T13:17:35,3803.99,merchant_demo_001
txn_251ed05097ae,acct_3b8410cc1a,2027-02-06T13:17:35,3326.43,merchant_demo_001
txn_d73939403bcd,acct_3b8410cc1a,2026-07-22T13:17:35,1807.58,merchant_demo_001
txn_ca6549bab5c1,acct_3b8410cc1a,2027-02-02T13:17:35,1861.95,merchant_demo_001
txn_14918a9aba0c,acct_2bfe7345b7,2026-01-23T12:26:04,4554.56,merchant_demo_001
txn_6d64795af661,acct_2bfe7345b7,2026-02-27T12:26:04,779.15,merchant_demo_001
txn_af315eb055b2,acct_fde3c7da30,2025-06-08T01:22:24,567.08,merchant_demo_001
txn_d5d34aa378ea,acct_fde3c7da30,2025-08-29T01:22:24,4810.57,merchant_demo_001
txn_fd6c501a0f2a,acct_fde3c7da30,2026-03-12T01:22:24,3728.04,merchant_demo_001
txn_30ff58305a8c,acct_fde3c7da30,2026-02-07T01:22:24,236.84,merchant_demo_001
txn_5736bfbd3c3c,acct_d4f41725c9,2025-10-01T12:56:55,1690.56,merchant_demo_001
txn_ec44ca899905,acct_d4f41725c9,2026-02-21T12:56:55,4612.74,merchant_demo_001
txn_9248391facfe,acct_d4f41725c9,2026-07-21T12:56:55,1556.28,merchant_demo_001
txn_619e9269e6d8,acct_d4f41725c9,2025-11-08T12:56:55,4979.85,merchant_demo_001
txn_ffcbd1fa186c,acct_d4f41725c9,2025-12-11T12:56:55,1171.86,merchant_demo_001
txn_b8da59240936,acct_96063e30ed,2026-02-06T11:45:56,1910.78,merchant_demo_001
txn_46133a3ec91b,acct_96063e30ed,2027-01-03T11:45:56,1895.6,merchant_demo_001
txn_cbde242eb55a,acct_96063e30ed,2026-09-29T11:45:56,1767.45,merchant_demo_001
txn_12dde0c8feba,acct_2180fe46e7,2026-04-08T01:23:33,1274.82,merchant_demo_001
txn_8285ac28f3b5,acct_2180fe46e7,2026-02-13T01:23:33,3995.63,merchant_demo_001
txn_1f5c6e3c825d,acct_2180fe46e7,2025-07-19T01:23:33,4736.33,merchant_demo_001
txn_809013d4c04b,acct_a92a782365,2026-10-17T16:05:27,1493.6,merchant_demo_001
txn_c489493ef634,acct_a92a782365,2026-11-29T16:05:27,4240.47,merchant_demo_001
txn_aa3eca97911d,acct_be065532d3,2025-09-15T13:16:34,924.6,merchant_demo_001
txn_cb8f8dbc6e2d,acct_be065532d3,2025-05-01T13:16:34,1759.62,merchant_demo_001
txn_2e451ec4eef3,acct_be065532d3,2026-01-17T13:16:34,2882.89,merchant_demo_001
txn_2800ed36b5a8,acct_ec1cf01044,2025-09-01T21:56:44,3268.99,merchant_demo_001
txn_e2b456a5727b,acct_ec1cf01044,2026-02-24T21:56:44,2460.93,merchant_demo_001
txn_78abad0fb910,acct_ec1cf01044,2026-04-23T21:56:44,4662.86,merchant_demo_001
txn_384078fb0490,acct_ec1cf01044,2026-02-15T21:56:44,618.78,merchant_demo_001
txn_61b7632634af,acct_ec1cf01044,2025-05-11T21:56:44,2237.67,merchant_demo_001
txn_1b748aac6fc8,acct_1aa32da13f,2026-03-28T18:40:38,4744.11,merchant_demo_001
txn_d67d3c9a1acf,acct_1aa32da13f,2026-06-14T18:40:38,430.77,merchant_demo_001
txn_7ee419b24011,acct_1aa32da13f,2027-02-25T18:40:38,515.51,merchant_demo_001
txn_8aec2c08c993,acct_7b1c30305b,2027-02-18T22:37:23,405.44,merchant_demo_001
txn_4cc37986fcee,acct_7b1c30305b,2026-10-05T22:37:23,4461.64,merchant_demo_001
txn_ee9122a66b10,acct_7b1c30305b,2026-07-01T22:37:23,1178.24,merchant_demo_001
txn_5f04fcf5509a,acct_7b1c30305b,2027-06-06T22:37:23,1534.27,merchant_demo_001
txn_5b4439bd9d12,acct_7b1c30305b,2026-09-29T22:37:23,3354.85,merchant_demo_001
txn_9ff1e2cec773,acct_e10c067795,2026-05-28T02:38:07,4452.33,merchant_demo_001
txn_b184c03e174f,acct_e10c067795,2026-06-01T02:38:07,2974.45,merchant_demo_001
txn_cbbd42484152,acct_e10c067795,2026-03-19T02:38:07,1056.81,merchant_demo_001
txn_1a86050f8889,acct_e10c067795,2026-02-09T02:38:07,4063.76,merchant_demo_001
txn_b688b92b3188,acct_6d89f55f59,2026-01-21T10:19:38,3692.92,merchant_demo_001
txn_cccaa91a3b1f,acct_6d89f55f59,2026-03-14T10:19:38,2977.88,merchant_demo_001
txn_477ad5e81edc,acct_6d89f55f59,2027-01-11T10:19:38,4304.17,merchant_demo_001
txn_24e4723f915a,acct_5f15cd0294,2026-06-29T06:04:54,1478.65,merchant_demo_001
txn_812caf4a87df,acct_5f15cd0294,2026-10-26T06:04:54,4984.76,merchant_demo_001
txn_9655121b6a74,acct_5f15cd0294,2026-03-17T06:04:54,3864.72,merchant_demo_001
txn_dae656811abc,acct_5f15cd0294,2025-12-18T06:04:54,4068.94,merchant_demo_001
txn_9e6c367e84ce,acct_5f15cd0294,2026-07-09T06:04:54,4810.63,merchant_demo_001
txn_56fdeb53ebc1,acct_2142d178dd,2026-06-22T14:42:28,196.37,merchant_demo_001
txn_76b34be6aea9,acct_2142d178dd,2026-06-10T14:42:28,3246.76,merchant_demo_001
txn_68abdbf14c76,acct_2142d178dd,2025-12-17T14:42:28,3550.05,merchant_demo_001
txn_0bbd3c3093bd,acct_fd8e1a1694,2025-05-25T03:10:39,2811.26,merchant_demo_001
txn_a06cc7cf7218,acct_fd8e1a1694,2025-07-01T03:10:39,2107.3,merchant_demo_001
txn_6826af9088ef,acct_3625e732ec,2025-12-01T17:23:25,659.42,merchant_demo_001
txn_ffe9312aabcf,acct_3625e732ec,2026-04-27T17:23:25,1918.89,merchant_demo_001
txn_8a0a425b6e5a,acct_3625e732ec,2025-11-08T17:23:25,2098.62,merchant_demo_001
txn_830793d71330,acct_3625e732ec,2025-05-19T17:23:25,57.4,merchant_demo_001
txn_c98e4943e85a,acct_ffbb6450f5,2026-07-29T13:32:34,2001.07,merchant_demo_001
txn_4550071dcfbb,acct_ffbb6450f5,2025-11-12T13:32:34,1425.53,merchant_demo_001
txn_4312ca700a09,acct_ffbb6450f5,2025-07-28T13:32:34,715.42,merchant_demo_001
txn_04e80d547b59,acct_455ad203e5,2026-06-09T09:07:49,3416.24,merchant_demo_001
txn_d4c7cbe6b60d,acct_455ad203e5,2026-07-23T09:07:49,1379.89,merchant_demo_001
txn_b6dcfbe3d57d,acct_4abbccef71,2026-12-27T03:17:00,246.11,merchant_demo_001
txn_e478166d020c,acct_4abbccef71,2026-07-08T03:17:00,3639.73,merchant_demo_001
txn_018228a7d45c,acct_4abbccef71,2026-10-26T03:17:00,2790.95,merchant_demo_001
txn_a878416d83ca,acct_4abbccef71,2026-10-25T03:17:00,2466.7,merchant_demo_001
txn_9f6b82732d40,acct_4abbccef71,2027-02-03T03:17:00,3714.83,merchant_demo_001
txn_b41b5af18f18,acct_8ccf68c652,2027-01-10T20:23:38,4328.01,merchant_demo_001
txn_3985f645db4a,acct_c846f3a781,2026-02-24T23:51:30,1670.62,merchant_demo_001
txn_101750806566,acct_c846f3a781,2026-12-10T23:51:30,1556.92,merchant_demo_001
txn_d1f3ad184137,acct_c846f3a781,2026-08-13T23:51:30,645.47,merchant_demo_001
txn_4804b6092c6c,acct_c846f3a781,2026-06-18T23:51:30,183.16,merchant_demo_001
txn_46d91929d981,acct_c846f3a781,2026-04-13T23:51:30,1095.88,merchant_demo_001
txn_052d591b7155,acct_7711169c17,2025-07-20T18:11:29,2316.71,merchant_demo_001
txn_9ca2babef539,acct_7711169c17,2026-01-06T18:11:29,4544.43,merchant_demo_001
txn_b865c73a9ead,acct_7711169c17,2026-01-26T18:11:29,4414.33,merchant_demo_001
txn_863311dd78dd,acct_89229980e4,2026-05-08T06:04:44,4077.1,merchant_demo_001
txn_178680c36c82,acct_89229980e4,2025-12-23T06:04:44,2770.45,merchant_demo_001
txn_f06a5405c4f5,acct_b86278c68d,2026-12-23T12:30:42,3770.46,merchant_demo_001
txn_b93d8e7aa8d1,acct_b86278c68d,2026-10-28T12:30:42,1130.02,merchant_demo_001
txn_a4edf7b3b9ad,acct_d3181eb5f6,2025-11-16T14:39:58,3922.36,merchant_demo_001
txn_e944876aa620,acct_d3181eb5f6,2025-07-22T14:39:58,3688.57,merchant_demo_001
txn_015f13e1d556,acct_d3181eb5f6,2025-12-16T14:39:58,1937.89,merchant_demo_001
txn_d76683bef6f1,acct_d3181eb5f6,2025-11-30T14:39:58,3186.84,merchant_demo_001
txn_171803f54956,acct_d3181eb5f6,2025-07-22T14:39:58,2934.11,merchant_demo_001
txn_8d4c3ec28fd1,acct_3ac51f4445,2026-02-21T03:35:07,954.4,merchant_demo_001
txn_cb36e1503ad6,acct_3ac51f4445,2026-03-16T03:35:07,2221.42,merchant_demo_001
txn_473939d52c8c,acct_04cd96368a,2025-03-24T07:28:09,1528.22,merchant_demo_001
txn_78ae4876849e,acct_04cd96368a,2025-02-28T07:28:09,180.31,merchant_demo_001
txn_3fcc760b9c7d,acct_04cd96368a,2025-11-12T07:28:09,1650.71,merchant_demo_001
txn_77902274c68f,acct_65726b76a2,2025-02-10T15:51:40,1749.21,merchant_demo_001
txn_18734d87c9d4,acct_9cf5562d33,2026-10-31T12:04:29,4844.29,merchant_demo_001
txn_f6d64c112e48,acct_9cf5562d33,2026-10-30T12:04:29,1478.31,merchant_demo_001
txn_24011213250f,acct_d75ca91694,2026-12-29T18:29:18,2026.68,merchant_demo_001
txn_f94c5089a8fd,acct_d75ca91694,2026-06-03T18:29:18,943.81,merchant_demo_001
txn_58e3213fcc0b,acct_d75ca91694,2026-12-22T18:29:18,1182.03,merchant_demo_001
txn_cb83ff7cdead,acct_1a13778d6e,2026-06-19T12:38:07,2370.67,merchant_demo_001
txn_c67dcee0bd3b,acct_c45dbc673d,2025-08-09T18:15:48,377.22,merchant_demo_001
txn_b69338835462,acct_c45dbc673d,2025-10-13T18:15:48,1416.17,merchant_demo_001
txn_791d490b7aa6,acct_6c6c151e7f,2026-04-12T02:09:16,3448.86,merchant_demo_001
txn_fed07e3c8458,acct_935b170680,2026-06-09T23:14:20,4155.82,merchant_demo_001
txn_1fc5106ff86a,acct_935b170680,2025-10-31T23:14:20,1820.11,merchant_demo_001
txn_3ea190664fa0,acct_935b170680,2025-10-13T23:14:20,1340.54,merchant_demo_001
txn_41d1c423b486,acct_dff51d365d,2025-09-25T16:22:58,2653.62,merchant_demo_001
txn_6169d11410f4,acct_dff51d365d,2025-09-29T16:22:58,2968.74,merchant_demo_001
txn_9869d3404a95,acct_dff51d365d,2025-07-15T16:22:58,1107.6,merchant_demo_001
txn_47b88b59299f,acct_dff51d365d,2025-04-12T16:22:58,4380.5,merchant_demo_001
txn_42dc1856c78a,acct_dff51d365d,2025-02-07T16:22:58,1483.09,merchant_demo_001
txn_3470585c92fb,acct_7678c9b781,2026-02-27T00:23:09,1462.8,merchant_demo_001
txn_b33882adeb11,acct_7678c9b781,2026-04-29T00:23:09,2502.96,merchant_demo_001
txn_06347afc3a27,acct_7678c9b781,2026-04-26T00:23:09,2153.38,merchant_demo_001
txn_cb28e5d0da31,acct_7678c9b781,2026-06-06T00:23:09,1011.88,merchant_demo_001
txn_292bb6af7626,acct_7678c9b781,2026-09-08T00:23:09,2665.27,merchant_demo_001
txn_55fab7847a72,acct_87cc21e379,2026-02-07T11:47:03,305.41,merchant_demo_001
txn_b0f0a8c65213,acct_87cc21e379,2025-07-16T11:47:03,3629.28,merchant_demo_001
txn_61300885c1c5,acct_87cc21e379,2026-02-24T11:47:03,2428.1,merchant_demo_001
txn_84ef37397605,acct_e612b81644,2025-12-22T22:42:46,1594.5,merchant_demo_001
txn_7d14a7196415,acct_c7dce0399e,2025-04-17T14:50:34,1656.63,merchant_demo_001
txn_29847b3e1faf,acct_c7dce0399e,2025-04-07T14:50:34,1288.34,merchant_demo_001
txn_dbcdc2490280,acct_c7dce0399e,2025-10-12T14:50:34,2432.84,merchant_demo_001
txn_1134ec76f5e7,acct_c7dce0399e,2025-10-02T14:50:34,895.61,merchant_demo_001
txn_a55f653ec69f,acct_c7dce0399e,2025-04-27T14:50:34,4729.18,merchant_demo_001
txn_db3f93d9ee97,acct_afc230f6af,2025-09-17T11:06:22,4002.24,merchant_demo_001
txn_4a1c7531e928,acct_7dc48074b6,2027-03-30T02:08:33,2307.73,merchant_demo_001
txn_5371c3affd51,acct_8d6516ed8a,2026-06-10T23:52:58,3373.37,merchant_demo_001
txn_020fba72430c,acct_478b191fd8,2026-05-22T11:21:20,2145.06,merchant_demo_001
txn_642a5d91e85c,acct_478b191fd8,2026-02-13T11:21:20,1686.81,merchant_demo_001
txn_d607ca14d1e0,acct_478b191fd8,2026-07-30T11:21:20,4202.8,merchant_demo_001
txn_04588732e122,acct_478b191fd8,2026-07-06T11:21:20,3229.46,merchant_demo_001
txn_5f7d30a4704f,acct_478b191fd8,2026-11-08T11:21:20,4197.37,merchant_demo_001
txn_c53b2d9cfbba,acct_aa9e7fe7ee,2026-06-20T12:52:48,4118.74,merchant_demo_001
txn_aa2ce6ad6e6d,acct_bbf7dbe01b,2026-02-16T12:42:16,4626.26,merchant_demo_001
txn_a20794a74f55,acct_bbf7dbe01b,2026-10-18T12:42:16,406.9,merchant_demo_001
txn_a90b618fe3cb,acct_687d263c73,2026-06-23T05:37:44,3548.31,merchant_demo_001
txn_dd6e2bb92392,acct_687d263c73,2026-07-02T05:37:44,110.58,merchant_demo_001
txn_34b431064709,acct_687d263c73,2026-04-10T05:37:44,311.33,merchant_demo_001
txn_298bef3c78d4,acct_f5d9cb2386,2025-08-02T23:30:25,965.85,merchant_demo_001
txn_0fb7c8626e56,acct_f5d9cb2386,2026-03-20T23:30:25,2187.1,merchant_demo_001
txn_5bd796d255ab,acct_b00debb388,2026-05-30T07:16:21,3472.34,merchant_demo_001
txn_ac4819543812,acct_b00debb388,2025-12-21T07:16:21,4554.27,merchant_demo_001
txn_915c77211880,acct_b00debb388,2025-07-12T07:16:21,3392.64,merchant_demo_001
txn_3dc7a6f61e4c,acct_d6b2568f90,2025-10-04T04:51:18,1477.12,merchant_demo_001
txn_efe901843c4a,acct_d6b2568f90,2025-08-27T04:51:18,524.4,merchant_demo_001
txn_2400e0f7e98a,acct_ee9aab42d2,2025-09-26T04:47:38,2048.39,merchant_demo_001
txn_66aeced790ff,acct_ee9aab42d2,2026-05-16T04:47:38,231.51,merchant_demo_001
txn_32448bcd9cee,acct_eb62b8243d,2025-09-08T09:37:04,1317.67,merchant_demo_001
txn_c1d2f1414898,acct_eb62b8243d,2026-08-14T09:37:04,2964.68,merchant_demo_001
txn_90aa6337cc53,acct_eb62b8243d,2025-10-12T09:37:04,144.51,merchant_demo_001
txn_315ed78322ad,acct_0e85e40739,2027-01-18T07:00:58,4469.54,merchant_demo_001
txn_84cfbd566d7d,acct_0e85e40739,2026-09-28T07:00:58,4251.58,merchant_demo_001
txn_f36722f9fb60,acct_0e85e40739,2027-03-07T07:00:58,746.22,merchant_demo_001
txn_44134a4d317d,acct_0e85e40739,2026-08-23T07:00:58,4271.76,merchant_demo_001
txn_cecda1e27903,acct_d4c02366ca,2025-03-10T12:34:15,205.96,merchant_demo_001
txn_877ddaa14dcd,acct_d4c02366ca,2025-08-01T12:34:15,1198.93,merchant_demo_001
txn_0edb144c08aa,acct_d4c02366ca,2025-12-16T12:34:15,695.93,merchant_demo_001
txn_ae21029bb834,acct_8ba33a6f5e,2026-06-09T04:09:42,283.6,merchant_demo_001
txn_a0d9ff992f9c,acct_8ba33a6f5e,2026-06-09T05:00:42,742.2,merchant_demo_001
txn_1646b638ed9d,acct_8ba33a6f5e,2026-06-09T03:31:42,523.25,merchant_demo_001
txn_0d98babf038a,acct_fab47fe80b,2026-04-26T17:11:19,279.47,merchant_demo_001
txn_1ab7b9ebc94e,acct_fab47fe80b,2025-05-12T17:11:19,613.67,merchant_demo_001
txn_b91544e6dc49,acct_fab47fe80b,2025-07-19T17:11:19,1317.33,merchant_demo_001
txn_9d105f1320a8,acct_fab47fe80b,2025-09-08T17:11:19,1084.93,merchant_demo_001
txn_2f081c772674,acct_fab47fe80b,2026-01-23T17:11:19,550.09,merchant_demo_001
txn_06cff8ba7a59,acct_48e251f4eb,2026-04-08T18:15:22,912.83,merchant_demo_001
txn_45fa33196ab9,acct_48e251f4eb,2025-08-15T18:15:22,2609.26,merchant_demo_001
txn_d627c68a04f5,acct_da9ff347a3,2025-12-23T09:49:48,833.7,merchant_demo_001
txn_2b5cd216d695,acct_013f6686a8,2026-01-31T01:00:36,1710.9,merchant_demo_001
txn_ca7dab790224,acct_013f6686a8,2026-04-21T01:00:36,3412.41,merchant_demo_001
txn_de81a88d62e8,acct_013f6686a8,2026-03-12T01:00:36,674.89,merchant_demo_001
txn_14e577aad4ad,acct_013f6686a8,2026-02-25T01:00:36,969.07,merchant_demo_001
txn_6957676ed7c1,acct_013f6686a8,2026-04-15T01:00:36,1527.09,merchant_demo_001
txn_107d284e380f,acct_b27bf3077f,2026-05-07T19:01:47,2241.46,merchant_demo_001
txn_ffb60990808e,acct_b27bf3077f,2025-07-01T19:01:47,907.65,merchant_demo_001
txn_d9c9adfe1046,acct_b27bf3077f,2026-04-23T19:01:47,2584.39,merchant_demo_001
txn_16e903891fc3,acct_48f6878d43,2026-10-27T19:11:11,1374.73,merchant_demo_001
txn_5c852941189f,acct_48f6878d43,2027-08-06T19:11:11,319.82,merchant_demo_001
txn_507d9f17f1e7,acct_48f6878d43,2027-05-15T19:11:11,4756.24,merchant_demo_001
txn_8d32c46c6021,acct_48f6878d43,2026-11-24T19:11:11,2214.46,merchant_demo_001
txn_d8448b8668f2,acct_c335fb58aa,2027-05-11T20:03:53,3366.6,merchant_demo_001
txn_2b5341097b85,acct_c335fb58aa,2027-05-06T20:03:53,4529.31,merchant_demo_001
txn_548efe34520a,acct_c335fb58aa,2026-10-22T20:03:53,1419.8,merchant_demo_001
txn_3f0550e60c20,acct_c335fb58aa,2027-04-09T20:03:53,2773.23,merchant_demo_001
txn_5c9dad4db36f,acct_cb7ed0800d,2025-10-11T21:05:54,3128.06,merchant_demo_001
txn_b92ff34291fd,acct_cb7ed0800d,2025-11-08T21:05:54,1813.25,merchant_demo_001
txn_f9439278c23f,acct_cb7ed0800d,2026-08-13T21:05:54,505.97,merchant_demo_001
txn_6f3c197c9f75,acct_35a8c8d29a,2025-05-17T04:28:26,4986.53,merchant_demo_001
txn_878e2748e873,acct_35a8c8d29a,2025-05-31T04:28:26,1886.09,merchant_demo_001
txn_4ba685213dd5,acct_35a8c8d29a,2025-05-27T04:28:26,2835.47,merchant_demo_001
txn_eb990ffb8214,acct_a817235548,2026-06-11T07:39:37,2465.23,merchant_demo_001
txn_f253ad35afab,acct_3139ab3632,2025-10-19T08:21:52,1880.17,merchant_demo_001
txn_b606ea8ba520,acct_3139ab3632,2025-12-04T08:21:52,4368.07,merchant_demo_001
txn_6b333f492f39,acct_3139ab3632,2026-04-18T08:21:52,349.86,merchant_demo_001
txn_9c75fc3ea342,acct_3139ab3632,2026-03-01T08:21:52,2111.62,merchant_demo_001
txn_77c80de2c24a,acct_9d8c06e70f,2026-10-07T12:44:02,2390.03,merchant_demo_001
txn_5403c6b551aa,acct_06c7629d3a,2025-06-19T01:57:58,1283.61,merchant_demo_001
txn_6736acfb0ee7,acct_06c7629d3a,2025-12-21T01:57:58,3504.95,merchant_demo_001
txn_87071fcf19dd,acct_06c7629d3a,2025-05-19T01:57:58,1478.29,merchant_demo_001
txn_2b749d7b1503,acct_5b8da40d31,2027-02-17T12:16:14,4962.53,merchant_demo_001
txn_a1dba86433c5,acct_5b8da40d31,2026-06-02T12:16:14,4622.83,merchant_demo_001
txn_f4ba45d55fd7,acct_5b8da40d31,2026-08-04T12:16:14,2199.8,merchant_demo_001
txn_9991635abbf8,acct_5b8da40d31,2026-06-26T12:16:14,3351.27,merchant_demo_001
txn_a19f64109f43,acct_4cc0a83319,2026-10-30T15:53:25,2827.91,merchant_demo_001
txn_b3868fa5d54f,acct_4cc0a83319,2027-07-08T15:53:25,3462.53,merchant_demo_001
txn_d1de5c0bb3f4,acct_4cc0a83319,2027-02-09T15:53:25,680.04,merchant_demo_001
txn_f6c692c42386,acct_742e1ce07e,2026-07-18T00:09:31,4446.72,merchant_demo_001
txn_af722ef0b6ea,acct_742e1ce07e,2026-10-26T00:09:31,1286.72,merchant_demo_001
txn_53a478e6b31e,acct_742e1ce07e,2026-03-06T00:09:31,1052.61,merchant_demo_001
txn_d84fdcd182f0,acct_742e1ce07e,2026-10-06T00:09:31,3787.14,merchant_demo_001
txn_2b96d137e78a,acct_742e1ce07e,2026-04-25T00:09:31,2494.58,merchant_demo_001
txn_b7bb191ab3e9,acct_639bee51a7,2026-05-21T04:19:33,1524.16,merchant_demo_001
txn_3496cb14558f,acct_639bee51a7,2026-08-25T04:19:33,2400.36,merchant_demo_001
txn_277a716980cf,acct_639bee51a7,2026-05-24T04:19:33,3222.72,merchant_demo_001
txn_630310e9c0c4,acct_639bee51a7,2027-01-29T04:19:33,3504.32,merchant_demo_001
txn_d1ee0da65cb3,acct_639bee51a7,2026-10-05T04:19:33,4756.97,merchant_demo_001
txn_1f2c410f0d90,acct_5338e67044,2025-04-10T04:40:13,2757.91,merchant_demo_001
txn_755a45a2414d,acct_5338e67044,2025-03-15T04:40:13,1653.71,merchant_demo_001
txn_19b1bf6ddef3,acct_5338e67044,2025-03-14T04:40:13,4703.92,merchant_demo_001
txn_2f373ee6f72e,acct_5034e77655,2026-10-19T15:39:41,2765.22,merchant_demo_001
txn_1c21779df999,acct_5034e77655,2026-12-04T15:39:41,3757.96,merchant_demo_001
txn_2825888d6673,acct_5034e77655,2026-07-27T15:39:41,3360.34,merchant_demo_001
txn_6df4a0410abf,acct_73001b6f8c,2025-10-27T14:44:18,3934.72,merchant_demo_001
txn_1ae7ef9d8021,acct_4420a99ed4,2026-12-10T01:05:05,2715.08,merchant_demo_001
txn_69f67027efa5,acct_4420a99ed4,2026-05-01T01:05:05,2849.26,merchant_demo_001
txn_bc506433d250,acct_4420a99ed4,2026-09-29T01:05:05,3212.63,merchant_demo_001
txn_e43d33f478c5,acct_4420a99ed4,2026-10-12T01:05:05,3061.67,merchant_demo_001
txn_19aca2233f93,acct_6211040c72,2026-07-23T23:35:51,431.96,merchant_demo_001
txn_5d35a6f26f76,acct_6211040c72,2025-10-09T23:35:51,1804.7,merchant_demo_001
txn_443adcef82f9,acct_6211040c72,2025-12-13T23:35:51,3385.36,merchant_demo_001
txn_9b250744bc8f,acct_6211040c72,2026-05-04T23:35:51,462.35,merchant_demo_001
txn_0836b612d775,acct_6211040c72,2026-03-10T23:35:51,4489.84,merchant_demo_001
txn_87226650b626,acct_376b739124,2026-06-30T12:17:10,1023.83,merchant_demo_001
txn_b3f0e6b681aa,acct_376b739124,2026-06-18T12:17:10,487.5,merchant_demo_001
txn_789b24b49cb2,acct_376b739124,2026-06-04T12:17:10,164.45,merchant_demo_001
txn_ba6d3ed03fa7,acct_4b7c8d05aa,2026-01-10T16:32:34,697.45,merchant_demo_001
txn_a2ee64fcfd8d,acct_4b7c8d05aa,2025-06-12T16:32:34,2384.08,merchant_demo_001
txn_c0abcc28f053,acct_d1a380395a,2027-08-06T03:13:39,4158.98,merchant_demo_001
txn_e14c7b5500a4,acct_d1a380395a,2026-07-08T03:13:39,4717.78,merchant_demo_001
txn_7a71a012e246,acct_9c22dcbe3b,2027-01-19T13:01:02,3087.05,merchant_demo_001
txn_579034fe3a65,acct_9c22dcbe3b,2026-12-22T13:01:02,4796.68,merchant_demo_001
txn_4db828e69b38,acct_9c22dcbe3b,2027-04-19T13:01:02,144.54,merchant_demo_001
txn_e59ffb46a5ce,acct_30713199ec,2026-08-16T10:43:53,3672.98,merchant_demo_001
txn_9d46971730ed,acct_30713199ec,2026-11-20T10:43:53,1079.63,merchant_demo_001
txn_0905694c29e9,acct_ffa0fe5a12,2026-10-01T15:39:00,4896.28,merchant_demo_001
txn_7a525838792b,acct_ffa0fe5a12,2027-02-19T15:39:00,3929.58,merchant_demo_001
txn_84c7a7f4945c,acct_f4877f4c25,2026-03-08T14:39:31,3925.84,merchant_demo_001
txn_8d86ab6c3683,acct_f4877f4c25,2026-03-08T15:16:31,2014.46,merchant_demo_001
txn_e1513a9679ad,acct_f4877f4c25,2026-03-08T14:45:31,3230.1,merchant_demo_001
txn_1bed6ef5d597,acct_f27ce3cfc9,2026-11-02T19:10:44,2911.86,merchant_demo_001
txn_ac884e3cc7e5,acct_f27ce3cfc9,2026-09-04T19:10:44,864.02,merchant_demo_001
txn_d3f994d15133,acct_3bfd1da0e0,2026-09-22T05:50:31,3765.73,merchant_demo_001
txn_5c8befffe1dc,acct_3bfd1da0e0,2026-07-13T05:50:31,4589.95,merchant_demo_001
txn_dbfef0946b0a,acct_3bfd1da0e0,2026-07-05T05:50:31,3009.35,merchant_demo_001
txn_68d38cba7f91,acct_db36dfa81b,2025-12-11T20:10:54,3752.85,merchant_demo_001
txn_b832488b5bba,acct_db36dfa81b,2026-07-27T20:10:54,4309.84,merchant_demo_001
txn_de7b9005c1b5,acct_db36dfa81b,2026-07-29T20:10:54,3171.52,merchant_demo_001
txn_66500f2dae85,acct_db36dfa81b,2026-03-03T20:10:54,106.17,merchant_demo_001
txn_b605a1fe5416,acct_15dc87ed84,2026-01-10T23:23:13,1348.21,merchant_demo_001
txn_b316cc857ab6,acct_15dc87ed84,2026-02-26T23:23:13,445.62,merchant_demo_001
txn_86571d97367f,acct_15dc87ed84,2026-02-27T23:23:13,593.69,merchant_demo_001
txn_a101828bc3a6,acct_15dc87ed84,2026-02-14T23:23:13,2097.38,merchant_demo_001
txn_5c56dcea7473,acct_158a333ece,2026-12-22T16:14:19,1496.05,merchant_demo_001
txn_d9f3fbeacf62,acct_158a333ece,2026-08-12T16:14:19,487.73,merchant_demo_001
txn_dd6183df4c4e,acct_158a333ece,2026-07-17T16:14:19,2284.91,merchant_demo_001
txn_84bc75286da8,acct_158a333ece,2026-11-29T16:14:19,176.6,merchant_demo_001
txn_768ccc892a36,acct_22b613d106,2026-09-22T19:37:03,1131.33,merchant_demo_001
txn_6872fe2fa654,acct_22b613d106,2026-09-20T19:37:03,3020.41,merchant_demo_001
txn_5fd6c6b038d1,acct_22b613d106,2026-06-16T19:37:03,569.15,merchant_demo_001
txn_05a5f22cfad2,acct_22b613d106,2026-12-16T19:37:03,581.81,merchant_demo_001
txn_24ac95830cfc,acct_22b613d106,2026-11-26T19:37:03,3937.07,merchant_demo_001
txn_71964dd0e900,acct_bd21750bba,2025-08-19T07:11:32,612.26,merchant_demo_001
txn_17661b5eea6f,acct_bd21750bba,2026-09-06T07:11:32,3606.16,merchant_demo_001
txn_0d1b1e8fa892,acct_bd21750bba,2026-05-22T07:11:32,3028.08,merchant_demo_001
txn_0134fc401d49,acct_bd21750bba,2026-08-14T07:11:32,2946.25,merchant_demo_001
txn_2f756a6e6c42,acct_bd21750bba,2026-08-29T07:11:32,3784.04,merchant_demo_001
txn_5272e0db701a,acct_7293d2593a,2026-10-02T18:36:16,1196.54,merchant_demo_001
txn_2b588eec0080,acct_7293d2593a,2026-10-26T18:36:16,1116.45,merchant_demo_001
txn_3fd0f428d0b3,acct_5871db90a0,2026-09-03T23:48:12,3301.12,merchant_demo_001
txn_50a954b2cede,acct_5871db90a0,2026-04-15T23:48:12,4787.14,merchant_demo_001
txn_34843526b549,acct_5871db90a0,2026-05-20T23:48:12,2690.72,merchant_demo_001
txn_490d1f6a73b9,acct_5871db90a0,2026-02-20T23:48:12,1443.16,merchant_demo_001
txn_4e19e4d20558,acct_0a604dbe24,2027-03-09T16:26:07,3995.86,merchant_demo_001
txn_1bfc19fa33f4,acct_0a604dbe24,2026-10-16T16:26:07,488.62,merchant_demo_001
txn_e5d73ed9eb55,acct_0a604dbe24,2026-07-04T16:26:07,4777.32,merchant_demo_001
txn_e855727760ee,acct_0a604dbe24,2027-01-11T16:26:07,2493.44,merchant_demo_001
txn_9c62979c5763,acct_0a604dbe24,2026-09-21T16:26:07,236.6,merchant_demo_001
txn_3ec261c71003,acct_cce684f1f2,2026-08-24T17:18:04,501.15,merchant_demo_001
txn_c32f71fdf237,acct_cce684f1f2,2026-06-12T17:18:04,101.59,merchant_demo_001
txn_9e4b46e52d80,acct_cce684f1f2,2026-04-12T17:18:04,2912.79,merchant_demo_001
txn_1faf0d941773,acct_566a82f0f8,2026-08-09T10:51:45,3305.59,merchant_demo_001
txn_5b6c3f0cecc7,acct_566a82f0f8,2026-10-04T10:51:45,173.33,merchant_demo_001
txn_bb71c5fd8c48,acct_566a82f0f8,2026-02-10T10:51:45,3297.98,merchant_demo_001
txn_3057c5bcb34e,acct_566a82f0f8,2025-11-25T10:51:45,4473.48,merchant_demo_001
txn_26e3a1f3f610,acct_566a82f0f8,2025-09-23T10:51:45,795.08,merchant_demo_001
txn_624a5655a46c,acct_07acad855a,2026-07-11T11:45:12,4273.42,merchant_demo_001
txn_df2f732f1b96,acct_07acad855a,2026-02-08T11:45:12,2050.78,merchant_demo_001
txn_fb9d91ca4f3f,acct_07acad855a,2026-09-14T11:45:12,4996.3,merchant_demo_001
txn_d100c65224f7,acct_07acad855a,2026-12-27T11:45:12,4825.84,merchant_demo_001
txn_d8dcc6a5a035,acct_07acad855a,2026-10-23T11:45:12,3031.0,merchant_demo_001
txn_5961f03b7313,acct_429a2edf1f,2026-02-01T03:59:35,764.68,merchant_demo_001
txn_37f8c399543a,acct_429a2edf1f,2026-10-04T03:59:35,1042.83,merchant_demo_001
txn_dc6663165eca,acct_696d7a3d97,2026-04-19T23:40:54,4675.95,merchant_demo_001
txn_3b4d6616c0d3,acct_696d7a3d97,2025-09-05T23:40:54,2789.91,merchant_demo_001
txn_e4406bd3c9e9,acct_696d7a3d97,2025-06-22T23:40:54,4982.25,merchant_demo_001
txn_9a1857d4bfb9,acct_696d7a3d97,2025-07-20T23:40:54,1630.29,merchant_demo_001
txn_5e98e8070683,acct_696d7a3d97,2025-05-12T23:40:54,2156.06,merchant_demo_001
txn_a4089702d060,acct_9159393553,2026-11-12T15:12:19,4922.63,merchant_demo_001
txn_4a713c7a5ee8,acct_9159393553,2026-03-17T15:12:19,2454.03,merchant_demo_001
txn_58badeed508b,acct_9159393553,2026-11-25T15:12:19,543.46,merchant_demo_001
txn_5604b872d21c,acct_9159393553,2026-11-01T15:12:19,1941.68,merchant_demo_001
txn_f66ad8fc8a4b,acct_97810a16c6,2025-11-26T12:12:16,3946.66,merchant_demo_001
txn_c9403851c44c,acct_af9564688e,2026-09-02T07:09:39,4424.61,merchant_demo_001
txn_62871c32211a,acct_ad46adda17,2026-09-05T08:07:22,1056.23,merchant_demo_001
txn_fbd0abe1594c,acct_ad46adda17,2026-09-15T08:07:22,3924.32,merchant_demo_001
txn_4d5fc3fb74cd,acct_ad46adda17,2026-08-27T08:07:22,2935.69,merchant_demo_001
txn_9154db49e08c,acct_ad46adda17,2026-12-13T08:07:22,4634.8,merchant_demo_001
txn_dd5e675f3ead,acct_03822698aa,2025-08-28T13:55:24,1552.1,merchant_demo_001
txn_642cf9a2dba9,acct_e49d4bcc4c,2026-02-18T16:34:05,4343.79,merchant_demo_001
txn_63f12147458b,acct_e49d4bcc4c,2025-06-03T16:34:05,4854.71,merchant_demo_001
txn_3a8c8dd35498,acct_e49d4bcc4c,2025-12-04T16:34:05,2800.44,merchant_demo_001
txn_b12f8db23e2f,acct_e49d4bcc4c,2026-02-11T16:34:05,486.91,merchant_demo_001
txn_6aa313460020,acct_f4e8f09298,2026-07-15T06:34:43,705.97,merchant_demo_001
txn_1095d6e08f88,acct_add6b31b61,2025-12-07T23:38:36,4262.87,merchant_demo_001
txn_5499782d1c8b,acct_add6b31b61,2025-09-16T23:38:36,1619.71,merchant_demo_001
txn_dffcb122d2c0,acct_add6b31b61,2025-12-20T23:38:36,4672.74,merchant_demo_001
txn_02a3452414a1,acct_add6b31b61,2025-05-24T23:38:36,3874.4,merchant_demo_001
txn_f7966a9a8a34,acct_add6b31b61,2026-02-21T23:38:36,1104.98,merchant_demo_001
txn_f092c205c2b0,acct_f803cdd659,2026-02-19T06:45:41,4253.21,merchant_demo_001
txn_b530075178b3,acct_f803cdd659,2025-12-26T06:45:41,2479.75,merchant_demo_001
txn_94a0ad9f4762,acct_f803cdd659,2025-11-18T06:45:41,4307.92,merchant_demo_001
txn_e9e6102e9607,acct_f803cdd659,2025-09-25T06:45:41,3045.72,merchant_demo_001
txn_7a206c0b826b,acct_3671fd446b,2027-04-11T21:49:33,3953.66,merchant_demo_001
txn_809aa6776f98,acct_3671fd446b,2026-08-11T21:49:33,235.67,merchant_demo_001
txn_17cbe470fadd,acct_0c92b0b368,2026-07-14T13:03:33,3092.6,merchant_demo_001
txn_925cb05f8424,acct_0c92b0b368,2026-04-07T13:03:33,3305.23,merchant_demo_001
txn_e2ef114a4b8c,acct_0c92b0b368,2026-08-23T13:03:33,654.47,merchant_demo_001
txn_1b3865600ca5,acct_0c92b0b368,2026-12-02T13:03:33,4993.84,merchant_demo_001
txn_649b38435ac5,acct_dda87df0f1,2025-12-23T03:39:02,3225.01,merchant_demo_001
txn_3c979a66ad27,acct_dda87df0f1,2025-10-17T03:39:02,1774.34,merchant_demo_001
txn_42e7bc2806b3,acct_c5805127dd,2026-01-03T08:12:29,3564.43,merchant_demo_001
txn_0eeb7157c5e3,acct_d1e77f72cc,2026-08-13T21:17:08,1128.09,merchant_demo_001
txn_ac1fa5b170e6,acct_326783c141,2025-08-06T04:45:09,3004.22,merchant_demo_001
txn_08f6beffeb24,acct_31dbf5c48a,2026-01-31T14:32:10,968.45,merchant_demo_001
txn_ece5fea58856,acct_31dbf5c48a,2025-04-02T14:32:10,2062.27,merchant_demo_001
txn_32dff689c592,acct_31dbf5c48a,2025-07-06T14:32:10,4080.04,merchant_demo_001
txn_bbe25fef9d64,acct_31dbf5c48a,2025-08-18T14:32:10,877.74,merchant_demo_001
txn_2cfad1f6d712,acct_93f6ba0361,2025-12-18T05:41:06,3800.42,merchant_demo_001
txn_9f4fd497ba8b,acct_93f6ba0361,2026-06-01T05:41:06,3710.99,merchant_demo_001
txn_ce24ad7f00eb,acct_93f6ba0361,2025-10-28T05:41:06,59.98,merchant_demo_001
txn_c1a23310409f,acct_58b609c019,2025-06-23T07:39:51,2458.47,merchant_demo_001
txn_20c168a309aa,acct_58b609c019,2025-03-04T07:39:51,4674.47,merchant_demo_001
txn_6dbc6fab7a91,acct_58b609c019,2025-09-25T07:39:51,2939.56,merchant_demo_001
txn_130d46450889,acct_87a4f288f4,2026-02-19T01:13:00,3087.23,merchant_demo_001
txn_cefc52e43eac,acct_87a4f288f4,2026-02-19T00:26:00,2652.27,merchant_demo_001
txn_4f88dd495b62,acct_87a4f288f4,2026-02-18T23:44:00,2158.3,merchant_demo_001
txn_508a17cf3028,acct_9b45667ecd,2026-01-16T09:46:01,2558.08,merchant_demo_001
txn_9055ae7637ff,acct_9b45667ecd,2026-06-27T09:46:01,1143.48,merchant_demo_001
txn_5a1ccadeb707,acct_9b45667ecd,2025-09-23T09:46:01,201.6,merchant_demo_001
txn_ec9e4d25c6f4,acct_9b45667ecd,2025-10-18T09:46:01,2974.69,merchant_demo_001
txn_3fe59e0129d7,acct_9b45667ecd,2026-07-12T09:46:01,3518.74,merchant_demo_001
txn_480fed4c57a0,acct_ce56d8d786,2027-01-21T18:38:40,2284.52,merchant_demo_001
txn_a51d5885afd1,acct_ce56d8d786,2027-05-19T18:38:40,4589.22,merchant_demo_001
txn_bd4bb49250b9,acct_ce56d8d786,2026-09-28T18:38:40,1859.82,merchant_demo_001
txn_3e1c6ce85b1a,acct_adcb144985,2026-02-20T00:57:38,4438.24,merchant_demo_001
txn_8ce28ddb9487,acct_adcb144985,2026-02-20T00:29:38,2268.86,merchant_demo_001
txn_268891ded21f,acct_adcb144985,2026-02-20T00:04:38,2305.64,merchant_demo_001
txn_77d5af458443,acct_afd6697a78,2026-04-20T09:48:36,709.68,merchant_demo_001
txn_d67bc4a6a4ad,acct_afd6697a78,2026-08-26T09:48:36,1840.05,merchant_demo_001
txn_6babeab20928,acct_afd6697a78,2026-04-01T09:48:36,178.16,merchant_demo_001
txn_b7dd2417d5af,acct_afd6697a78,2026-04-09T09:48:36,4376.13,merchant_demo_001
txn_b735bad5fec3,acct_3aebba6553,2025-03-01T09:00:26,3333.52,merchant_demo_001
txn_7eb8016cf075,acct_3aebba6553,2025-04-01T09:00:26,1505.6,merchant_demo_001
txn_996ff269e49d,acct_3aebba6553,2026-01-18T09:00:26,4608.86,merchant_demo_001
txn_d58ee2c1260c,acct_3aebba6553,2025-04-15T09:00:26,4202.22,merchant_demo_001
txn_806e1f3b5b5e,acct_4027a94827,2026-09-11T08:55:18,2570.76,merchant_demo_001
txn_7e70058150dc,acct_9f1e3cdb0c,2025-05-31T06:52:07,1340.35,merchant_demo_001
txn_e144eb148fb0,acct_9f1e3cdb0c,2026-02-21T06:52:07,2584.16,merchant_demo_001
txn_933d08c997d1,acct_9f1e3cdb0c,2026-04-02T06:52:07,4049.73,merchant_demo_001
txn_70f2b4aa151f,acct_9f1e3cdb0c,2025-03-02T06:52:07,66.98,merchant_demo_001
txn_88bbc702c8a2,acct_aead155224,2025-09-28T12:52:31,2730.4,merchant_demo_001
txn_c514eb781872,acct_aead155224,2025-04-02T12:52:31,3377.96,merchant_demo_001
txn_e48d23134056,acct_aead155224,2026-03-26T12:52:31,546.44,merchant_demo_001
txn_5c6695bf747a,acct_aead155224,2025-05-11T12:52:31,2704.68,merchant_demo_001
txn_46e52711308a,acct_fba3749983,2026-09-11T05:01:22,2067.84,merchant_demo_001
txn_d79d6c2a537f,acct_daf2e8a028,2026-04-27T14:25:47,3614.57,merchant_demo_001
txn_51989214858e,acct_daf2e8a028,2025-10-15T14:25:47,1788.31,merchant_demo_001
txn_bc08559656d5,acct_7ac1acfd85,2025-06-24T07:06:34,1185.37,merchant_demo_001
txn_4159b0e84039,acct_7ac1acfd85,2026-01-21T07:06:34,783.01,merchant_demo_001
txn_e0602f3bb427,acct_3a94e0094d,2025-11-15T11:25:29,817.36,merchant_demo_001
txn_fd552c24f0c4,acct_3a94e0094d,2025-02-10T11:25:29,2703.45,merchant_demo_001
txn_431077dae195,acct_f8009a5809,2026-11-02T12:54:52,4338.32,merchant_demo_001
txn_b9166a74a959,acct_f8009a5809,2027-02-12T12:54:52,1003.39,merchant_demo_001
txn_11580b0d162b,acct_f8009a5809,2027-03-25T12:54:52,2975.72,merchant_demo_001
txn_3920282a1d63,acct_f8009a5809,2026-10-18T12:54:52,208.15,merchant_demo_001
txn_03e0189f7d49,acct_25a5c9b1b3,2026-07-24T05:20:27,243.12,merchant_demo_001
txn_c672e5d8dff9,acct_25a5c9b1b3,2027-06-26T05:20:27,2793.51,merchant_demo_001
txn_e337b4178744,acct_25a5c9b1b3,2027-01-24T05:20:27,3046.43,merchant_demo_001
txn_0de097763d28,acct_4283011b17,2025-12-12T03:53:58,1896.48,merchant_demo_001
txn_2eb1e9f780c2,acct_72e93b7d7a,2025-06-20T02:47:03,621.53,merchant_demo_001
txn_12c8ac7628a5,acct_30ba48e540,2026-08-23T21:11:48,3351.72,merchant_demo_001
txn_74558c27101c,acct_30ba48e540,2027-03-30T21:11:48,1606.37,merchant_demo_001
txn_fa86f439cabe,acct_7d0fa920a2,2027-02-07T20:38:22,4721.21,merchant_demo_001
txn_731f28f9a163,acct_7d0fa920a2,2026-03-19T20:38:22,865.42,merchant_demo_001
txn_33b4adebf19e,acct_7d0fa920a2,2026-11-29T20:38:22,2676.53,merchant_demo_001
txn_3aee9b3402e5,acct_3003313432,2025-03-12T07:30:48,3968.15,merchant_demo_001
txn_ad3269a16b84,acct_3003313432,2025-10-18T07:30:48,1481.88,merchant_demo_001
txn_b37fa0e27baa,acct_d30b31ffd1,2025-10-09T21:35:02,2804.8,merchant_demo_001
txn_502d87727332,acct_d30b31ffd1,2025-02-21T21:35:02,3014.04,merchant_demo_001
txn_49f5d8668bb3,acct_d30b31ffd1,2025-09-26T21:35:02,2644.74,merchant_demo_001
txn_e738d1076695,acct_53142a45b2,2026-05-12T05:14:04,4636.84,merchant_demo_001
txn_54b46c86fd8c,acct_81ccbb6d30,2026-08-05T02:39:22,167.46,merchant_demo_001
txn_f0662a4e1ecc,acct_6ef30c7a12,2026-03-31T03:28:17,3129.2,merchant_demo_001
txn_1873645d3336,acct_6ef30c7a12,2027-02-06T03:28:17,4718.95,merchant_demo_001
txn_41d13a2a499d,acct_6ef30c7a12,2026-06-11T03:28:17,1541.35,merchant_demo_001
txn_35e63df3c2eb,acct_f374d5903d,2025-08-10T00:10:58,4364.36,merchant_demo_001
txn_72385c354380,acct_f374d5903d,2025-08-09T23:17:58,3943.88,merchant_demo_001
txn_552e8f2c9a0f,acct_f374d5903d,2025-08-10T00:55:58,3816.7,merchant_demo_001
txn_2aafa2fa9478,acct_ac68bbea49,2026-10-03T07:08:38,1350.05,merchant_demo_001
txn_fa6534448886,acct_b07516fcef,2026-07-30T03:32:39,2079.45,merchant_demo_001
txn_c7ab66a84726,acct_b07516fcef,2026-06-08T03:32:39,1474.79,merchant_demo_001
txn_4988e5ed73c2,acct_b07516fcef,2026-09-05T03:32:39,688.02,merchant_demo_001
txn_c5d4ddec1872,acct_b07516fcef,2025-11-06T03:32:39,917.67,merchant_demo_001
txn_1dc24f2d12c0,acct_4e102ab5f3,2026-03-25T19:07:09,3386.97,merchant_demo_001
txn_d50ce943804a,acct_4e102ab5f3,2026-03-25T19:33:09,1155.2,merchant_demo_001
txn_610fa5bc0077,acct_4e102ab5f3,2026-03-25T18:35:09,1148.96,merchant_demo_001
txn_ba26cf261332,acct_39849951f8,2026-05-09T08:41:49,4907.63,merchant_demo_001
txn_ddb27f030dda,acct_39849951f8,2026-06-10T08:41:49,3230.25,merchant_demo_001
txn_e02cf961402a,acct_39849951f8,2025-09-09T08:41:49,3384.76,merchant_demo_001
txn_84c2198fd7da,acct_1475c4b003,2027-01-14T10:30:54,2813.64,merchant_demo_001
txn_705ed6373a06,acct_1475c4b003,2027-06-21T10:30:54,621.27,merchant_demo_001
txn_88ef5aaba374,acct_a94d7834c3,2025-02-20T05:09:40,1148.5,merchant_demo_001
txn_2e0bf4553794,acct_a94d7834c3,2025-12-06T05:09:40,3121.8,merchant_demo_001
txn_9897f8cc7165,acct_48bdebde4b,2026-04-28T19:20:26,4659.26,merchant_demo_001
txn_2b49c86be4d4,acct_48bdebde4b,2026-04-22T19:20:26,4119.0,merchant_demo_001
txn_156ce5123965,acct_48bdebde4b,2026-07-15T19:20:26,3001.49,merchant_demo_001
txn_3eb12932be5c,acct_48bdebde4b,2025-12-28T19:20:26,1628.74,merchant_demo_001
txn_b798b333df45,acct_a5dba80ce5,2025-12-18T22:38:12,1649.66,merchant_demo_001
txn_72b496fe04d7,acct_a5dba80ce5,2025-09-03T22:38:12,4579.08,merchant_demo_001
txn_9c29f31322c3,acct_a5dba80ce5,2025-09-17T22:38:12,2982.16,merchant_demo_001
txn_df3257456d60,acct_25476c3fa4,2026-09-14T18:45:42,3852.37,merchant_demo_001
txn_2f9d856c7b12,acct_25476c3fa4,2026-06-27T18:45:42,3809.82,merchant_demo_001
txn_fbbae993f05f,acct_25476c3fa4,2025-12-26T18:45:42,2900.77,merchant_demo_001
txn_8692cb75852a,acct_559e499b5b,2026-03-24T06:24:46,3033.58,merchant_demo_001
txn_38ca98998ef9,acct_34cb9f34ed,2025-10-19T07:31:39,3206.28,merchant_demo_001
txn_f4b2092366ab,acct_34cb9f34ed,2025-12-21T07:31:39,1525.28,merchant_demo_001
txn_a7be3b6c563b,acct_34cb9f34ed,2025-03-21T07:31:39,2623.12,merchant_demo_001
txn_4cf8b4def512,acct_34cb9f34ed,2025-10-07T07:31:39,2174.3,merchant_demo_001
txn_4665b405db3e,acct_86ebe77f4a,2025-04-04T14:22:10,3653.04,merchant_demo_001
txn_19b675de62fb,acct_86ebe77f4a,2025-09-15T14:22:10,1691.22,merchant_demo_001
txn_3931305c0797,acct_86ebe77f4a,2025-10-22T14:22:10,1240.93,merchant_demo_001
txn_dcad364c6455,acct_86ebe77f4a,2025-10-18T14:22:10,3792.92,merchant_demo_001
txn_32a2b5216cb1,acct_2e88a9ad25,2026-02-28T12:33:08,4473.72,merchant_demo_001
txn_c82fc8b0cadf,acct_2e88a9ad25,2025-08-27T12:33:08,2025.41,merchant_demo_001
txn_1940260bafb7,acct_2e88a9ad25,2025-09-27T12:33:08,2248.59,merchant_demo_001
txn_4e120c0f6332,acct_d4c7fa5a0f,2026-02-03T02:32:28,2120.36,merchant_demo_001
txn_891a23987c68,acct_d09fa2cbac,2025-11-06T15:32:45,1529.26,merchant_demo_001
txn_57c0cf3be32f,acct_d09fa2cbac,2026-07-11T15:32:45,340.0,merchant_demo_001
txn_8a256b1671c4,acct_d09fa2cbac,2026-04-03T15:32:45,1138.76,merchant_demo_001
txn_652f0a420818,acct_d09fa2cbac,2025-10-12T15:32:45,2584.54,merchant_demo_001
txn_114decb47ba2,acct_d09fa2cbac,2026-01-09T15:32:45,2420.61,merchant_demo_001
txn_9ede57b56db4,acct_df34cc1a6a,2026-10-01T20:37:40,3088.21,merchant_demo_001
txn_45add1692f50,acct_df34cc1a6a,2026-10-13T20:37:40,3083.7,merchant_demo_001
txn_3fc3b512892e,acct_df34cc1a6a,2026-06-11T20:37:40,1514.02,merchant_demo_001
txn_921edd1984ce,acct_df34cc1a6a,2026-04-23T20:37:40,2326.17,merchant_demo_001
txn_fa97e009b207,acct_e996d9d29a,2025-10-06T07:24:39,1649.39,merchant_demo_001
txn_64bcb66eb1cb,acct_e996d9d29a,2025-07-10T07:24:39,2680.94,merchant_demo_001
txn_d898f4f61320,acct_e996d9d29a,2026-06-16T07:24:39,961.72,merchant_demo_001
txn_35311e8b7e53,acct_e996d9d29a,2026-07-21T07:24:39,747.15,merchant_demo_001
txn_055234d003af,acct_4c0abc0a48,2026-05-15T05:51:38,1102.33,merchant_demo_001
txn_3b6fc2d48470,acct_4c0abc0a48,2026-11-04T05:51:38,73.6,merchant_demo_001
txn_d486745f8870,acct_4c0abc0a48,2026-03-03T05:51:38,1405.84,merchant_demo_001
txn_d42b79b8f979,acct_5ab2319f70,2027-03-14T06:37:14,673.79,merchant_demo_001
txn_908ca2482760,acct_5ab2319f70,2026-05-11T06:37:14,3614.72,merchant_demo_001
txn_37feede82ecc,acct_5ab2319f70,2026-09-07T06:37:14,1270.67,merchant_demo_001
txn_3f7c636f77e8,acct_5ab2319f70,2026-10-05T06:37:14,3021.75,merchant_demo_001
txn_aab31aa97dbb,acct_5c3396522e,2026-05-01T04:11:56,1723.28,merchant_demo_001
txn_1bb214fad77c,acct_5c3396522e,2026-03-23T04:11:56,1444.85,merchant_demo_001
txn_d4564b4dd68c,acct_5c3396522e,2026-05-27T04:11:56,4644.42,merchant_demo_001
txn_138b37c54b1b,acct_8422c46a1c,2025-12-08T13:53:45,4178.78,merchant_demo_001
txn_61309652fc1f,acct_8422c46a1c,2026-06-25T13:53:45,4054.51,merchant_demo_001
txn_1021e0136585,acct_8422c46a1c,2025-09-17T13:53:45,852.65,merchant_demo_001
txn_3fba6621080f,acct_8422c46a1c,2025-12-03T13:53:45,1876.17,merchant_demo_001
txn_5b98cbf55fc2,acct_2a161622c3,2025-05-17T18:15:29,4983.91,merchant_demo_001
txn_5ea6a34b2d29,acct_56b37114d7,2025-06-20T08:53:08,3302.94,merchant_demo_001
txn_0418378f711e,acct_56b37114d7,2026-01-10T08:53:08,3984.4,merchant_demo_001
txn_064a17b2ba21,acct_e041548d63,2026-05-30T12:22:29,1826.24,merchant_demo_001
txn_8dbe6a3d68d2,acct_e041548d63,2026-04-24T12:22:29,4249.2,merchant_demo_001
txn_6273c2308dc0,acct_e041548d63,2026-06-14T12:22:29,3218.18,merchant_demo_001
txn_7ab6d9ce65e0,acct_e041548d63,2026-03-13T12:22:29,2650.54,merchant_demo_001
txn_71cd7067ab01,acct_e041548d63,2026-04-26T12:22:29,278.15,merchant_demo_001
txn_1a11e39d0107,acct_35d1430cb6,2025-07-14T18:21:28,3045.25,merchant_demo_001
txn_2a506beea5ed,acct_2a57a42b81,2025-06-21T19:49:31,4528.86,merchant_demo_001
txn_fff6dbd9c151,acct_2a57a42b81,2026-03-07T19:49:31,3105.32,merchant_demo_001
txn_79d4c61e06e8,acct_2a57a42b81,2025-05-04T19:49:31,2240.98,merchant_demo_001
txn_1eb4c9834898,acct_2a57a42b81,2025-05-08T19:49:31,2452.6,merchant_demo_001
txn_20bd2287230c,acct_5c3b0f582f,2026-01-31T20:49:58,737.23,merchant_demo_001
txn_60fa16a25efb,acct_5c3b0f582f,2025-06-05T20:49:58,180.89,merchant_demo_001
txn_d1bb36e8e7ee,acct_5a762347cf,2025-03-27T05:13:48,2346.85,merchant_demo_001
txn_a700cd4108d4,acct_59525a3cd9,2025-07-19T16:44:43,1827.95,merchant_demo_001
txn_60d182c566a6,acct_59525a3cd9,2025-09-19T16:44:43,2972.18,merchant_demo_001
txn_dddc9be50865,acct_5965bccdb8,2026-08-25T00:57:52,3040.41,merchant_demo_001
txn_4af46421d1fd,acct_5965bccdb8,2026-10-12T00:57:52,4299.27,merchant_demo_001
txn_c433da5aec45,acct_5965bccdb8,2026-02-13T00:57:52,2011.26,merchant_demo_001
txn_00c5ee5317c4,acct_5965bccdb8,2026-04-16T00:57:52,4106.06,merchant_demo_001
txn_19ca170a18e5,acct_b3b8fcc8a1,2026-07-12T03:38:45,649.49,merchant_demo_001
txn_338a01923ee7,acct_c41c22e955,2026-05-29T04:08:17,826.61,merchant_demo_001
txn_6d7b62531d95,acct_c41c22e955,2025-08-25T04:08:17,1545.25,merchant_demo_001
txn_311181bd01e7,acct_6c531e9a36,2025-03-08T14:10:23,965.49,merchant_demo_001
txn_fc09ede0e336,acct_6c531e9a36,2025-03-28T14:10:23,2119.03,merchant_demo_001
txn_b829b9faa3e1,acct_6c531e9a36,2026-02-11T14:10:23,2945.94,merchant_demo_001
txn_2a76a97dde63,acct_b4395e13a6,2026-04-11T10:18:56,1234.83,merchant_demo_001
txn_fadf3d9799d8,acct_ac908d9e93,2026-02-18T21:59:15,1899.68,merchant_demo_001
txn_504703c9b7a3,acct_1029ca0e61,2026-08-27T05:28:57,3040.77,merchant_demo_001
txn_439df763af4d,acct_52ef3ef862,2027-03-26T17:56:33,355.88,merchant_demo_001
txn_b9da7996bb46,acct_dd4809196a,2026-02-14T11:39:41,157.31,merchant_demo_001
txn_06a5578e55d6,acct_8a528f2100,2026-12-20T14:51:13,1740.88,merchant_demo_001
txn_0c7a357aa278,acct_8a528f2100,2026-03-14T14:51:13,1915.08,merchant_demo_001
txn_7aae7036f646,acct_8a528f2100,2026-04-27T14:51:13,4216.35,merchant_demo_001
txn_dffa4576c080,acct_8a528f2100,2026-08-03T14:51:13,3591.93,merchant_demo_001
txn_ea9cd03fc1b4,acct_8a528f2100,2027-01-04T14:51:13,1439.83,merchant_demo_001
txn_067ac4737aa3,acct_cee6ec124f,2025-03-18T23:48:12,2594.91,merchant_demo_001
txn_7340418d2cb9,acct_cee6ec124f,2025-08-21T23:48:12,1801.79,merchant_demo_001
txn_4ec00a7d4b3d,acct_cee6ec124f,2025-12-18T23:48:12,1580.07,merchant_demo_001
txn_f7b7147e6560,acct_cee6ec124f,2026-02-21T23:48:12,2275.01,merchant_demo_001
txn_8705079ce6ca,acct_1de966d30b,2026-07-31T11:21:46,1173.18,merchant_demo_001
txn_6090b5a22512,acct_1de966d30b,2026-07-31T11:58:46,3979.91,merchant_demo_001
txn_a09f89aa4e7d,acct_1de966d30b,2026-07-31T12:13:46,3648.43,merchant_demo_001
txn_37bb0ab450bb,acct_e80fdef136,2026-08-02T07:43:07,3727.35,merchant_demo_001
txn_d8e96c1f2d09,acct_e80fdef136,2026-07-06T07:43:07,4813.75,merchant_demo_001
txn_055b8e549598,acct_80a76b7135,2025-09-19T03:27:37,4584.44,merchant_demo_001
txn_bcb4a3487e3f,acct_80a76b7135,2025-10-24T03:27:37,3853.48,merchant_demo_001
txn_b7d2ac8ee245,acct_80a76b7135,2025-06-18T03:27:37,1690.91,merchant_demo_001
txn_edfe01b44d40,acct_80a76b7135,2025-06-21T03:27:37,2233.41,merchant_demo_001
txn_831307f05c8e,acct_22403ab403,2026-02-21T04:52:43,2247.49,merchant_demo_001
txn_fbdf37c1f842,acct_22403ab403,2026-11-23T04:52:43,3713.45,merchant_demo_001
txn_d8ddba8ee6c8,acct_22403ab403,2026-08-29T04:52:43,1513.76,merchant_demo_001
txn_36dc9cfa4d55,acct_7d7d3baf1b,2026-11-08T06:57:06,3404.51,merchant_demo_001
txn_3710f591d93b,acct_7d7d3baf1b,2027-07-24T06:57:06,4566.57,merchant_demo_001
txn_f5af15e84d04,acct_7d7d3baf1b,2026-09-10T06:57:06,3366.9,merchant_demo_001
txn_118dd620541d,acct_f808ef5302,2026-02-22T18:46:04,4847.52,merchant_demo_001
txn_bc6960a467c0,acct_f808ef5302,2026-07-17T18:46:04,2168.65,merchant_demo_001
txn_f13b789e011e,acct_f808ef5302,2025-08-16T18:46:04,1755.77,merchant_demo_001
txn_493269317a85,acct_f808ef5302,2026-06-20T18:46:04,2381.11,merchant_demo_001
txn_9c21a76276e9,acct_c267063a38,2025-09-23T00:34:09,668.86,merchant_demo_001
txn_c8900dd55a46,acct_c267063a38,2026-06-10T00:34:09,842.6,merchant_demo_001
txn_60ccb51eb4b7,acct_c267063a38,2025-10-03T00:34:09,4115.77,merchant_demo_001
txn_cb70d8010ea5,acct_c267063a38,2026-07-17T00:34:09,1639.7,merchant_demo_001
txn_99329cc3c882,acct_ac6c961cbb,2026-01-30T22:14:49,2063.56,merchant_demo_001
txn_adbdfea8a8f3,acct_ac6c961cbb,2026-02-08T22:14:49,3995.91,merchant_demo_001
txn_b864335c7dbc,acct_ac6c961cbb,2026-11-17T22:14:49,346.38,merchant_demo_001
txn_053700c5ab12,acct_ac6c961cbb,2026-03-10T22:14:49,1267.24,merchant_demo_001
txn_3eb259c8e27d,acct_ac6c961cbb,2026-12-13T22:14:49,613.69,merchant_demo_001
txn_4b77d00e9422,acct_a6492b5430,2026-12-11T10:09:50,2758.12,merchant_demo_001
txn_4688027c2d17,acct_a6492b5430,2026-09-08T10:09:50,169.0,merchant_demo_001
txn_73bf136db1f6,acct_a6492b5430,2026-12-13T10:09:50,4138.23,merchant_demo_001
txn_56aacad0c551,acct_a6492b5430,2026-12-14T10:09:50,2166.51,merchant_demo_001
txn_a4b68da290bc,acct_162521207b,2026-06-04T01:26:42,720.64,merchant_demo_001
txn_7e5c223fdc1d,acct_162521207b,2026-05-11T01:26:42,3435.58,merchant_demo_001
txn_2110def8d7b3,acct_162521207b,2026-04-03T01:26:42,2718.8,merchant_demo_001
txn_564f21e7d932,acct_928b371b30,2025-12-26T06:20:19,404.48,merchant_demo_001
txn_ba539f1dc415,acct_928b371b30,2025-12-17T06:20:19,1923.83,merchant_demo_001
txn_a0f2ed9d8b60,acct_928b371b30,2026-08-29T06:20:19,2608.24,merchant_demo_001
txn_0f427d0f9fd0,acct_928b371b30,2026-03-02T06:20:19,3253.25,merchant_demo_001
txn_cc6bf05f3912,acct_928b371b30,2026-04-14T06:20:19,2099.72,merchant_demo_001
txn_a95c56ab5e67,acct_01ca763b92,2026-03-24T21:38:22,461.48,merchant_demo_001
txn_fcb3c74bdd5f,acct_01ca763b92,2026-04-28T21:38:22,3051.06,merchant_demo_001
txn_8e46f3c55f35,acct_01ca763b92,2026-05-19T21:38:22,156.79,merchant_demo_001
txn_314bc82fa925,acct_01ca763b92,2026-02-24T21:38:22,4697.85,merchant_demo_001
txn_693fd5849f64,acct_599e8b000c,2026-08-12T10:47:08,4159.38,merchant_demo_001
txn_c846b4c2c083,acct_599e8b000c,2027-01-22T10:47:08,4546.24,merchant_demo_001
txn_03e6e8521d6f,acct_73d7050796,2026-06-18T04:28:39,2712.48,merchant_demo_001
txn_5d23fe92d403,acct_73d7050796,2026-05-20T04:28:39,785.09,merchant_demo_001
txn_08ba3168bb0a,acct_73d7050796,2025-09-30T04:28:39,3530.04,merchant_demo_001
txn_225bb892510f,acct_73d7050796,2025-07-05T04:28:39,1075.54,merchant_demo_001
txn_14809341b36f,acct_73d7050796,2025-10-08T04:28:39,2214.9,merchant_demo_001
txn_de43003af253,acct_b83ddefacd,2027-03-14T05:08:10,3150.53,merchant_demo_001
txn_833505cbd47a,acct_b83ddefacd,2026-10-22T05:08:10,1930.95,merchant_demo_001
txn_6a64d8b46fbf,acct_b83ddefacd,2026-07-26T05:08:10,677.71,merchant_demo_001
txn_03e11561c396,acct_b83ddefacd,2026-12-12T05:08:10,3787.08,merchant_demo_001
txn_0f0d5320e9f5,acct_b83ddefacd,2027-01-10T05:08:10,3582.35,merchant_demo_001
txn_392a2e929eb8,acct_169cdec52a,2026-12-16T02:25:00,3312.6,merchant_demo_001
txn_acf31912a7f9,acct_21a05d390d,2025-11-17T07:18:38,2509.81,merchant_demo_001
txn_9d4d14c991c2,acct_152f9f25fb,2025-10-21T18:05:47,404.31,merchant_demo_001
txn_db379d78b108,acct_152f9f25fb,2025-06-26T18:05:47,4482.81,merchant_demo_001
txn_5e9bc0f1e081,acct_152f9f25fb,2025-09-28T18:05:47,740.33,merchant_demo_001
txn_549d9bb00489,acct_d73a7aa777,2026-04-14T23:17:21,3905.77,merchant_demo_001
txn_c08fc7a159a5,acct_6ba0c44c30,2026-03-08T15:19:58,4081.9,merchant_demo_001
txn_ab48e823f0af,acct_6ba0c44c30,2026-03-08T16:42:58,860.15,merchant_demo_001
txn_67eef0dd74d9,acct_6ba0c44c30,2026-03-08T17:01:58,1994.95,merchant_demo_001
txn_e62cc35c574e,acct_a8a273a66e,2025-11-15T04:14:25,2253.33,merchant_demo_001
txn_8c0cf60fb939,acct_a8a273a66e,2025-07-30T04:14:25,4363.95,merchant_demo_001
txn_c7e5212acc55,acct_1ef470a13c,2026-02-06T10:22:03,4037.14,merchant_demo_001
txn_beb6e5264d6e,acct_1ef470a13c,2026-09-11T10:22:03,956.24,merchant_demo_001
txn_167ca2081845,acct_1ef470a13c,2026-05-28T10:22:03,1613.82,merchant_demo_001
txn_076e93bfacff,acct_5e821e554a,2026-05-29T06:37:47,4813.07,merchant_demo_001
txn_7aede9bda231,acct_5e821e554a,2026-06-13T06:37:47,2470.59,merchant_demo_001
txn_fb19720af475,acct_5e821e554a,2026-08-12T06:37:47,3379.57,merchant_demo_001
txn_bc69060e21c5,acct_6dad79193f,2027-07-07T11:16:19,1960.22,merchant_demo_001
txn_a21557b538f1,acct_6dad79193f,2027-02-13T11:16:19,4888.27,merchant_demo_001
txn_5e5131525337,acct_6dad79193f,2026-10-29T11:16:19,2668.23,merchant_demo_001
txn_82b1a98fed8b,acct_2d2f1a3f19,2025-10-01T15:39:46,2963.97,merchant_demo_001
txn_a13e2bc3ff7f,acct_2d2f1a3f19,2025-07-24T15:39:46,865.2,merchant_demo_001
txn_0ac72ac8f260,acct_2d2f1a3f19,2026-02-23T15:39:46,1475.5,merchant_demo_001
txn_bb229d844d1d,acct_2d2f1a3f19,2025-11-08T15:39:46,4160.78,merchant_demo_001
txn_e567abda9e09,acct_2d2f1a3f19,2025-05-15T15:39:46,1568.79,merchant_demo_001
txn_0bacb026eb7e,acct_b7729121e8,2026-08-03T23:29:59,78.78,merchant_demo_001
txn_74ce189ab8bb,acct_b7729121e8,2026-09-22T23:29:59,2914.04,merchant_demo_001
txn_674dd198b357,acct_73edd99de8,2025-08-22T22:40:49,1668.61,merchant_demo_001
txn_ed6134cc1f2c,acct_73edd99de8,2025-10-20T22:40:49,4647.61,merchant_demo_001
txn_9f8f9098606b,acct_73edd99de8,2025-03-17T22:40:49,757.82,merchant_demo_001
txn_cd34d8daf617,acct_73edd99de8,2025-12-30T22:40:49,318.47,merchant_demo_001
txn_b3b01c946a12,acct_73edd99de8,2025-08-23T22:40:49,3841.28,merchant_demo_001
txn_627b35175536,acct_84904fe496,2026-03-14T03:55:32,3569.26,merchant_demo_001
txn_32e9ec67ae41,acct_84904fe496,2025-11-12T03:55:32,3006.52,merchant_demo_001
txn_8a4fcdb5c1a8,acct_84904fe496,2025-12-09T03:55:32,3711.49,merchant_demo_001
txn_249c2c96b34a,acct_84904fe496,2026-08-07T03:55:32,157.84,merchant_demo_001
txn_6ba79fde9e96,acct_91f4ed40c9,2027-03-24T13:20:42,3899.25,merchant_demo_001
txn_b02bbf0c2196,acct_91f4ed40c9,2026-10-07T13:20:42,3439.83,merchant_demo_001
txn_b6fb86625022,acct_91f4ed40c9,2026-10-13T13:20:42,4339.04,merchant_demo_001
txn_fd7ed73395b9,acct_91f4ed40c9,2026-07-05T13:20:42,698.4,merchant_demo_001
txn_55110b822652,acct_6fe8ec6e5f,2026-04-29T00:01:28,2213.58,merchant_demo_001
txn_4e84d9b290e8,acct_4fb00baa8f,2025-10-18T00:50:47,970.93,merchant_demo_001
txn_55eed4c6adcd,acct_4fb00baa8f,2026-01-24T00:50:47,1498.9,merchant_demo_001
txn_15daaf325ad0,acct_4fb00baa8f,2026-06-25T00:50:47,2334.27,merchant_demo_001
txn_6a446d0fb036,acct_2147dc6500,2025-12-03T02:10:30,4558.0,merchant_demo_001
txn_f50b23494173,acct_95bf130670,2025-05-20T12:47:16,2345.02,merchant_demo_001
txn_c1ace6102282,acct_95bf130670,2025-05-20T10:57:16,1899.22,merchant_demo_001
txn_cb365cff80be,acct_ae77969bbc,2025-10-23T09:31:48,3505.67,merchant_demo_001
txn_4c47ad51a0f4,acct_ae77969bbc,2025-06-22T09:31:48,2321.83,merchant_demo_001
txn_961265b611d3,acct_ae77969bbc,2025-09-08T09:31:48,1189.38,merchant_demo_001
txn_185c79bbbeac,acct_ae77969bbc,2026-04-04T09:31:48,2672.01,merchant_demo_001
txn_5b53ed659ef6,acct_ae77969bbc,2025-07-13T09:31:48,1498.39,merchant_demo_001
txn_50b30a2fd36b,acct_97c4ead9d0,2026-03-23T20:48:59,4212.34,merchant_demo_001
txn_bdc80acb73f0,acct_97c4ead9d0,2025-06-21T20:48:59,3882.15,merchant_demo_001
txn_809759836bb6,acct_97c4ead9d0,2025-07-16T20:48:59,2251.3,merchant_demo_001
txn_ea0ca25a956b,acct_97c4ead9d0,2026-04-18T20:48:59,4410.11,merchant_demo_001
txn_55cd8b85b818,acct_97c4ead9d0,2026-03-30T20:48:59,327.7,merchant_demo_001
txn_7ed75953625e,acct_20c65c6e87,2026-10-08T07:53:42,3530.64,merchant_demo_001
txn_c52e6a547d3c,acct_20c65c6e87,2026-03-27T07:53:42,366.95,merchant_demo_001
txn_89e86a9c0b80,acct_20c65c6e87,2026-05-06T07:53:42,2466.78,merchant_demo_001
txn_b386041a924b,acct_20c65c6e87,2026-11-12T07:53:42,3662.73,merchant_demo_001
txn_89e281a8ab91,acct_20c65c6e87,2025-10-22T07:53:42,2007.35,merchant_demo_001
txn_88dfc435dce7,acct_f0533d7768,2027-03-29T06:52:14,1137.56,merchant_demo_001
txn_2bd9ce20bae8,acct_f0533d7768,2026-07-21T06:52:14,4251.08,merchant_demo_001
txn_cab72a1d98fc,acct_f0533d7768,2027-02-01T06:52:14,2160.38,merchant_demo_001
txn_e8a19281ffff,acct_f0533d7768,2026-05-13T06:52:14,608.48,merchant_demo_001
txn_bd1580a85fc5,acct_70123a6ded,2026-05-12T21:35:40,3979.19,merchant_demo_001
txn_93d6d82decc8,acct_09711c7a8c,2025-03-15T10:25:15,4117.44,merchant_demo_001
txn_ac050d16237a,acct_09711c7a8c,2025-03-27T10:25:15,4462.14,merchant_demo_001
txn_167d07726143,acct_cc5616dd94,2025-06-15T21:49:50,2541.73,merchant_demo_001
txn_d06006c4d1e9,acct_cc5616dd94,2025-06-03T21:49:50,676.18,merchant_demo_001
txn_a101a51471d6,acct_cc5616dd94,2025-05-26T21:49:50,3877.51,merchant_demo_001
txn_0da6c1d6642a,acct_cc5616dd94,2025-10-22T21:49:50,1057.52,merchant_demo_001
txn_661e9849a87f,acct_cc5616dd94,2026-02-06T21:49:50,1101.96,merchant_demo_001
txn_55e352dd6315,acct_710efef2e8,2026-11-03T23:16:24,2902.47,merchant_demo_001
txn_5b06fb0f1a1c,acct_710efef2e8,2025-12-04T23:16:24,4737.63,merchant_demo_001
txn_d776bdf04707,acct_710efef2e8,2026-08-10T23:16:24,873.61,merchant_demo_001
txn_0341e7b950e0,acct_710efef2e8,2026-11-11T23:16:24,2724.27,merchant_demo_001
txn_58f22032354c,acct_70d3f0fa8a,2026-06-13T15:19:48,3632.72,merchant_demo_001
txn_e48a8239a687,acct_70d3f0fa8a,2026-08-23T15:19:48,474.68,merchant_demo_001
txn_c7040cbaefa2,acct_70d3f0fa8a,2026-01-14T15:19:48,1936.89,merchant_demo_001
txn_cba9748e2fe7,acct_70d3f0fa8a,2026-03-21T15:19:48,3218.57,merchant_demo_001
txn_90f98c849879,acct_02c0a73ad2,2027-01-21T14:12:23,4590.9,merchant_demo_001
txn_7012a01c5448,acct_02c0a73ad2,2026-10-25T14:12:23,4389.71,merchant_demo_001
txn_e347344411f3,acct_02c0a73ad2,2027-01-17T14:12:23,708.75,merchant_demo_001
txn_ba3720080bc6,acct_5e7d5c12b4,2026-10-07T21:18:43,4590.27,merchant_demo_001
txn_e725e5c07d26,acct_5e7d5c12b4,2026-08-22T21:18:43,2862.88,merchant_demo_001
txn_57dc602b020b,acct_5e7d5c12b4,2026-04-27T21:18:43,612.94,merchant_demo_001
txn_486de9b7f422,acct_5e7d5c12b4,2026-07-06T21:18:43,770.58,merchant_demo_001
txn_cc81f32c9d30,acct_5e7d5c12b4,2027-02-13T21:18:43,1879.48,merchant_demo_001
txn_6c50d19d325f,acct_a45a8891ef,2026-09-23T13:33:17,4656.12,merchant_demo_001
txn_f8d0c6205338,acct_c46f6661e3,2026-03-21T13:55:04,4133.11,merchant_demo_001
txn_81510841c07c,acct_c46f6661e3,2026-02-24T13:55:04,433.35,merchant_demo_001
txn_084ae503192c,acct_c46f6661e3,2026-08-12T13:55:04,1494.28,merchant_demo_001
txn_676044e0bd1e,acct_17fcfc5d98,2026-02-23T05:45:45,1757.65,merchant_demo_001
txn_04d43d9572c8,acct_99433acb4f,2027-07-28T00:49:06,3470.07,merchant_demo_001
txn_923308dddd09,acct_99433acb4f,2027-07-24T00:49:06,3229.29,merchant_demo_001
txn_e4f238658029,acct_99433acb4f,2027-04-29T00:49:06,4394.99,merchant_demo_001
txn_be443cb9f8c0,acct_99433acb4f,2026-11-14T00:49:06,4760.71,merchant_demo_001
txn_b6cf21d6efe6,acct_99433acb4f,2027-08-06T00:49:06,2572.38,merchant_demo_001
txn_a5fe67504d55,acct_4d8e297513,2026-03-09T15:02:23,1313.64,merchant_demo_001
txn_f9e759110144,acct_7b810f6226,2025-04-20T02:17:34,1445.14,merchant_demo_001
txn_8dcf441b1db2,acct_664a7422e7,2025-12-15T01:47:27,366.18,merchant_demo_001
txn_2a336b3140a9,acct_664a7422e7,2025-12-15T02:29:27,1955.56,merchant_demo_001
txn_f939b2f27876,acct_65e3792b1e,2026-04-01T00:25:56,425.45,merchant_demo_001
txn_5300541aab21,acct_65e3792b1e,2026-01-26T00:25:56,4176.51,merchant_demo_001
txn_38225270da1d,acct_65e3792b1e,2026-01-14T00:25:56,2636.08,merchant_demo_001
txn_b9a996d7ad78,acct_65e3792b1e,2026-09-09T00:25:56,559.99,merchant_demo_001
txn_1834909262cf,acct_65e3792b1e,2026-06-29T00:25:56,3246.34,merchant_demo_001
txn_25dff65511d3,acct_e886cb4f17,2026-02-02T10:21:07,2317.5,merchant_demo_001
txn_9eaf8b4dd2e5,acct_e886cb4f17,2026-02-24T10:21:07,2553.14,merchant_demo_001
txn_25a3a5bd42c8,acct_e886cb4f17,2025-12-06T10:21:07,258.21,merchant_demo_001
txn_2132abb936c8,acct_e886cb4f17,2026-07-21T10:21:07,109.51,merchant_demo_001
txn_aad2c3cd9041,acct_5c7f52b439,2026-05-02T23:30:13,4660.41,merchant_demo_001
txn_e2f04ed477dd,acct_5c7f52b439,2026-02-22T23:30:13,1445.07,merchant_demo_001
txn_c50e73afec22,acct_5c7f52b439,2025-10-06T23:30:13,2460.94,merchant_demo_001
txn_48d35969aee3,acct_5c7f52b439,2026-03-29T23:30:13,2767.13,merchant_demo_001
txn_106c1c1e783b,acct_e57287a990,2026-02-08T18:40:39,4812.23,merchant_demo_001
txn_1b973feb30c3,acct_edbdb59189,2026-08-03T19:45:56,816.1,merchant_demo_001
txn_e4b33839f1fe,acct_edbdb59189,2027-03-08T19:45:56,3962.03,merchant_demo_001
txn_5a4abe8c539c,acct_edbdb59189,2027-06-16T19:45:56,558.4,merchant_demo_001
txn_ab6beb3929ea,acct_edbdb59189,2027-05-21T19:45:56,2659.22,merchant_demo_001
txn_899513fa0ab4,acct_edbdb59189,2027-04-27T19:45:56,3246.9,merchant_demo_001
txn_f1fd982d2ddd,acct_3b328b2754,2026-03-04T20:23:17,3523.55,merchant_demo_001
txn_2196c7bbbe79,acct_3b328b2754,2026-02-08T20:23:17,512.37,merchant_demo_001
txn_6fe3b42ccebb,acct_2b7a53a3d5,2026-04-24T02:29:00,4642.82,merchant_demo_001
txn_dcea2a3fac72,acct_2b7a53a3d5,2026-03-08T02:29:00,4905.72,merchant_demo_001
txn_16266a24b6fe,acct_2b7a53a3d5,2026-04-24T02:29:00,4889.94,merchant_demo_001
txn_ac2465860490,acct_9c34bf84ca,2025-05-23T06:14:54,2865.31,merchant_demo_001
txn_4f5cf51dd0c7,acct_e5c35b5e12,2026-03-16T21:25:43,2220.78,merchant_demo_001
txn_9c7d9ae0c4e6,acct_e5c35b5e12,2026-06-23T21:25:43,3692.42,merchant_demo_001
txn_94b0f5d39e31,acct_e5c35b5e12,2026-05-24T21:25:43,1049.72,merchant_demo_001
txn_71f39a07251b,acct_e5c35b5e12,2025-12-10T21:25:43,841.17,merchant_demo_001
txn_d5c2521e408a,acct_c7ef15f4a4,2025-12-18T13:42:23,4355.44,merchant_demo_001
txn_aea207c7b706,acct_28f8b5d72d,2026-02-02T03:25:45,4330.95,merchant_demo_001
txn_24ac0c4aed71,acct_28f8b5d72d,2026-02-02T03:28:45,4849.75,merchant_demo_001
txn_f3c54a3bd779,acct_28f8b5d72d,2026-02-02T04:20:45,1076.53,merchant_demo_001
txn_9b33937fa22d,acct_92149df328,2025-06-30T10:33:07,1814.86,merchant_demo_001
txn_b164a8b34b3a,acct_92149df328,2025-11-23T10:33:07,381.52,merchant_demo_001
txn_72f7c380b9b3,acct_38e75b391f,2026-02-15T16:01:19,1669.39,merchant_demo_001
txn_57c0cf12c84a,acct_38e75b391f,2026-07-10T16:01:19,792.26,merchant_demo_001
txn_26c133dfe305,acct_38e75b391f,2026-01-19T16:01:19,1272.22,merchant_demo_001
txn_bb7eb1eef4d3,acct_9cdc047869,2026-05-01T09:34:13,2913.59,merchant_demo_001
txn_d580f830fa00,acct_9cdc047869,2026-10-25T09:34:13,3863.8,merchant_demo_001
txn_f896f805f8d4,acct_d380279363,2026-02-18T11:57:57,1447.33,merchant_demo_001
txn_19b36a767ce9,acct_d380279363,2026-06-13T11:57:57,2030.89,merchant_demo_001
txn_b7c75cb764a4,acct_d380279363,2026-02-07T11:57:57,516.61,merchant_demo_001
txn_ba2db9138304,acct_d380279363,2026-12-29T11:57:57,3516.98,merchant_demo_001
txn_bb26551f03b5,acct_d380279363,2026-05-17T11:57:57,2819.81,merchant_demo_001
txn_863115152e2b,acct_6383ad092e,2027-06-21T18:19:55,1684.74,merchant_demo_001
txn_37c0cab72f6d,acct_a0c8f09fe1,2027-01-02T18:54:17,2167.4,merchant_demo_001
txn_6dd5630d528d,acct_a0c8f09fe1,2027-02-02T18:54:17,3043.52,merchant_demo_001
txn_820c6e1409d6,acct_a0c8f09fe1,2026-09-13T18:54:17,71.29,merchant_demo_001
txn_2f087d36b834,acct_7131d5c8e1,2025-03-03T11:40:54,800.54,merchant_demo_001
txn_8d57b337e634,acct_7131d5c8e1,2025-11-18T11:40:54,1737.81,merchant_demo_001
txn_5299308c1e40,acct_15c7b5210e,2027-01-13T07:07:51,934.91,merchant_demo_001
txn_ab206e03bb03,acct_15c7b5210e,2027-06-12T07:07:51,1952.03,merchant_demo_001
txn_036144d61e89,acct_300fe35aec,2026-06-27T20:23:54,4065.04,merchant_demo_001
txn_55b0f5646431,acct_300fe35aec,2026-01-05T20:23:54,1312.48,merchant_demo_001
txn_15ad3c31d3af,acct_300fe35aec,2025-10-19T20:23:54,3207.96,merchant_demo_001
txn_3bcfcf32235d,acct_300fe35aec,2026-09-27T20:23:54,3565.1,merchant_demo_001
txn_a68928148150,acct_300fe35aec,2025-12-07T20:23:54,1633.68,merchant_demo_001
txn_668e9b601963,acct_5a66d0811c,2026-10-30T05:03:06,4719.77,merchant_demo_001
txn_bfb0b0e6beb8,acct_5a66d0811c,2026-11-28T05:03:06,577.15,merchant_demo_001
txn_9ccff542cd6c,acct_5a66d0811c,2026-08-24T05:03:06,71.87,merchant_demo_001
txn_53037d764330,acct_5a66d0811c,2027-01-27T05:03:06,2362.22,merchant_demo_001
txn_5c28d23321a4,acct_5a66d0811c,2026-07-30T05:03:06,4709.82,merchant_demo_001
txn_22b9f95a09b1,acct_59697a5ba1,2026-04-29T18:42:02,4584.68,merchant_demo_001
txn_0d98c9978d2c,acct_dd13f11deb,2026-07-14T07:35:24,4435.71,merchant_demo_001
txn_bf412698ded0,acct_dd13f11deb,2026-05-15T07:35:24,3212.6,merchant_demo_001
txn_380578bd9af5,acct_dd13f11deb,2027-06-06T07:35:24,4151.82,merchant_demo_001
txn_e125e2ea4b85,acct_dd13f11deb,2027-02-19T07:35:24,4331.89,merchant_demo_001
txn_356db6a1172d,acct_e52f3ed24e,2027-01-01T18:01:49,3977.12,merchant_demo_001
txn_9ece67a27ea9,acct_e52f3ed24e,2026-12-25T18:01:49,2306.61,merchant_demo_001
txn_841ee349a88f,acct_fa2e120c12,2026-06-30T02:23:50,4400.16,merchant_demo_001
txn_7c88a615a547,acct_cc7456fc33,2026-07-06T20:57:21,744.03,merchant_demo_001
txn_08f1a84acafd,acct_cc7456fc33,2026-04-13T20:57:21,3481.81,merchant_demo_001
txn_c8cd439eae90,acct_cc7456fc33,2026-10-11T20:57:21,3279.74,merchant_demo_001
txn_866b08e8c0f8,acct_cc7456fc33,2026-08-25T20:57:21,1032.18,merchant_demo_001
txn_1aef63a9b20b,acct_cc7456fc33,2027-03-13T20:57:21,3032.57,merchant_demo_001
txn_2263227e4ac4,acct_7219287b42,2025-12-08T16:27:18,4541.63,merchant_demo_001
txn_9bb9ed4bd54a,acct_67855dedf8,2025-11-08T02:26:28,287.85,merchant_demo_001
txn_392df7242e59,acct_67855dedf8,2025-12-13T02:26:28,3595.82,merchant_demo_001
txn_c21c98634485,acct_04e13b736e,2026-08-16T04:35:49,1007.64,merchant_demo_001
txn_3a257c6eada7,acct_04e13b736e,2027-05-16T04:35:49,1486.82,merchant_demo_001
txn_9a5a7ec4b0de,acct_04e13b736e,2026-09-23T04:35:49,4447.82,merchant_demo_001
txn_151391a41480,acct_b7fdee9916,2026-11-06T15:46:46,3707.35,merchant_demo_001
txn_4165a6ce1490,acct_55180e2a97,2026-10-05T03:16:46,3327.96,merchant_demo_001
txn_e4bcd77f940b,acct_55180e2a97,2026-06-13T03:16:46,514.98,merchant_demo_001
txn_80c20f95213e,acct_55180e2a97,2026-08-28T03:16:46,4179.38,merchant_demo_001
txn_3932a1547c3c,acct_55180e2a97,2026-10-15T03:16:46,4521.29,merchant_demo_001
txn_b75861e040dc,acct_e5372c01c7,2026-03-29T10:09:39,2919.14,merchant_demo_001
txn_7bda04f78dbc,acct_4606dc2642,2026-01-18T21:37:55,1912.18,merchant_demo_001
txn_ee9cabf4f73f,acct_4606dc2642,2026-11-22T21:37:55,3069.07,merchant_demo_001
txn_5b971b6743e5,acct_4606dc2642,2026-05-22T21:37:55,3870.81,merchant_demo_001
txn_231f5442b9d8,acct_4606dc2642,2026-06-18T21:37:55,3859.84,merchant_demo_001
txn_2c86df0a68bb,acct_0883598c04,2026-04-23T02:14:41,251.43,merchant_demo_001
txn_d51332613948,acct_0883598c04,2026-10-01T02:14:41,3630.98,merchant_demo_001
txn_7eefda2dbce9,acct_0883598c04,2026-06-04T02:14:41,2643.88,merchant_demo_001
txn_e88965b88730,acct_0883598c04,2026-03-23T02:14:41,1014.12,merchant_demo_001
txn_f12321260f94,acct_f3b893d836,2025-09-05T12:07:26,136.45,merchant_demo_001
txn_3952636379e4,acct_f3b893d836,2026-08-28T12:07:26,1864.9,merchant_demo_001
txn_d1cd472413d4,acct_f3b893d836,2025-11-18T12:07:26,4684.04,merchant_demo_001
txn_328fd17ac677,acct_c5f4c516c3,2026-05-30T20:10:05,4932.75,merchant_demo_001
txn_a68bb4bb7abf,acct_c5f4c516c3,2026-10-01T20:10:05,3426.65,merchant_demo_001
txn_0f0212186c26,acct_c5f4c516c3,2026-09-23T20:10:05,1021.57,merchant_demo_001
txn_0a067e749576,acct_96057ea3a1,2026-01-16T23:25:48,1041.44,merchant_demo_001
txn_ddd79f9447a3,acct_96057ea3a1,2026-02-21T23:25:48,952.38,merchant_demo_001
txn_238e1dcd54c7,acct_96057ea3a1,2025-04-17T23:25:48,2918.3,merchant_demo_001
txn_f2ef15946cb6,acct_96057ea3a1,2026-03-27T23:25:48,1328.94,merchant_demo_001
txn_ef166961c8e3,acct_c607ce3e36,2027-03-08T12:46:30,115.76,merchant_demo_001
txn_234aa2199a9a,acct_c607ce3e36,2026-03-23T12:46:30,1841.14,merchant_demo_001
txn_abb7d46838b1,acct_c607ce3e36,2026-08-05T12:46:30,2417.29,merchant_demo_001
txn_e22f862314f7,acct_c607ce3e36,2026-07-15T12:46:30,2135.6,merchant_demo_001
txn_00c17905219a,acct_c607ce3e36,2027-04-07T12:46:30,614.39,merchant_demo_001
txn_88f37a593d5c,acct_93c040bef0,2025-06-14T13:13:47,2954.38,merchant_demo_001
txn_f378ce566eda,acct_93c040bef0,2025-06-14T10:51:47,4543.97,merchant_demo_001
txn_7cdfbf16e4a1,acct_646e2efd70,2025-11-23T22:26:15,3738.85,merchant_demo_001
txn_2ef51ce7f8c6,acct_646e2efd70,2025-12-23T22:26:15,267.09,merchant_demo_001
txn_956f3774e69a,acct_646e2efd70,2026-05-26T22:26:15,3558.75,merchant_demo_001
txn_6750a4b50f7f,acct_96680d716c,2025-12-20T07:31:30,94.12,merchant_demo_001
txn_cb43a7fc1d32,acct_96680d716c,2026-02-02T07:31:30,211.85,merchant_demo_001
txn_97713d9f6652,acct_9746c8f281,2025-11-07T00:43:29,2824.6,merchant_demo_001
txn_a5d0e3ba7432,acct_9746c8f281,2026-05-15T00:43:29,1084.23,merchant_demo_001
txn_11575678339b,acct_9746c8f281,2025-09-23T00:43:29,4231.24,merchant_demo_001
txn_865f0ca018b7,acct_9746c8f281,2025-11-01T00:43:29,3009.47,merchant_demo_001
txn_59ee09cf08af,acct_66c086bf8a,2025-12-22T01:02:17,1142.25,merchant_demo_001
txn_4e312569eb67,acct_66c086bf8a,2026-02-03T01:02:17,2562.62,merchant_demo_001
txn_bc1a1565f1e7,acct_66c086bf8a,2026-09-09T01:02:17,1074.73,merchant_demo_001
txn_4227e25d8ed0,acct_66c086bf8a,2026-05-18T01:02:17,4477.43,merchant_demo_001
txn_49cce931a650,acct_66c086bf8a,2026-07-13T01:02:17,975.11,merchant_demo_001
txn_bd07edd97bfe,acct_e6cf2edddb,2026-08-15T22:39:29,2044.45,merchant_demo_001
txn_b53832ce1301,acct_e6cf2edddb,2026-08-14T22:39:29,501.88,merchant_demo_001
txn_9583b4b9a524,acct_e6cf2edddb,2026-03-05T22:39:29,1952.8,merchant_demo_001
txn_76ba87e79905,acct_8f82009182,2025-12-12T16:32:42,4925.51,merchant_demo_001
txn_c3c333bfd47d,acct_8f82009182,2025-11-29T16:32:42,4272.67,merchant_demo_001
txn_17f694372754,acct_8f82009182,2026-04-27T16:32:42,4167.18,merchant_demo_001
txn_135fec235f21,acct_8f82009182,2025-08-02T16:32:42,163.58,merchant_demo_001
txn_cb01ff7eb13d,acct_8f82009182,2025-08-29T16:32:42,503.52,merchant_demo_001
txn_de11c03f5efc,acct_321a58ac6f,2026-11-27T13:46:23,736.61,merchant_demo_001
txn_5c1a4ba2319c,acct_321a58ac6f,2026-11-09T13:46:23,2067.96,merchant_demo_001
txn_a230d45f5241,acct_321a58ac6f,2026-06-12T13:46:23,773.95,merchant_demo_001
txn_255f762d0ae3,acct_321a58ac6f,2026-08-30T13:46:23,752.84,merchant_demo_001
txn_a40868af82e1,acct_92e8858858,2026-02-21T08:02:19,1698.71,merchant_demo_001
txn_2bf784e6ff17,acct_92e8858858,2026-03-21T08:02:19,4513.13,merchant_demo_001
txn_f153e2a4941d,acct_92e8858858,2026-05-25T08:02:19,2515.4,merchant_demo_001
txn_8ac2f709c97d,acct_92e8858858,2025-07-26T08:02:19,1485.99,merchant_demo_001
txn_47a2817a8849,acct_2ca24189ab,2026-03-18T21:40:52,3461.57,merchant_demo_001
txn_757de2738c60,acct_52dc6621ca,2025-03-17T12:00:32,2753.22,merchant_demo_001
txn_f242b763225d,acct_52dc6621ca,2026-02-10T12:00:32,295.67,merchant_demo_001
txn_62af61a1f02f,acct_5996c86360,2026-11-01T13:25:51,3744.1,merchant_demo_001
txn_9e6608d6bc69,acct_5996c86360,2025-12-03T13:25:51,1632.17,merchant_demo_001
txn_40ee5f0cdb25,acct_5996c86360,2026-09-22T13:25:51,169.23,merchant_demo_001
txn_7775dd1e71f8,acct_c91167fd51,2025-06-02T12:38:37,1081.93,merchant_demo_001
txn_b2f9f474abd7,acct_c91167fd51,2025-03-24T12:38:37,2502.76,merchant_demo_001
txn_4d7fa0b148a8,acct_c91167fd51,2025-03-09T12:38:37,2033.19,merchant_demo_001
txn_bdf60af342f3,acct_6c0cb029d6,2026-08-13T08:53:16,332.25,merchant_demo_001
txn_b8196a418312,acct_6c0cb029d6,2026-07-01T08:53:16,3495.57,merchant_demo_001
txn_2f1bf2739a95,acct_9311146304,2026-04-21T18:31:53,1635.33,merchant_demo_001
txn_da3e071c5a05,acct_9311146304,2026-07-25T18:31:53,4232.83,merchant_demo_001
txn_bdecd756d46a,acct_0dae921cef,2026-04-21T00:15:26,3011.45,merchant_demo_001
txn_28b5fa001d18,acct_dc24e5420d,2025-04-23T22:49:22,492.58,merchant_demo_001
txn_e7ad76d22fe8,acct_dc24e5420d,2025-05-16T22:49:22,331.48,merchant_demo_001
txn_8af940dae27b,acct_061f67d9d1,2026-07-23T00:06:08,309.46,merchant_demo_001
txn_8ea59ce9ed98,acct_51baee1713,2026-06-19T21:51:54,1212.24,merchant_demo_001
txn_5ceba8dffa1d,acct_51baee1713,2026-06-01T21:51:54,2244.67,merchant_demo_001
txn_6aea246c9fe5,acct_51baee1713,2025-10-19T21:51:54,3649.24,merchant_demo_001
txn_914cec7df456,acct_51baee1713,2026-01-27T21:51:54,4275.36,merchant_demo_001
txn_aef81f62a2d8,acct_51baee1713,2026-05-21T21:51:54,4837.52,merchant_demo_001
txn_b0aead9ac837,acct_b2eb41f0ba,2026-11-14T18:21:45,3236.3,merchant_demo_001
txn_c1cf25eb6fdd,acct_b2eb41f0ba,2026-06-16T18:21:45,1712.82,merchant_demo_001
txn_ca284175aaaf,acct_e8f886b4f0,2025-03-15T02:06:47,1708.76,merchant_demo_001
txn_c6ee0108484a,acct_e8f886b4f0,2025-12-14T02:06:47,3792.19,merchant_demo_001
txn_05e8e51e83b9,acct_e8f886b4f0,2025-12-26T02:06:47,3430.57,merchant_demo_001
txn_cd97526993a1,acct_6cd4e2f410,2026-07-03T02:32:25,1189.07,merchant_demo_001
txn_47b2c5cec020,acct_6cd4e2f410,2025-11-01T02:32:25,3546.07,merchant_demo_001
txn_a240c6e1183d,acct_6cd4e2f410,2026-05-10T02:32:25,2245.23,merchant_demo_001
txn_e3dcb59dc956,acct_6cd4e2f410,2026-01-23T02:32:25,488.18,merchant_demo_001
txn_4b5359fd79dc,acct_6cd4e2f410,2026-07-19T02:32:25,2116.55,merchant_demo_001
txn_6b2ddb2371c3,acct_9f01af373a,2025-12-06T03:53:13,4585.14,merchant_demo_001
txn_46942094acb7,acct_9f01af373a,2025-03-20T03:53:13,2583.63,merchant_demo_001
txn_0b6b9da121dc,acct_35940a8381,2026-03-09T08:56:57,4925.97,merchant_demo_001
txn_abba7c40739e,acct_4ceb38a213,2025-11-03T12:42:07,380.56,merchant_demo_001
txn_e8f745a1a959,acct_4ceb38a213,2026-03-06T12:42:07,2881.79,merchant_demo_001
txn_64adcd721a23,acct_4ceb38a213,2026-03-16T12:42:07,2321.38,merchant_demo_001
txn_b6e0bed6664f,acct_4ceb38a213,2026-02-02T12:42:07,4907.89,merchant_demo_001
txn_ca5b9170aea0,acct_446cce8f11,2025-03-22T06:37:28,4365.48,merchant_demo_001
txn_3a6f25f34e58,acct_446cce8f11,2025-03-22T07:33:28,414.57,merchant_demo_001
txn_6ef5934f9a50,acct_39f631b30a,2025-04-01T10:32:38,4898.42,merchant_demo_001
txn_a89e892210fb,acct_b783253e02,2025-10-21T19:51:58,3388.0,merchant_demo_001
txn_ceabfd2baf60,acct_b783253e02,2026-07-19T19:51:58,1260.31,merchant_demo_001
txn_392252e66431,acct_b783253e02,2026-05-14T19:51:58,2191.62,merchant_demo_001
txn_d9f0c9ea1234,acct_b783253e02,2025-10-16T19:51:58,3043.07,merchant_demo_001
txn_98d819043df9,acct_b783253e02,2026-05-17T19:51:58,2544.0,merchant_demo_001
txn_a4d45893a223,acct_fa30ee99c5,2025-04-30T05:39:53,2810.61,merchant_demo_001
txn_9e39dd6ead47,acct_fa30ee99c5,2025-05-15T05:39:53,3747.63,merchant_demo_001
txn_4cd56e93e2cd,acct_b8716d6737,2026-09-05T17:07:55,2139.84,merchant_demo_001
txn_225ff0308906,acct_b8716d6737,2026-01-26T17:07:55,2398.14,merchant_demo_001
txn_2d43332cb01a,acct_a79f8b1361,2027-04-28T22:20:51,4324.4,merchant_demo_001
txn_426e47893b33,acct_a79f8b1361,2027-03-15T22:20:51,192.47,merchant_demo_001
txn_bbbf8006ee98,acct_a79f8b1361,2027-04-25T22:20:51,564.04,merchant_demo_001
txn_a7162f43cdf1,acct_a79f8b1361,2026-12-22T22:20:51,2164.35,merchant_demo_001
txn_5b6411587b67,acct_a4e05bee8b,2026-08-14T05:17:58,2501.44,merchant_demo_001
txn_4626af8f8ee7,acct_d14f35a8b4,2025-09-13T11:26:59,3308.1,merchant_demo_001
txn_765a8f6b78d1,acct_d14f35a8b4,2026-04-14T11:26:59,4061.93,merchant_demo_001
txn_71fb626b1e7a,acct_d14f35a8b4,2025-10-29T11:26:59,2075.38,merchant_demo_001
txn_fd43d29861aa,acct_d14f35a8b4,2025-11-08T11:26:59,2190.59,merchant_demo_001
txn_096c477db7c0,acct_cd64a3e7cf,2026-02-20T02:55:26,3350.5,merchant_demo_001
txn_a4394328f37b,acct_cd64a3e7cf,2025-03-29T02:55:26,484.52,merchant_demo_001
txn_2116eafc6f8e,acct_cd64a3e7cf,2026-02-15T02:55:26,2012.74,merchant_demo_001
txn_16f0159517ea,acct_cd64a3e7cf,2026-04-18T02:55:26,3922.47,merchant_demo_001
txn_ac07c82081fb,acct_cd64a3e7cf,2025-06-07T02:55:26,2326.46,merchant_demo_001
txn_300ee66582b0,acct_601ebb0af8,2025-11-27T02:48:46,2981.02,merchant_demo_001
txn_4a7122bccbd5,acct_601ebb0af8,2025-12-03T02:48:46,2154.32,merchant_demo_001
txn_8296dd97fb08,acct_601ebb0af8,2026-04-10T02:48:46,2247.07,merchant_demo_001
txn_139fb1366522,acct_601ebb0af8,2026-08-19T02:48:46,2598.65,merchant_demo_001
txn_33a9f980a6a6,acct_5ccc0c4489,2027-06-06T11:32:59,3454.54,merchant_demo_001
txn_c8fea5952848,acct_5ccc0c4489,2027-01-28T11:32:59,3235.73,merchant_demo_001
txn_55a058eb21b4,acct_5ccc0c4489,2026-07-26T11:32:59,4750.53,merchant_demo_001
txn_0ab9435eab00,acct_5ccc0c4489,2026-11-26T11:32:59,886.59,merchant_demo_001
txn_ac19415f146d,acct_5ccc0c4489,2027-03-21T11:32:59,4588.04,merchant_demo_001
txn_d1f51c0d9caf,acct_92398a7258,2026-09-19T10:45:24,4465.35,merchant_demo_001
txn_47722e5adc43,acct_92398a7258,2026-07-10T10:45:24,4838.91,merchant_demo_001
txn_afb9a9bec27d,acct_92398a7258,2025-10-08T10:45:24,2345.81,merchant_demo_001
txn_29af600ff125,acct_92398a7258,2026-08-01T10:45:24,2939.47,merchant_demo_001
txn_727ddc776f9d,acct_92398a7258,2026-03-19T10:45:24,2849.72,merchant_demo_001
txn_4e7a2873c4d1,acct_685dd3d6f9,2026-04-15T08:43:18,1651.12,merchant_demo_001
txn_9f40ab7d3867,acct_a12275b44a,2026-06-24T20:34:21,2427.35,merchant_demo_001
txn_577ec9145eed,acct_a12275b44a,2026-01-08T20:34:21,2197.48,merchant_demo_001
txn_c175c83a0d5c,acct_a12275b44a,2026-08-27T20:34:21,4187.93,merchant_demo_001
txn_21c9b5644419,acct_a12275b44a,2026-05-05T20:34:21,1517.11,merchant_demo_001
txn_1e362f7b1e4c,acct_a12275b44a,2026-07-31T20:34:21,4201.09,merchant_demo_001
txn_af7854eee0ca,acct_e3b081a564,2027-01-19T23:00:28,4799.98,merchant_demo_001
txn_edfbf5895a3b,acct_e3b081a564,2027-04-12T23:00:28,171.95,merchant_demo_001
txn_418a7a41f810,acct_e3b081a564,2026-07-29T23:00:28,4625.17,merchant_demo_001
txn_909035825075,acct_e3b081a564,2027-07-12T23:00:28,4708.89,merchant_demo_001
txn_8f5678e58928,acct_e3b081a564,2026-12-09T23:00:28,667.75,merchant_demo_001
txn_f982581a39f2,acct_9de3f0c20e,2026-04-01T05:31:39,4465.11,merchant_demo_001
txn_a57e4bda5036,acct_9de3f0c20e,2027-03-11T05:31:39,1968.28,merchant_demo_001
txn_3e32859da0da,acct_9de3f0c20e,2026-10-10T05:31:39,2779.61,merchant_demo_001
txn_aa66cd967fbc,acct_9de3f0c20e,2026-05-12T05:31:39,2879.7,merchant_demo_001
txn_926443a4f4f7,acct_8fb38f6b64,2026-04-28T08:53:53,4788.47,merchant_demo_001
txn_fb6a1539e013,acct_8fb38f6b64,2025-12-27T08:53:53,4343.64,merchant_demo_001
txn_5a1083b30d50,acct_f23b00c7ce,2026-05-17T00:59:23,2695.2,merchant_demo_001
txn_9a49a26687f1,acct_f23b00c7ce,2026-11-11T00:59:23,447.38,merchant_demo_001
txn_247d690b56cf,acct_f23b00c7ce,2026-05-28T00:59:23,4215.49,merchant_demo_001
txn_1db58dfe16e1,acct_24614fc223,2026-07-16T14:34:02,2171.23,merchant_demo_001
txn_2c946e73333e,acct_24614fc223,2025-11-17T14:34:02,4371.54,merchant_demo_001
txn_2354dd1ee62e,acct_24614fc223,2026-04-22T14:34:02,3880.65,merchant_demo_001
txn_1a85fc6abd35,acct_14c2fcb724,2027-03-07T17:52:52,3037.17,merchant_demo_001
txn_46e88f8144d9,acct_0addd8e9fc,2026-01-08T09:17:48,2992.11,merchant_demo_001
txn_7c62a03e2c29,acct_0addd8e9fc,2026-07-15T09:17:48,945.69,merchant_demo_001
txn_cc4386670957,acct_0addd8e9fc,2026-04-08T09:17:48,2827.83,merchant_demo_001
txn_b849e9edc01e,acct_74ed054242,2026-03-27T19:25:24,3215.29,merchant_demo_001
txn_15e2404a8b37,acct_74ed054242,2025-10-25T19:25:24,3150.97,merchant_demo_001
txn_5e56f332b074,acct_74ed054242,2026-08-24T19:25:24,132.47,merchant_demo_001
txn_7ef9b6400a1c,acct_74ed054242,2025-12-11T19:25:24,2968.77,merchant_demo_001
txn_c5cb509bd1f5,acct_6268d2f6a5,2025-10-15T20:57:16,553.29,merchant_demo_001
txn_2eddef8ad0cb,acct_bca868ac72,2025-08-19T21:40:43,3186.42,merchant_demo_001
txn_04445521fd92,acct_bca868ac72,2025-03-30T21:40:43,3236.54,merchant_demo_001
txn_fea5aaa36098,acct_8377953ac0,2026-11-19T23:13:51,228.84,merchant_demo_001
txn_52e8c14a6dce,acct_8377953ac0,2026-05-23T23:13:51,896.03,merchant_demo_001
txn_492a603efbc4,acct_8377953ac0,2027-01-24T23:13:51,4846.74,merchant_demo_001
txn_2dfe3cd90ec7,acct_8377953ac0,2026-07-27T23:13:51,3324.76,merchant_demo_001
txn_53f4c2efa14f,acct_00ff6579e8,2025-08-09T20:17:29,788.71,merchant_demo_001
txn_fd5cf91f2b7c,acct_00ff6579e8,2025-05-17T20:17:29,852.15,merchant_demo_001
txn_7d6b5b270f79,acct_00ff6579e8,2025-05-21T20:17:29,2069.97,merchant_demo_001
txn_d5209563e098,acct_00ff6579e8,2025-06-01T20:17:29,4113.16,merchant_demo_001
txn_d6c1bdd0b6b2,acct_00ff6579e8,2026-01-04T20:17:29,2825.93,merchant_demo_001
txn_c6348f4df867,acct_6825b0b494,2025-07-24T23:35:09,4437.86,merchant_demo_001
txn_9dbc1659cb0b,acct_6825b0b494,2025-05-05T23:35:09,3923.17,merchant_demo_001
txn_f67a1a46710d,acct_6825b0b494,2026-01-09T23:35:09,3212.75,merchant_demo_001
txn_c6ab2e1734ac,acct_6825b0b494,2025-05-09T23:35:09,4705.08,merchant_demo_001
txn_dcc7b9562c4e,acct_68d8358fcd,2026-06-17T22:24:52,4528.26,merchant_demo_001
txn_7f29869c8c49,acct_68d8358fcd,2027-02-17T22:24:52,3567.4,merchant_demo_001
txn_ffbc303327fd,acct_68d8358fcd,2026-05-31T22:24:52,1334.83,merchant_demo_001
txn_2f3cf8e02e4e,acct_9862c45d08,2025-10-11T11:24:05,1849.23,merchant_demo_001
txn_031a993177ae,acct_9862c45d08,2025-10-20T11:24:05,4728.69,merchant_demo_001
txn_e86aaa37e44a,acct_9862c45d08,2026-03-05T11:24:05,3193.53,merchant_demo_001
txn_eab04e9cf006,acct_9862c45d08,2025-03-06T11:24:05,3501.57,merchant_demo_001
txn_818bf5505c43,acct_9862c45d08,2025-08-08T11:24:05,2499.35,merchant_demo_001
txn_2fd0ba459a54,acct_e2769bd5d9,2026-09-05T04:04:43,3825.07,merchant_demo_001
txn_44cfaa0f9e8a,acct_e8133ac625,2026-08-07T15:11:41,4732.88,merchant_demo_001
txn_bb25a6070996,acct_e8133ac625,2026-11-20T15:11:41,1869.02,merchant_demo_001
txn_49b9f994a2c6,acct_e8133ac625,2026-08-15T15:11:41,3407.53,merchant_demo_001
txn_11eb76502f7a,acct_eaaf2c0d8c,2026-11-07T22:09:56,296.01,merchant_demo_001
txn_6b21e0fde72f,acct_eaaf2c0d8c,2027-01-10T22:09:56,2736.61,merchant_demo_001
txn_10f37d2384e0,acct_eaaf2c0d8c,2027-03-09T22:09:56,3955.48,merchant_demo_001
txn_c7b790c641ab,acct_eaaf2c0d8c,2027-01-01T22:09:56,3247.41,merchant_demo_001
txn_1314519621f9,acct_904ad62ef0,2026-04-16T07:35:55,1133.41,merchant_demo_001
txn_ec324704a7a7,acct_904ad62ef0,2026-03-26T07:35:55,3636.54,merchant_demo_001
txn_0f71be88e56e,acct_904ad62ef0,2026-02-28T07:35:55,1935.05,merchant_demo_001
txn_2ab7e16705dd,acct_aa8565453d,2026-01-25T20:18:59,4877.16,merchant_demo_001
txn_2a6752b833a2,acct_aa8565453d,2026-03-24T20:18:59,4122.47,merchant_demo_001
txn_51b52e79a0a6,acct_aa8565453d,2025-10-17T20:18:59,4641.02,merchant_demo_001
txn_ba6f0b4d6031,acct_aa8565453d,2026-01-07T20:18:59,1033.2,merchant_demo_001
txn_d809d1eba48c,acct_5569b57177,2026-06-12T18:20:15,1031.58,merchant_demo_001
txn_fb600ca4b719,acct_5569b57177,2026-02-24T18:20:15,2829.74,merchant_demo_001
txn_7954d48d8613,acct_5569b57177,2026-01-21T18:20:15,3323.68,merchant_demo_001
txn_85c18d9c73b3,acct_25c79a7f6a,2025-08-22T11:22:52,2757.81,merchant_demo_001
txn_1f32e5a26363,acct_25c79a7f6a,2025-08-22T10:24:52,3168.41,merchant_demo_001
txn_36eaaa732d8c,acct_800903e05a,2026-03-08T09:13:55,1118.38,merchant_demo_001
txn_55f940883ee4,acct_800903e05a,2026-03-08T08:47:55,4157.86,merchant_demo_001
txn_29bc5ac31b20,acct_25e1a6f67c,2025-09-22T17:50:03,1239.67,merchant_demo_001
txn_f39e25a790be,acct_25e1a6f67c,2025-04-30T17:50:03,4310.35,merchant_demo_001
txn_853e597dc07f,acct_25e1a6f67c,2025-12-06T17:50:03,2390.17,merchant_demo_001
txn_53d446092e32,acct_25e1a6f67c,2026-01-08T17:50:03,2381.45,merchant_demo_001
txn_b58d9cf7d7af,acct_25e1a6f67c,2025-12-31T17:50:03,4510.41,merchant_demo_001
txn_f823766ece81,acct_95bf83dbf8,2025-09-25T12:34:16,837.39,merchant_demo_001
txn_b4c18e200b70,acct_95bf83dbf8,2026-04-22T12:34:16,2072.14,merchant_demo_001
txn_25747096e4c6,acct_95bf83dbf8,2026-04-01T12:34:16,2826.22,merchant_demo_001
txn_51b180b9fe12,acct_826522d098,2026-11-29T00:07:13,1257.08,merchant_demo_001
txn_05a67b632a58,acct_826522d098,2027-07-07T00:07:13,2181.59,merchant_demo_001
txn_83f055edd22c,acct_826522d098,2027-04-30T00:07:13,3468.02,merchant_demo_001
txn_14bbc9f36b75,acct_ac0829d6dd,2026-04-30T22:16:08,1812.35,merchant_demo_001
txn_45015219bdc7,acct_ac0829d6dd,2027-05-09T22:16:08,3634.1,merchant_demo_001
txn_be46a31b8885,acct_ac0829d6dd,2026-09-17T22:16:08,1629.68,merchant_demo_001
txn_d9f0952d1bdc,acct_ac0829d6dd,2026-05-14T22:16:08,1837.83,merchant_demo_001
txn_51d7332e3d3d,acct_ac0829d6dd,2027-04-18T22:16:08,207.81,merchant_demo_001
txn_485ff4723c61,acct_c8e566814d,2026-01-21T01:37:03,1382.24,merchant_demo_001
txn_1d8218e7e4b0,acct_c8e566814d,2025-12-17T01:37:03,867.67,merchant_demo_001
txn_51cf6a4b17a4,acct_d0cf22e217,2026-08-25T11:12:31,2316.53,merchant_demo_001
txn_70acc507f6ac,acct_2437da32ac,2026-07-07T12:12:41,4592.94,merchant_demo_001
txn_c82454e67985,acct_2437da32ac,2027-05-03T12:12:41,3037.37,merchant_demo_001
txn_a3fdf7f75a73,acct_2437da32ac,2026-07-19T12:12:41,2857.37,merchant_demo_001
txn_0de38b4fc94d,acct_2a5ce7a43c,2025-11-27T18:28:17,1175.02,merchant_demo_001
txn_ddae30e5ea8a,acct_2a5ce7a43c,2026-04-26T18:28:17,2475.61,merchant_demo_001
txn_9400b45570be,acct_2a5ce7a43c,2025-06-24T18:28:17,4230.45,merchant_demo_001
txn_9b367c7cefac,acct_2a5ce7a43c,2026-02-09T18:28:17,1607.92,merchant_demo_001
txn_94d06976307b,acct_550610dc12,2027-01-23T22:30:32,3162.98,merchant_demo_001
txn_df6c21448a11,acct_550610dc12,2027-02-02T22:30:32,73.7,merchant_demo_001
txn_8280579ba4d3,acct_550610dc12,2026-11-30T22:30:32,4630.61,merchant_demo_001
txn_e85394989297,acct_7eda2e16b2,2026-05-03T16:58:24,731.65,merchant_demo_001
txn_71b2e8d9aae9,acct_a08ad3fe0d,2025-09-08T06:29:13,594.2,merchant_demo_001
txn_89fda0cd74e8,acct_a08ad3fe0d,2025-04-01T06:29:13,3399.09,merchant_demo_001
txn_85adc4d69d44,acct_a08ad3fe0d,2026-02-28T06:29:13,3501.15,merchant_demo_001
txn_56f135c8c279,acct_a08ad3fe0d,2025-03-15T06:29:13,1534.49,merchant_demo_001
txn_75e3854a28b4,acct_a08ad3fe0d,2025-09-04T06:29:13,164.64,merchant_demo_001
txn_806dcf655b16,acct_8b76368219,2026-12-18T03:48:51,516.36,merchant_demo_001
txn_a89fc674b8c7,acct_8b76368219,2026-06-21T03:48:51,1749.92,merchant_demo_001
txn_dbe4b9fa8945,acct_16ed983d30,2026-08-21T20:33:20,4548.84,merchant_demo_001
txn_ab8bbdd8e69b,acct_e2105ec26b,2026-09-13T06:00:23,3870.3,merchant_demo_001
txn_3f2cc0726339,acct_e2105ec26b,2027-04-17T06:00:23,3378.06,merchant_demo_001
txn_ad59ba1c6806,acct_e2105ec26b,2026-08-28T06:00:23,4130.6,merchant_demo_001
txn_9883214d2165,acct_e2105ec26b,2027-05-20T06:00:23,2482.78,merchant_demo_001
txn_7821bf08b724,acct_e2105ec26b,2027-05-24T06:00:23,1686.53,merchant_demo_001
txn_49f45d609d5e,acct_d9c1b029ea,2026-12-09T22:58:17,3638.17,merchant_demo_001
txn_23d8befd0ffb,acct_34ec8652df,2025-08-06T17:52:59,754.07,merchant_demo_001
txn_ab6aec19d354,acct_55dcc84258,2026-02-23T01:20:14,194.5,merchant_demo_001
txn_4577dddf1640,acct_55dcc84258,2025-07-29T01:20:14,2035.47,merchant_demo_001
txn_86c97978fb41,acct_55dcc84258,2025-08-07T01:20:14,4430.35,merchant_demo_001
txn_afce3a394f7b,acct_84bd4d65c9,2026-08-09T02:15:44,2779.24,merchant_demo_001
txn_a2787c13b733,acct_84bd4d65c9,2027-05-05T02:15:44,1932.51,merchant_demo_001
txn_e4bf35e47c8d,acct_84bd4d65c9,2026-08-26T02:15:44,4040.32,merchant_demo_001
txn_d502650304b3,acct_8943f9ea8e,2025-12-23T02:03:50,3474.91,merchant_demo_001
txn_a4d5ac6bced0,acct_8943f9ea8e,2026-07-23T02:03:50,1849.21,merchant_demo_001
txn_e927a201207a,acct_8943f9ea8e,2026-02-19T02:03:50,2666.22,merchant_demo_001
txn_38159f2f82e6,acct_444a0a70c4,2027-06-22T03:45:51,3400.64,merchant_demo_001
txn_26c9ca9b93fa,acct_444a0a70c4,2026-12-16T03:45:51,1498.15,merchant_demo_001
txn_4fb071162bb7,acct_444a0a70c4,2026-08-01T03:45:51,1334.74,merchant_demo_001
txn_a5eb3ef451bb,acct_444a0a70c4,2027-07-13T03:45:51,2185.37,merchant_demo_001
txn_cbcba52220b8,acct_444a0a70c4,2026-07-11T03:45:51,4001.02,merchant_demo_001
txn_48f3cce06912,acct_7c70406d59,2025-02-06T04:36:15,2943.77,merchant_demo_001
txn_6e0a2d0ae0cb,acct_7c70406d59,2025-02-06T05:38:15,514.15,merchant_demo_001
txn_61873187f6c7,acct_7c70406d59,2025-02-06T06:18:15,3344.53,merchant_demo_001
txn_b0ef10044a78,acct_d4e26fd268,2026-05-03T22:41:17,4152.55,merchant_demo_001
txn_bd053bfcc5b2,acct_d4e26fd268,2026-04-17T22:41:17,3791.2,merchant_demo_001
txn_7c15f68a039a,acct_d4e26fd268,2026-02-28T22:41:17,3458.76,merchant_demo_001
txn_252fb272b2ff,acct_f017a1a9f0,2026-03-25T02:43:52,2118.5,merchant_demo_001
txn_213d49bd73aa,acct_efddd7db46,2026-02-06T01:04:11,2741.89,merchant_demo_001
txn_21a818374686,acct_efddd7db46,2025-12-28T01:04:11,2107.88,merchant_demo_001
txn_03dab3f84a7f,acct_efddd7db46,2026-02-13T01:04:11,1274.88,merchant_demo_001
txn_f76ecd11a31c,acct_efddd7db46,2026-03-11T01:04:11,1957.09,merchant_demo_001
txn_4a851321c89d,acct_9f832683b5,2025-08-05T02:24:09,3355.61,merchant_demo_001
txn_2b8614a8b70a,acct_9f832683b5,2026-02-20T02:24:09,1904.03,merchant_demo_001
txn_b12b060437d8,acct_29d0c6bb13,2027-01-09T20:23:22,3623.47,merchant_demo_001
txn_eca51ea38a62,acct_29d0c6bb13,2027-01-23T20:23:22,875.59,merchant_demo_001
txn_921738e37953,acct_29d0c6bb13,2026-08-11T20:23:22,1323.77,merchant_demo_001
txn_9d22be754359,acct_29d0c6bb13,2026-02-26T20:23:22,910.31,merchant_demo_001
txn_31f0ca546472,acct_5e375bc2c6,2025-11-30T01:46:33,2592.79,merchant_demo_001
txn_262485cec353,acct_5e375bc2c6,2026-08-12T01:46:33,636.72,merchant_demo_001
txn_7506302c0e54,acct_5e375bc2c6,2026-10-17T01:46:33,2238.27,merchant_demo_001
txn_33e5a3d9c022,acct_5e375bc2c6,2026-02-05T01:46:33,119.87,merchant_demo_001
txn_cb6eca015e14,acct_e4f5eda5c4,2026-07-23T03:34:43,2148.29,merchant_demo_001
txn_249dea671c09,acct_e4f5eda5c4,2026-10-20T03:34:43,464.99,merchant_demo_001
txn_bc5b2bd00c7a,acct_e4f5eda5c4,2027-01-29T03:34:43,1240.47,merchant_demo_001
txn_1e6fc43b556a,acct_e4f5eda5c4,2026-10-21T03:34:43,4618.59,merchant_demo_001
txn_d7cf08725fa9,acct_e4f5eda5c4,2027-04-25T03:34:43,1713.33,merchant_demo_001
txn_669dae89eb68,acct_a7236be89e,2026-07-19T10:50:25,3736.42,merchant_demo_001
txn_99ed528ee596,acct_466160e4a9,2026-11-14T11:41:14,1711.15,merchant_demo_001
txn_361b89dc9447,acct_3f3a2a0bba,2027-04-19T18:50:42,3096.95,merchant_demo_001
txn_9a3e1772fd44,acct_3f3a2a0bba,2027-02-11T18:50:42,2722.27,merchant_demo_001
txn_083ca639efc0,acct_3f3a2a0bba,2026-06-18T18:50:42,4576.18,merchant_demo_001
txn_cd01e48cb0d6,acct_06be9c6aaf,2026-08-03T13:03:54,1176.44,merchant_demo_001
txn_6e51ac33bd80,acct_06be9c6aaf,2026-02-10T13:03:54,4740.83,merchant_demo_001
txn_f120a8e221ae,acct_06be9c6aaf,2027-01-14T13:03:54,1115.8,merchant_demo_001
txn_1dbae82d5d5e,acct_06be9c6aaf,2027-01-25T13:03:54,1184.3,merchant_demo_001
txn_be2bdbd83bb9,acct_33b3b1805a,2027-01-12T01:19:07,2676.43,merchant_demo_001
txn_b5583feddd30,acct_33b3b1805a,2026-04-22T01:19:07,1577.45,merchant_demo_001
txn_5a25dc04468d,acct_33b3b1805a,2026-09-26T01:19:07,4258.53,merchant_demo_001
txn_a74b471207d4,acct_33b3b1805a,2026-05-19T01:19:07,3304.97,merchant_demo_001
txn_6ecaec03d303,acct_33b3b1805a,2027-03-01T01:19:07,803.66,merchant_demo_001
txn_d451a7ac86b5,acct_a6c27b4cf5,2026-01-09T00:12:40,3058.64,merchant_demo_001
txn_848d353318b5,acct_a6c27b4cf5,2025-11-05T00:12:40,2033.65,merchant_demo_001
txn_f5d873d70b1c,acct_810945334d,2026-03-04T03:52:09,4302.15,merchant_demo_001
txn_cbc4936b1579,acct_810945334d,2026-04-24T03:52:09,2787.24,merchant_demo_001
txn_3551c4b9507b,acct_810945334d,2027-02-13T03:52:09,1225.85,merchant_demo_001
txn_22e53d43762c,acct_b7e6d3c71f,2025-11-24T20:22:18,705.95,merchant_demo_001
txn_3c922ef969ca,acct_b7e6d3c71f,2026-01-18T20:22:18,3847.19,merchant_demo_001
txn_59ef1f654f27,acct_645d8ba936,2025-11-05T00:40:05,2359.46,merchant_demo_001
txn_6a667c36acf5,acct_645d8ba936,2026-03-02T00:40:05,3067.69,merchant_demo_001
txn_155860ac0037,acct_645d8ba936,2025-06-21T00:40:05,3605.76,merchant_demo_001
txn_5d59430634ce,acct_645d8ba936,2025-09-22T00:40:05,2972.83,merchant_demo_001
txn_7354eaa8cab4,acct_8ac892408f,2026-05-19T03:16:37,1330.87,merchant_demo_001
txn_a8f07a2dbab7,acct_8ac892408f,2025-08-14T03:16:37,2630.62,merchant_demo_001
txn_bdcc1a7d878a,acct_8ac892408f,2026-06-29T03:16:37,1055.46,merchant_demo_001
txn_a981e0d52207,acct_f171d41b28,2026-08-13T10:03:16,2207.6,merchant_demo_001
txn_470017e3b1b2,acct_f171d41b28,2026-09-06T10:03:16,1893.94,merchant_demo_001
txn_47e28840a4e7,acct_dfc8755810,2026-03-17T21:48:42,3444.1,merchant_demo_001
txn_585d5d70d064,acct_57ed06f3b7,2027-05-09T04:15:08,4907.55,merchant_demo_001
txn_6ae963061063,acct_57ed06f3b7,2027-02-05T04:15:08,2444.04,merchant_demo_001
txn_549e8b805651,acct_aabc05ec4d,2025-04-11T17:14:34,580.66,merchant_demo_001
txn_84a5f2223265,acct_aabc05ec4d,2025-03-02T17:14:34,2069.6,merchant_demo_001
txn_34e5d21d6942,acct_aabc05ec4d,2025-04-13T17:14:34,2943.51,merchant_demo_001
txn_bf17f06c17ce,acct_1bd5c01908,2026-02-20T20:24:14,676.21,merchant_demo_001
txn_938a9715cf38,acct_1bd5c01908,2026-05-22T20:24:14,4801.73,merchant_demo_001
txn_949d16f3e328,acct_1bd5c01908,2025-05-19T20:24:14,4553.02,merchant_demo_001
txn_7f2cf9b8cbed,acct_1bd5c01908,2025-08-04T20:24:14,4293.3,merchant_demo_001
txn_4673b69fba95,acct_9d0c160eb0,2026-03-08T22:51:57,4217.17,merchant_demo_001
txn_703ca1cd6410,acct_9d0c160eb0,2026-03-23T22:51:57,3442.28,merchant_demo_001
txn_5f531552df23,acct_9d0c160eb0,2026-02-21T22:51:57,3731.01,merchant_demo_001
txn_1d819dcc14e8,acct_9d0c160eb0,2027-01-19T22:51:57,2541.93,merchant_demo_001
txn_2fe5bf64cea0,acct_9d0c160eb0,2026-05-07T22:51:57,4109.48,merchant_demo_001
txn_249ed57d8799,acct_be62591949,2025-11-06T01:17:32,534.85,merchant_demo_001
txn_adeb72fbfadf,acct_be62591949,2026-05-26T01:17:32,1268.62,merchant_demo_001
txn_061194506121,acct_1138206631,2025-09-19T20:46:08,3944.89,merchant_demo_001
txn_73cd018f998d,acct_1138206631,2026-03-26T20:46:08,1128.26,merchant_demo_001
txn_a699a420feb1,acct_1138206631,2026-04-04T20:46:08,2203.99,merchant_demo_001
txn_653f150efe4f,acct_1138206631,2026-04-16T20:46:08,613.85,merchant_demo_001
txn_799cb3c550f4,acct_1138206631,2025-08-25T20:46:08,1826.98,merchant_demo_001
txn_8f208cec9887,acct_14f4b2e6ff,2026-02-14T05:02:16,3428.1,merchant_demo_001
txn_900910fb17b2,acct_14f4b2e6ff,2026-01-31T05:02:16,54.85,merchant_demo_001
txn_33120f2a59d9,acct_14f4b2e6ff,2026-04-21T05:02:16,1495.49,merchant_demo_001
txn_215495710f5d,acct_14f4b2e6ff,2026-03-27T05:02:16,3715.4,merchant_demo_001
txn_e8654b49826d,acct_14f4b2e6ff,2026-06-04T05:02:16,450.83,merchant_demo_001
txn_6319d6fb52dd,acct_dd984d2345,2026-04-22T21:10:55,1308.76,merchant_demo_001
txn_9289e7ae9734,acct_dd984d2345,2026-09-03T21:10:55,303.04,merchant_demo_001
txn_050d97060820,acct_61cd50a255,2025-06-18T05:44:19,698.11,merchant_demo_001
txn_577841a35bd3,acct_61cd50a255,2026-05-11T05:44:19,1917.55,merchant_demo_001
txn_5d3e4ce8f80e,acct_fe7b5d156b,2026-01-29T09:00:33,2824.28,merchant_demo_001
txn_92133f8e7a0d,acct_fe7b5d156b,2026-07-08T09:00:33,3083.94,merchant_demo_001
txn_a2847b605ba6,acct_fe7b5d156b,2026-01-14T09:00:33,3736.64,merchant_demo_001
txn_12dac10d2e39,acct_fe7b5d156b,2026-03-04T09:00:33,3207.86,merchant_demo_001
txn_db69d42fa947,acct_fe7b5d156b,2025-10-25T09:00:33,892.0,merchant_demo_001
txn_da3a13df26d2,acct_6a42279dae,2026-04-05T17:31:05,2028.84,merchant_demo_001
txn_d29e0e0b7028,acct_6a42279dae,2026-08-15T17:31:05,2013.17,merchant_demo_001
txn_6829d2dcc080,acct_6a42279dae,2025-11-20T17:31:05,3260.44,merchant_demo_001
txn_29ec72d19a85,acct_d1cb1d9233,2026-03-04T04:19:25,92.12,merchant_demo_001
txn_cde100899a11,acct_c2e6eac1a7,2025-10-02T08:11:04,2070.03,merchant_demo_001
txn_7708e996f814,acct_c2e6eac1a7,2026-05-04T08:11:04,2323.23,merchant_demo_001
txn_11015401eb05,acct_c127898faa,2026-10-16T09:00:24,3145.9,merchant_demo_001
txn_a4a67e49e1bf,acct_c127898faa,2027-02-15T09:00:24,3569.37,merchant_demo_001
txn_b4d8e214b7e6,acct_c127898faa,2026-07-30T09:00:24,1238.46,merchant_demo_001
txn_05d0dc011d87,acct_9885ff75fa,2025-11-14T06:54:01,2549.69,merchant_demo_001
txn_abc221b51788,acct_9885ff75fa,2025-11-14T04:47:01,423.81,merchant_demo_001
txn_e87ef09e1e1a,acct_da28ace3a6,2027-02-14T01:14:41,3341.9,merchant_demo_001
txn_2f7bfa27dd23,acct_da28ace3a6,2026-12-23T01:14:41,903.99,merchant_demo_001
txn_3efd8dfd43b3,acct_d5ff3d46e2,2026-09-09T10:07:56,1602.18,merchant_demo_001
txn_dcf133488521,acct_96d3ada8bd,2026-01-01T23:56:13,1440.05,merchant_demo_001
txn_e6436e7331c3,acct_96d3ada8bd,2025-09-28T23:56:13,547.72,merchant_demo_001
txn_79b21feb0351,acct_31e595ba5a,2026-07-14T04:35:20,787.04,merchant_demo_001
txn_060122d41c1e,acct_31e595ba5a,2026-06-13T04:35:20,1213.36,merchant_demo_001
txn_045e5abff563,acct_31e595ba5a,2027-03-26T04:35:20,2757.18,merchant_demo_001
txn_0b4576bba102,acct_f999e66028,2026-07-14T13:40:53,910.37,merchant_demo_001
txn_17d079a1f8c5,acct_f999e66028,2027-04-14T13:40:53,2773.36,merchant_demo_001
txn_783a9428ad1a,acct_f999e66028,2026-06-24T13:40:53,3441.45,merchant_demo_001
txn_86e8e2aa4c60,acct_fec3a6ed97,2026-12-09T05:41:53,3376.99,merchant_demo_001
txn_c7ee60f30a12,acct_40936460bb,2026-05-13T08:14:45,3632.14,merchant_demo_001
txn_ac83fd123efc,acct_40936460bb,2027-02-01T08:14:45,2084.82,merchant_demo_001
txn_b568cc8a24fd,acct_40936460bb,2026-10-10T08:14:45,4213.43,merchant_demo_001
txn_380cae2e675e,acct_40936460bb,2026-07-11T08:14:45,2710.48,merchant_demo_001
txn_a18b98a6241f,acct_40936460bb,2027-02-21T08:14:45,3354.44,merchant_demo_001
txn_ee2cf770fed9,acct_7cc48ff1e0,2027-02-17T22:37:17,4695.14,merchant_demo_001
txn_1db6f9e201e5,acct_b0a78deb57,2026-06-03T21:26:55,3704.48,merchant_demo_001
txn_7e98af5f6e15,acct_b0a78deb57,2026-12-02T21:26:55,112.52,merchant_demo_001
txn_19bd22eb3843,acct_b0a78deb57,2027-02-16T21:26:55,2575.89,merchant_demo_001
txn_06e94b1788f3,acct_b0a78deb57,2027-01-25T21:26:55,1565.97,merchant_demo_001
txn_15b678bd5abf,acct_5bd56e3d4e,2026-04-29T06:43:45,2436.61,merchant_demo_001
txn_e131693eed99,acct_5bd56e3d4e,2025-10-15T06:43:45,261.57,merchant_demo_001
txn_4b445f75dd04,acct_5bd56e3d4e,2026-03-22T06:43:45,690.54,merchant_demo_001
txn_c7f143531702,acct_5bd56e3d4e,2026-01-31T06:43:45,3508.81,merchant_demo_001
txn_e21c80f2cbad,acct_3f1dec0ecc,2026-10-29T00:44:09,299.25,merchant_demo_001
txn_e85e5e1f5dfa,acct_8499d9bf68,2026-02-20T07:33:06,2310.92,merchant_demo_001
txn_9d7ae5aa911d,acct_8499d9bf68,2026-02-20T09:22:06,1245.15,merchant_demo_001
txn_49e9a8e0e962,acct_57e9eafb13,2025-09-21T15:47:08,4363.24,merchant_demo_001
txn_f92bf10ef40f,acct_57e9eafb13,2025-04-02T15:47:08,3982.56,merchant_demo_001
txn_68c998cff415,acct_57e9eafb13,2026-02-25T15:47:08,2689.01,merchant_demo_001
txn_db45a44f45cc,acct_57e9eafb13,2026-01-23T15:47:08,1637.17,merchant_demo_001
txn_6b8c9dfdbbf4,acct_57e9eafb13,2025-06-19T15:47:08,1122.62,merchant_demo_001
txn_fb020ac26961,acct_5b7f8101fd,2027-01-17T15:10:00,1888.01,merchant_demo_001
txn_11934bdbb061,acct_678e4fedf3,2025-09-07T19:53:51,3779.7,merchant_demo_001
txn_93847b599921,acct_2ea4ef75bf,2026-06-06T07:56:04,4002.81,merchant_demo_001
txn_914fcb803f16,acct_2ea4ef75bf,2026-06-26T07:56:04,1840.95,merchant_demo_001
txn_08df1ec1dedf,acct_2ea4ef75bf,2026-07-27T07:56:04,2130.56,merchant_demo_001
txn_7d614eac6c05,acct_2ea4ef75bf,2026-09-20T07:56:04,751.75,merchant_demo_001
txn_29f4923f4c1d,acct_2ea4ef75bf,2026-08-12T07:56:04,1753.38,merchant_demo_001
txn_bd262e6725d9,acct_2e50811167,2025-04-04T17:20:01,3020.2,merchant_demo_001
txn_fde54fa6f64f,acct_2e50811167,2025-09-25T17:20:01,2167.54,merchant_demo_001
txn_b9b2392473c7,acct_2e50811167,2025-03-17T17:20:01,1219.82,merchant_demo_001
txn_e00a728c5ce8,acct_2e50811167,2025-09-21T17:20:01,3685.09,merchant_demo_001
txn_63bde62782df,acct_337acf3dc8,2026-02-24T08:54:33,3788.48,merchant_demo_001
txn_7d65ece6503e,acct_4a75d97e92,2025-12-14T20:36:39,2105.6,merchant_demo_001
txn_3ae17e372ee8,acct_4a75d97e92,2025-11-21T20:36:39,4239.96,merchant_demo_001
txn_bd1c9f400451,acct_4a75d97e92,2025-11-27T20:36:39,2944.04,merchant_demo_001
txn_420ddc75ef1f,acct_56d716fc0e,2025-05-12T04:06:15,715.64,merchant_demo_001
txn_e4afd73e71d3,acct_56d716fc0e,2025-10-10T04:06:15,3836.32,merchant_demo_001
txn_166dfed06dd4,acct_56d716fc0e,2025-09-30T04:06:15,4622.15,merchant_demo_001
txn_3e26a35def41,acct_56d716fc0e,2025-10-30T04:06:15,2742.32,merchant_demo_001
txn_4bc9057aa535,acct_f50dd5faff,2026-02-02T12:27:33,1849.11,merchant_demo_001
txn_f26be0378bf6,acct_e90ee742cd,2026-11-23T10:49:35,537.31,merchant_demo_001
txn_85adf7c37bec,acct_e90ee742cd,2027-01-06T10:49:35,4238.03,merchant_demo_001
txn_cfd5bf3d916a,acct_302242542d,2026-06-02T05:15:33,3749.83,merchant_demo_001
txn_58c6223541ef,acct_302242542d,2025-10-24T05:15:33,871.07,merchant_demo_001
txn_cb74dcc794fd,acct_302242542d,2025-12-11T05:15:33,1126.21,merchant_demo_001
txn_35d1476b24f0,acct_302242542d,2026-09-01T05:15:33,4641.77,merchant_demo_001
txn_ff55689d5f68,acct_302242542d,2026-10-25T05:15:33,4779.05,merchant_demo_001
txn_3b1f88f104ae,acct_134c1820bc,2026-03-22T20:10:09,1544.53,merchant_demo_001
txn_3ea9722d39fd,acct_134c1820bc,2026-09-03T20:10:09,4434.44,merchant_demo_001
txn_a701c29d6d3b,acct_134c1820bc,2026-05-16T20:10:09,2496.48,merchant_demo_001
txn_5c5ee1c473dc,acct_134c1820bc,2026-05-30T20:10:09,3651.23,merchant_demo_001
txn_1d8689dd14aa,acct_9072157bd1,2025-07-24T18:12:53,4759.57,merchant_demo_001
txn_ba6b078c3fe9,acct_3f82e17b3e,2025-03-18T16:09:50,4037.4,merchant_demo_001
txn_eb0b7754ad61,acct_c90968c3f8,2027-07-11T17:49:57,528.97,merchant_demo_001
txn_a0d8d1b2f494,acct_c90968c3f8,2026-11-07T17:49:57,911.87,merchant_demo_001
txn_1b53c6effd19,acct_c90968c3f8,2027-05-17T17:49:57,556.22,merchant_demo_001
txn_2d3acdd5eefb,acct_c90968c3f8,2026-09-11T17:49:57,1512.83,merchant_demo_001
txn_f3e4266700b2,acct_53f7b2be98,2025-08-31T11:39:28,3024.78,merchant_demo_001
txn_2c2471b74cfd,acct_53f7b2be98,2026-04-03T11:39:28,3698.75,merchant_demo_001
txn_a3cf9128a217,acct_1b9cfbf986,2026-04-07T17:41:35,1346.56,merchant_demo_001
txn_30e053c5db5c,acct_1b9cfbf986,2025-09-20T17:41:35,4216.51,merchant_demo_001
txn_281cdc0759ab,acct_b2b457f3a5,2025-10-27T09:01:58,1916.68,merchant_demo_001
txn_8a9bc50ee405,acct_b2b457f3a5,2026-03-05T09:01:58,1968.12,merchant_demo_001
txn_4b70690247cd,acct_b2b457f3a5,2026-02-05T09:01:58,4516.85,merchant_demo_001
txn_1d03e8dfce16,acct_b2b457f3a5,2025-05-31T09:01:58,1121.43,merchant_demo_001
txn_b4db7c0571aa,acct_77bea4404d,2026-04-06T15:49:31,3908.08,merchant_demo_001
txn_039307414eac,acct_77bea4404d,2025-10-20T15:49:31,64.8,merchant_demo_001
txn_45f4f8d58ca2,acct_77bea4404d,2025-11-13T15:49:31,2729.35,merchant_demo_001
txn_a1ba6132cb30,acct_77bea4404d,2026-02-28T15:49:31,3430.41,merchant_demo_001
txn_c9d99c111798,acct_77bea4404d,2026-05-18T15:49:31,1177.79,merchant_demo_001
txn_ea8ada9bb94b,acct_57d91fc182,2026-04-14T17:21:49,4222.55,merchant_demo_001
txn_047619091336,acct_57d91fc182,2026-05-22T17:21:49,1755.35,merchant_demo_001
txn_a63812211898,acct_bf4c0426e7,2026-04-08T10:59:32,4762.84,merchant_demo_001
txn_117fa7e8fac3,acct_bf4c0426e7,2026-04-25T10:59:32,4776.99,merchant_demo_001
txn_e7664287280d,acct_4f70d5e7b2,2025-11-19T16:12:32,3323.54,merchant_demo_001
txn_780d8545f1a7,acct_4f70d5e7b2,2025-12-16T16:12:32,2438.64,merchant_demo_001
txn_3b953c846346,acct_4f70d5e7b2,2025-10-21T16:12:32,1947.34,merchant_demo_001
txn_0a77524061ee,acct_4f70d5e7b2,2026-07-25T16:12:32,1154.12,merchant_demo_001
txn_d14bc96de10c,acct_4f70d5e7b2,2025-10-24T16:12:32,266.22,merchant_demo_001
txn_ccd9d7e6c6f9,acct_44a4eb2050,2025-03-10T20:11:35,1916.75,merchant_demo_001
txn_2a798382eeff,acct_44a4eb2050,2026-01-30T20:11:35,768.51,merchant_demo_001
txn_e93c763b421e,acct_44a4eb2050,2025-04-02T20:11:35,455.68,merchant_demo_001
txn_678fdb60b30d,acct_ee3ec0acfa,2025-09-28T14:25:59,685.0,merchant_demo_001
txn_c27375c56177,acct_ee3ec0acfa,2025-09-21T14:25:59,1439.79,merchant_demo_001
txn_b47c3d18e406,acct_ee3ec0acfa,2025-09-04T14:25:59,2617.04,merchant_demo_001
txn_8d5a58ff6d34,acct_ee3ec0acfa,2025-07-13T14:25:59,483.15,merchant_demo_001
txn_9e0d025ed921,acct_fc7f9089ce,2026-02-09T17:08:42,3497.79,merchant_demo_001
txn_766923c17628,acct_6431fd16b5,2025-02-06T00:11:35,314.47,merchant_demo_001
txn_89f3d92ec429,acct_6431fd16b5,2025-02-05T23:27:35,1706.6,merchant_demo_001
txn_790ec649200d,acct_a6a895e57f,2026-11-07T01:22:34,3083.47,merchant_demo_001
txn_6dc3065d1d6d,acct_a6a895e57f,2027-02-18T01:22:34,2627.17,merchant_demo_001
txn_4b37bf833529,acct_a6a895e57f,2026-06-20T01:22:34,4171.52,merchant_demo_001
txn_9e046989030b,acct_a6a895e57f,2026-10-13T01:22:34,4477.23,merchant_demo_001
txn_a6404b46e3b3,acct_cd3053cd27,2027-03-17T14:52:21,2271.54,merchant_demo_001
txn_7505c23e60db,acct_cd3053cd27,2027-03-10T14:52:21,331.56,merchant_demo_001
txn_f311b56a7dcb,acct_cd3053cd27,2026-07-28T14:52:21,4652.8,merchant_demo_001
txn_b96f4d2e1640,acct_cd3053cd27,2026-07-15T14:52:21,576.96,merchant_demo_001
txn_2e77c5df80d3,acct_cd3053cd27,2026-07-09T14:52:21,596.38,merchant_demo_001
txn_b480e761aaca,acct_4c37cce869,2025-10-02T03:32:44,3963.11,merchant_demo_001
txn_563f9b0c8317,acct_4c37cce869,2025-10-06T03:32:44,1811.93,merchant_demo_001
txn_fd0bd7083560,acct_4c37cce869,2026-03-19T03:32:44,519.86,merchant_demo_001
txn_7b633c7de84b,acct_4c37cce869,2026-01-18T03:32:44,2695.96,merchant_demo_001
txn_b8872b22d61d,acct_4c37cce869,2025-04-28T03:32:44,4974.76,merchant_demo_001
txn_a4bc2a18bb65,acct_24bb7c151e,2026-12-21T02:55:47,431.0,merchant_demo_001
txn_829ffa2d2c4b,acct_cbd4c24e42,2026-01-02T00:58:13,4013.9,merchant_demo_001
txn_90eacea33352,acct_cbd4c24e42,2026-02-09T00:58:13,1601.25,merchant_demo_001
txn_e85235b01507,acct_a5ce2d58a9,2026-04-29T16:03:42,4966.11,merchant_demo_001
txn_2177797e0b3f,acct_a5ce2d58a9,2026-06-22T16:03:42,4154.0,merchant_demo_001
txn_e70565ae98a9,acct_dd7afcdaee,2026-09-23T14:55:07,2331.94,merchant_demo_001
txn_b55b0654fc65,acct_dd7afcdaee,2026-05-28T14:55:07,4172.38,merchant_demo_001
txn_ce7e634fc323,acct_41a4ae25f9,2025-08-06T05:06:45,3736.99,merchant_demo_001
txn_80d93568299e,acct_41a4ae25f9,2026-05-27T05:06:45,2101.37,merchant_demo_001
txn_167ceb6d4ff6,acct_41a4ae25f9,2025-12-07T05:06:45,3003.58,merchant_demo_001
txn_cb49dfc00506,acct_41a4ae25f9,2026-03-14T05:06:45,2082.08,merchant_demo_001
txn_646fdc185148,acct_fe1065eebf,2025-11-17T17:58:29,2560.23,merchant_demo_001
txn_e30a32326a50,acct_fe1065eebf,2025-03-20T17:58:29,2891.1,merchant_demo_001
txn_36f35d481ec5,acct_fe1065eebf,2025-05-22T17:58:29,2651.5,merchant_demo_001
txn_5a1de66e5a8f,acct_fe1065eebf,2026-01-22T17:58:29,3567.11,merchant_demo_001
txn_e1d2cffcc67c,acct_72fc678d3b,2027-05-25T07:02:50,315.08,merchant_demo_001
txn_a15d711986c9,acct_72fc678d3b,2027-04-27T07:02:50,4891.25,merchant_demo_001
txn_58e8ab157673,acct_72fc678d3b,2026-10-23T07:02:50,3503.61,merchant_demo_001
txn_297f547108ae,acct_72fc678d3b,2026-09-26T07:02:50,3829.87,merchant_demo_001
txn_eab485e63134,acct_72fc678d3b,2027-06-24T07:02:50,4125.33,merchant_demo_001
txn_18cca04344d5,acct_6299ce829b,2026-02-25T06:38:31,2158.79,merchant_demo_001
txn_3d280f7cc247,acct_6299ce829b,2026-09-26T06:38:31,1772.89,merchant_demo_001
txn_b32047749fea,acct_6299ce829b,2027-01-01T06:38:31,3493.26,merchant_demo_001
txn_5cfb32de0b95,acct_6299ce829b,2026-03-16T06:38:31,1975.64,merchant_demo_001
txn_7a29b65ee045,acct_28dde39978,2026-05-04T15:44:19,4608.57,merchant_demo_001
txn_3f8ed2697a57,acct_28dde39978,2026-02-01T15:44:19,430.56,merchant_demo_001
txn_9a40e785eb21,acct_345db4f6bc,2027-02-23T03:15:19,1680.64,merchant_demo_001
txn_5717be916d54,acct_345db4f6bc,2027-03-22T03:15:19,231.32,merchant_demo_001
txn_a4591d70a704,acct_345db4f6bc,2026-06-22T03:15:19,1586.84,merchant_demo_001
txn_d4e4d93bd26a,acct_345db4f6bc,2027-04-03T03:15:19,4182.23,merchant_demo_001
txn_dfdb28ff6373,acct_345db4f6bc,2026-10-01T03:15:19,2407.3,merchant_demo_001
txn_4da7347b2edc,acct_af74d6b03d,2026-11-10T09:57:24,1818.42,merchant_demo_001
txn_e4ea5b3e265e,acct_af74d6b03d,2026-06-07T09:57:24,1889.28,merchant_demo_001
txn_ba99af485927,acct_a03dffaeb6,2026-09-25T13:02:48,1163.29,merchant_demo_001
txn_cf046cc75c15,acct_a03dffaeb6,2027-01-01T13:02:48,2134.43,merchant_demo_001
txn_9a6b8e45c0f0,acct_a03dffaeb6,2026-05-11T13:02:48,3416.41,merchant_demo_001
txn_09fd5ed99e8b,acct_e0859b9b0b,2026-07-06T12:44:17,3804.6,merchant_demo_001
txn_60b981724e1e,acct_e0859b9b0b,2025-12-01T12:44:17,808.09,merchant_demo_001
txn_aa72eabe98f3,acct_e0859b9b0b,2026-02-18T12:44:17,4995.99,merchant_demo_001
txn_960567f11bf2,acct_e0859b9b0b,2026-01-18T12:44:17,3038.6,merchant_demo_001
txn_99d220940230,acct_e0859b9b0b,2025-12-16T12:44:17,770.22,merchant_demo_001
txn_3b7f293cbde2,acct_315c94239e,2027-05-17T23:47:06,4807.32,merchant_demo_001
txn_8427c8e84d02,acct_315c94239e,2026-10-07T23:47:06,573.91,merchant_demo_001
txn_02c1dd626ca9,acct_315c94239e,2026-09-01T23:47:06,395.21,merchant_demo_001
txn_206d10cd1f00,acct_e6e5f8974a,2027-02-15T01:51:08,3711.84,merchant_demo_001
txn_ba8d6fb31276,acct_e6e5f8974a,2026-08-06T01:51:08,2810.37,merchant_demo_001
txn_83d1c6ebcc83,acct_e6e5f8974a,2026-03-28T01:51:08,3165.28,merchant_demo_001
txn_8581d1783f13,acct_e6e5f8974a,2026-07-02T01:51:08,4168.75,merchant_demo_001
txn_b7e4b0b71425,acct_e6e5f8974a,2026-09-25T01:51:08,4495.25,merchant_demo_001
txn_facae9866b78,acct_3a11efad45,2027-02-12T13:00:57,4957.72,merchant_demo_001
txn_8e8d669549da,acct_7fb85c71c7,2026-04-02T22:21:52,4064.94,merchant_demo_001
txn_6632f88fbc76,acct_7fb85c71c7,2025-11-08T22:21:52,3496.26,merchant_demo_001
txn_83003f0c88c9,acct_27a60bfa1d,2026-03-07T07:09:42,2878.67,merchant_demo_001
txn_a8377fe89563,acct_27a60bfa1d,2026-03-21T07:09:42,1822.14,merchant_demo_001
txn_02ed35f73932,acct_27a60bfa1d,2025-12-28T07:09:42,4132.83,merchant_demo_001
txn_9098e76d8cbc,acct_27a60bfa1d,2026-11-13T07:09:42,3874.17,merchant_demo_001
txn_3a8ea93c5ae9,acct_34f391ab6f,2025-08-07T17:22:08,1207.08,merchant_demo_001
txn_e9a5dc3f1856,acct_34f391ab6f,2025-08-05T17:22:08,1978.58,merchant_demo_001
txn_079157ffb111,acct_34f391ab6f,2026-03-30T17:22:08,310.97,merchant_demo_001
txn_54d4c3564d11,acct_52dac93464,2025-08-10T06:44:03,4479.04,merchant_demo_001
txn_acae77e83278,acct_52dac93464,2026-04-03T06:44:03,3009.19,merchant_demo_001
txn_c364fbc70863,acct_28451acc27,2027-05-02T19:39:05,3697.55,merchant_demo_001
txn_1b29d03b1cb7,acct_28451acc27,2027-06-29T19:39:05,4791.77,merchant_demo_001
txn_52295cd79c08,acct_28451acc27,2026-06-21T19:39:05,3270.53,merchant_demo_001
txn_c3048e06002f,acct_28451acc27,2027-01-03T19:39:05,3494.03,merchant_demo_001
txn_44decada641b,acct_28451acc27,2026-11-01T19:39:05,1843.69,merchant_demo_001
txn_9f02d8d9eb63,acct_6d83d9ea07,2026-02-15T23:53:52,2350.83,merchant_demo_001
txn_ad4858394052,acct_6d83d9ea07,2026-04-03T23:53:52,1423.95,merchant_demo_001
txn_371f2e1ecd76,acct_6d83d9ea07,2026-05-24T23:53:52,208.95,merchant_demo_001
txn_3b4b6d21ffb9,acct_6d83d9ea07,2026-06-03T23:53:52,3075.83,merchant_demo_001
txn_c885f4cbab49,acct_6d83d9ea07,2025-08-14T23:53:52,3527.96,merchant_demo_001
txn_a6a92156bdb7,acct_9b64856bf4,2026-03-18T11:11:45,3198.45,merchant_demo_001
txn_bdf70f74ea7c,acct_9b64856bf4,2025-10-18T11:11:45,1676.68,merchant_demo_001
txn_1d23a90f8b62,acct_9b64856bf4,2026-08-07T11:11:45,4632.36,merchant_demo_001
txn_91d1d4622761,acct_9b64856bf4,2026-02-13T11:11:45,2032.28,merchant_demo_001
txn_3f31a30c3c68,acct_c7b93c32be,2025-02-06T01:05:16,4392.86,merchant_demo_001
txn_59ccfe3474c6,acct_d236a63e46,2027-04-30T11:30:46,2378.82,merchant_demo_001
txn_69fc0ef3707c,acct_d236a63e46,2027-01-21T11:30:46,2291.47,merchant_demo_001
txn_dc9e64056aa9,acct_4fd528a4c3,2026-01-25T03:22:45,723.62,merchant_demo_001
txn_146a6e7000e1,acct_4fd528a4c3,2025-10-08T03:22:45,3301.47,merchant_demo_001
txn_62fec0ea5ab2,acct_4fd528a4c3,2026-02-01T03:22:45,1503.98,merchant_demo_001
txn_bdd010ca29ca,acct_4fd528a4c3,2025-02-10T03:22:45,3546.42,merchant_demo_001
txn_9247315e66a3,acct_a6a8c5c03b,2026-10-06T04:38:44,706.39,merchant_demo_001
txn_b32af34a1955,acct_a6a8c5c03b,2026-07-29T04:38:44,3249.38,merchant_demo_001
txn_8e3f31544ff8,acct_f929b9eb6c,2026-03-14T22:05:27,3457.31,merchant_demo_001
txn_f57331e542ff,acct_f929b9eb6c,2026-10-20T22:05:27,4403.82,merchant_demo_001
txn_e0536a30b6ed,acct_f929b9eb6c,2027-01-29T22:05:27,1186.19,merchant_demo_001
txn_3444ec32b98a,acct_3cab3db894,2025-09-07T10:57:36,3384.86,merchant_demo_001
txn_973ce294cfd2,acct_face58324d,2025-09-02T12:04:01,3680.92,merchant_demo_001
txn_cc9e6c7f25fb,acct_f0d47bbbe3,2025-07-12T11:44:47,1577.28,merchant_demo_001
txn_b93e0e08e4b1,acct_f0d47bbbe3,2025-02-09T11:44:47,516.02,merchant_demo_001
txn_7ace4b1006a6,acct_f0d47bbbe3,2025-11-07T11:44:47,544.4,merchant_demo_001
txn_0245c8faff5c,acct_f0d47bbbe3,2025-07-10T11:44:47,1486.44,merchant_demo_001
txn_2e8a8af8fc36,acct_75ff71461a,2025-06-11T14:54:37,3815.86,merchant_demo_001
txn_5a3f7e1dd6f3,acct_75ff71461a,2025-10-21T14:54:37,4369.45,merchant_demo_001
txn_c52e619c4b98,acct_6cfe2954c5,2025-10-03T10:35:18,3363.54,merchant_demo_001
txn_6e8c3207d8e7,acct_6cfe2954c5,2026-06-23T10:35:18,202.55,merchant_demo_001
txn_bf7b59e1a6ce,acct_6cfe2954c5,2026-07-05T10:35:18,1433.58,merchant_demo_001
txn_0f917781221e,acct_11348a5b6c,2026-07-12T06:18:58,3503.65,merchant_demo_001
txn_76af3e447371,acct_11348a5b6c,2026-12-13T06:18:58,2224.13,merchant_demo_001
txn_59bd234dd752,acct_11348a5b6c,2027-01-04T06:18:58,3522.68,merchant_demo_001
txn_ea5547e65c64,acct_75ade8b4a7,2025-09-04T22:20:41,3358.12,merchant_demo_001
txn_791f45240b99,acct_1826330400,2025-11-26T12:27:58,3303.98,merchant_demo_001
txn_804560a7248f,acct_1826330400,2025-10-11T12:27:58,2111.82,merchant_demo_001
txn_f831f58f2f2a,acct_1826330400,2025-09-09T12:27:58,89.92,merchant_demo_001
txn_684d295d259f,acct_1826330400,2026-02-10T12:27:58,1460.79,merchant_demo_001
txn_a39579c6a604,acct_1826330400,2025-09-27T12:27:58,2500.21,merchant_demo_001
txn_cd2424308e5f,acct_a82787d989,2027-05-01T23:52:31,2718.8,merchant_demo_001
txn_957d9a1f4795,acct_a82787d989,2027-06-14T23:52:31,371.52,merchant_demo_001
txn_292e07d4f5eb,acct_659d8694c2,2026-02-11T10:29:48,242.71,merchant_demo_001
txn_6b193f6ad07c,acct_659d8694c2,2025-11-23T10:29:48,4162.55,merchant_demo_001
txn_b50751954184,acct_8474643289,2026-02-01T19:48:42,4201.91,merchant_demo_001
txn_ae74e9fcc95e,acct_8474643289,2025-10-18T19:48:42,3437.67,merchant_demo_001
txn_f83bab4d98b5,acct_e20ad45074,2026-04-08T00:44:05,2567.43,merchant_demo_001
txn_b47a17b7651a,acct_e20ad45074,2026-06-10T00:44:05,1958.44,merchant_demo_001
txn_de062cddfd4e,acct_e20ad45074,2026-04-18T00:44:05,3353.62,merchant_demo_001
txn_7fe80d26da30,acct_e20ad45074,2027-04-14T00:44:05,399.47,merchant_demo_001
txn_fe7db446aa6a,acct_e20ad45074,2027-02-03T00:44:05,1038.19,merchant_demo_001
txn_8289049f075e,acct_0c3881f0ed,2026-11-03T04:17:27,3101.69,merchant_demo_001
txn_b692b2d59ef7,acct_0c3881f0ed,2026-08-24T04:17:27,3759.28,merchant_demo_001
txn_ff74b98840ab,acct_0c3881f0ed,2027-03-23T04:17:27,4950.88,merchant_demo_001
txn_9dc02d0f5e35,acct_0c3881f0ed,2026-06-11T04:17:27,3189.16,merchant_demo_001
txn_c803241f9350,acct_c69f35a9de,2026-06-03T21:45:34,2427.41,merchant_demo_001
txn_9f198ccf1a89,acct_c69f35a9de,2027-01-30T21:45:34,1938.94,merchant_demo_001
txn_f76eedf763e7,acct_9a058830e5,2026-08-12T08:57:34,4685.88,merchant_demo_001
txn_d5375d039ae4,acct_9a058830e5,2026-04-11T08:57:34,3019.74,merchant_demo_001
txn_e82ce7f62d21,acct_9a058830e5,2026-10-08T08:57:34,881.01,merchant_demo_001
txn_833accae35c9,acct_9a058830e5,2026-03-03T08:57:34,1206.95,merchant_demo_001
txn_f31cd6c07f4d,acct_9a058830e5,2026-06-09T08:57:34,1949.43,merchant_demo_001
txn_aadc53a9c863,acct_4e958a28cc,2025-12-03T14:21:30,509.68,merchant_demo_001
txn_5e3df1bf1cda,acct_4e958a28cc,2025-08-30T14:21:30,3144.31,merchant_demo_001
txn_b7f33ebf8496,acct_4e958a28cc,2026-05-01T14:21:30,3923.06,merchant_demo_001
txn_dc305b549bf6,acct_4e958a28cc,2025-11-03T14:21:30,3063.71,merchant_demo_001
txn_7c0edb0d7350,acct_4e958a28cc,2025-08-05T14:21:30,4187.08,merchant_demo_001
txn_ca9ba8c3f78c,acct_18e3d656ec,2026-10-20T16:24:35,677.74,merchant_demo_001
txn_a4d4df5e3710,acct_18e3d656ec,2027-04-16T16:24:35,3173.08,merchant_demo_001
txn_0ad8a1a3c6b3,acct_34b11a435b,2026-10-28T06:27:43,60.89,merchant_demo_001
txn_5dd61245a636,acct_34b11a435b,2027-01-03T06:27:43,3383.07,merchant_demo_001
txn_8c6368d46503,acct_c88d5412b9,2026-08-28T02:38:08,979.71,merchant_demo_001
txn_9e0766594d64,acct_c88d5412b9,2026-03-09T02:38:08,997.01,merchant_demo_001
txn_d27c424d69e2,acct_c88d5412b9,2026-01-12T02:38:08,3389.0,merchant_demo_001
txn_35a4174e5b30,acct_c88d5412b9,2026-05-14T02:38:08,3042.31,merchant_demo_001
txn_21ccafcdb099,acct_c88d5412b9,2025-12-11T02:38:08,1323.9,merchant_demo_001
txn_7a16db6db51d,acct_80acf94aef,2026-12-17T23:54:01,557.51,merchant_demo_001
txn_4243c912e0e6,acct_80acf94aef,2027-06-23T23:54:01,2657.71,merchant_demo_001
txn_e1fe5fe93d52,acct_80acf94aef,2027-01-20T23:54:01,4517.52,merchant_demo_001
txn_68f11c9dc138,acct_80acf94aef,2026-10-19T23:54:01,3671.69,merchant_demo_001
txn_ba1e03eac078,acct_9cbe92ddcb,2026-07-18T23:54:09,3891.43,merchant_demo_001
txn_c4da72a4dae8,acct_9cbe92ddcb,2026-06-11T23:54:09,4069.08,merchant_demo_001
txn_c8ffdbf0ed2a,acct_9cbe92ddcb,2026-03-07T23:54:09,1457.18,merchant_demo_001
txn_dbd1867e678d,acct_9cbe92ddcb,2026-12-15T23:54:09,2832.0,merchant_demo_001
txn_9b1ce7fb10b2,acct_9cbe92ddcb,2026-06-22T23:54:09,4721.69,merchant_demo_001
txn_ad349a38cde3,acct_1cd4659288,2026-09-04T06:06:12,1682.36,merchant_demo_001
txn_8eaaf07511ea,acct_1cd4659288,2025-12-05T06:06:12,2276.35,merchant_demo_001
txn_9aac3eaebbf9,acct_7f00d791c1,2026-08-05T04:23:56,4114.9,merchant_demo_001
txn_ee1e690c1cd4,acct_7f00d791c1,2026-02-23T04:23:56,2909.21,merchant_demo_001
txn_1969eccd6262,acct_08d7b0dee9,2025-11-21T13:02:56,4871.7,merchant_demo_001
txn_9cc132705332,acct_08d7b0dee9,2026-06-12T13:02:56,3186.33,merchant_demo_001
txn_f58f2af7fd03,acct_08d7b0dee9,2026-05-24T13:02:56,4044.46,merchant_demo_001
txn_61f0f73959df,acct_67bd5e56c7,2026-12-29T20:04:13,1396.3,merchant_demo_001
txn_5c49c555a358,acct_67bd5e56c7,2026-10-24T20:04:13,4225.46,merchant_demo_001
txn_0f679a4316fd,acct_67bd5e56c7,2026-02-25T20:04:13,1281.26,merchant_demo_001
txn_a459d97d1ced,acct_da7d9b79dc,2026-03-04T19:57:42,4374.44,merchant_demo_001
txn_d4f53f2590e0,acct_da7d9b79dc,2025-12-01T19:57:42,1452.73,merchant_demo_001
txn_3703541185e4,acct_da7d9b79dc,2025-08-14T19:57:42,1647.44,merchant_demo_001
txn_b160dc95afb8,acct_da7d9b79dc,2025-06-17T19:57:42,4205.56,merchant_demo_001
txn_4dd26c8e0d96,acct_6493159aa6,2026-06-13T21:44:25,1674.28,merchant_demo_001
txn_7dbf53759ae3,acct_6493159aa6,2026-03-30T21:44:25,2316.64,merchant_demo_001
txn_97e5e69db6f6,acct_6493159aa6,2026-08-26T21:44:25,2639.02,merchant_demo_001
txn_7de5719bf35c,acct_6493159aa6,2025-11-20T21:44:25,236.3,merchant_demo_001
txn_742970d36a7a,acct_65d2360188,2027-05-13T18:55:04,1734.1,merchant_demo_001
txn_0beced10a1cd,acct_65d2360188,2026-09-23T18:55:04,2774.87,merchant_demo_001
txn_536fd076470c,acct_65d2360188,2027-03-06T18:55:04,1100.72,merchant_demo_001
txn_cf85b841f076,acct_65d2360188,2026-12-03T18:55:04,4930.48,merchant_demo_001
txn_b3d67f453e68,acct_65d2360188,2027-07-29T18:55:04,3662.14,merchant_demo_001
txn_69971555a080,acct_5f3e8d90e9,2026-02-18T14:05:22,1917.59,merchant_demo_001
txn_1341eb6f23b8,acct_5f3e8d90e9,2025-10-22T14:05:22,2177.01,merchant_demo_001
txn_4947743662f0,acct_5f3e8d90e9,2026-01-09T14:05:22,2717.52,merchant_demo_001
txn_4c5e0c2db94b,acct_5f3e8d90e9,2026-01-04T14:05:22,1328.16,merchant_demo_001
txn_d7316f9fd4ca,acct_86c1ff918f,2025-09-22T06:53:12,3518.94,merchant_demo_001
txn_e05c14692e8d,acct_8f94a7142a,2026-10-02T06:58:34,4274.1,merchant_demo_001
txn_c84c298e63e7,acct_8f94a7142a,2026-09-02T06:58:34,160.13,merchant_demo_001
txn_7c7b0789d94a,acct_8f94a7142a,2026-05-18T06:58:34,2942.0,merchant_demo_001
txn_fd5b5da67912,acct_8f94a7142a,2025-11-21T06:58:34,4239.08,merchant_demo_001
txn_8e4e5a4e7e30,acct_baf7994784,2026-02-03T03:35:46,4545.52,merchant_demo_001
txn_7ad2b900bb3f,acct_baf7994784,2025-08-03T03:35:46,180.27,merchant_demo_001
txn_71d14b3fa8d7,acct_baf7994784,2026-07-16T03:35:46,1113.72,merchant_demo_001
txn_fc3d32da1080,acct_baf7994784,2026-03-18T03:35:46,1340.51,merchant_demo_001
txn_f9070389b7cf,acct_baf7994784,2026-06-24T03:35:46,4665.09,merchant_demo_001
txn_c087fbe17250,acct_781071bf63,2026-08-08T21:47:03,1716.78,merchant_demo_001
txn_a1f555d9ba47,acct_781071bf63,2027-02-17T21:47:03,4154.88,merchant_demo_001
txn_a89478425924,acct_781071bf63,2027-01-17T21:47:03,2189.07,merchant_demo_001
txn_fa1543bbc690,acct_781071bf63,2026-11-30T21:47:03,50.26,merchant_demo_001
txn_e436f4dd6039,acct_8bfbc9b370,2025-06-26T14:14:35,2736.96,merchant_demo_001
txn_85b0d4cee22f,acct_8bfbc9b370,2026-01-31T14:14:35,2140.77,merchant_demo_001
txn_94b76ad92c59,acct_8bfbc9b370,2025-05-28T14:14:35,3446.81,merchant_demo_001
txn_ef1798a467de,acct_3526a16cc3,2026-08-19T04:13:28,3327.82,merchant_demo_001
txn_512ed840c72f,acct_3526a16cc3,2026-04-23T04:13:28,2836.73,merchant_demo_001
txn_54676e3d082b,acct_3526a16cc3,2026-12-16T04:13:28,3431.3,merchant_demo_001
txn_73028ba41508,acct_3526a16cc3,2026-03-25T04:13:28,1456.23,merchant_demo_001
txn_cd8458875c20,acct_0219be3985,2026-12-08T00:32:23,3072.95,merchant_demo_001
txn_0c6da06abd37,acct_0219be3985,2027-04-26T00:32:23,4917.74,merchant_demo_001
txn_320289bef7be,acct_cd4e4dd313,2026-11-22T14:28:23,1671.95,merchant_demo_001
txn_31ae21b3a485,acct_cd4e4dd313,2026-07-23T14:28:23,1654.82,merchant_demo_001
txn_66f614d3c617,acct_cd4e4dd313,2026-03-11T14:28:23,3246.28,merchant_demo_001
txn_75560957d6b8,acct_cd4e4dd313,2027-04-07T14:28:23,2074.36,merchant_demo_001
txn_c996cdabaf5c,acct_cd4e4dd313,2027-02-28T14:28:23,2904.24,merchant_demo_001
txn_d4b6753aae77,acct_aaba074ad8,2026-03-10T23:42:52,1748.62,merchant_demo_001
txn_16d7a370f4ea,acct_aaba074ad8,2025-07-28T23:42:52,721.79,merchant_demo_001
txn_aac48884e102,acct_22d5f6f668,2025-08-06T08:05:31,3987.25,merchant_demo_001
txn_1575360fbe63,acct_22d5f6f668,2025-12-15T08:05:31,406.9,merchant_demo_001
txn_dd8dd1fa5fa2,acct_22d5f6f668,2026-05-01T08:05:31,2708.44,merchant_demo_001
txn_4392332cac2d,acct_08821a54a5,2026-12-11T17:34:25,4017.61,merchant_demo_001
txn_a7b15c27d7b9,acct_08821a54a5,2026-08-27T17:34:25,1538.28,merchant_demo_001
txn_e18c57893e5a,acct_4a70fc0678,2025-11-22T01:56:40,1685.67,merchant_demo_001
txn_e15527fad423,acct_efd728bd8a,2026-06-09T10:59:59,1652.44,merchant_demo_001
txn_48f9d578673b,acct_efd728bd8a,2026-09-03T10:59:59,4995.01,merchant_demo_001
txn_d0fcbf8c62d5,acct_a9a613102a,2026-09-12T20:28:43,903.53,merchant_demo_001
txn_2cbb3f97e12a,acct_a9a613102a,2026-03-07T20:28:43,4378.99,merchant_demo_001
txn_09800597f941,acct_a9a613102a,2026-01-28T20:28:43,2595.1,merchant_demo_001
txn_1d22e02ac464,acct_a9a613102a,2025-10-02T20:28:43,3164.47,merchant_demo_001
txn_206e30ead775,acct_201a0247cc,2026-07-28T16:36:58,3251.78,merchant_demo_001
txn_ebaf3fb24f9a,acct_201a0247cc,2026-08-26T16:36:58,1260.24,merchant_demo_001
txn_1d095b120301,acct_0833779e31,2026-04-19T02:10:18,4347.45,merchant_demo_001
txn_6a93b31ba579,acct_0833779e31,2026-06-15T02:10:18,1957.54,merchant_demo_001
txn_8a22df242e00,acct_0833779e31,2025-12-19T02:10:18,2585.14,merchant_demo_001
txn_f7876b12968b,acct_0833779e31,2025-10-28T02:10:18,143.78,merchant_demo_001
txn_b0c20e910332,acct_c6ac8c9d14,2026-01-27T11:24:12,3860.41,merchant_demo_001
txn_db8cc67a1d47,acct_cc3ab0dc56,2027-02-28T17:46:41,2768.89,merchant_demo_001
txn_947efb89a215,acct_cc3ab0dc56,2027-01-28T17:46:41,3025.36,merchant_demo_001
txn_f0ee360ede38,acct_e5306dd858,2025-08-20T10:27:12,3260.18,merchant_demo_001
txn_73e9df904553,acct_3cee151547,2027-06-11T00:47:10,1505.03,merchant_demo_001
txn_4534bebb7dce,acct_ed057c3b50,2026-08-26T02:12:31,779.78,merchant_demo_001
txn_89209b4defe5,acct_ed057c3b50,2027-02-16T02:12:31,2474.14,merchant_demo_001
txn_230cd7ac499c,acct_ed057c3b50,2026-08-17T02:12:31,2644.7,merchant_demo_001
txn_dfabaa3cca14,acct_ed057c3b50,2027-03-14T02:12:31,2400.5,merchant_demo_001
txn_c215f0552737,acct_ed057c3b50,2026-06-09T02:12:31,1967.09,merchant_demo_001
txn_2f043a38acff,acct_2d1f4f11e9,2026-02-28T04:27:20,305.45,merchant_demo_001
txn_f23a8f9eab8c,acct_2d1f4f11e9,2026-03-24T04:27:20,3749.42,merchant_demo_001
txn_f7b15952c1f7,acct_2d1f4f11e9,2026-04-04T04:27:20,1305.96,merchant_demo_001
txn_87ba50b9014a,acct_2d1f4f11e9,2026-11-28T04:27:20,1442.23,merchant_demo_001
txn_7f07ee946219,acct_1288c6273c,2026-06-27T23:24:22,2044.68,merchant_demo_001
txn_ad6ecba7ee24,acct_1288c6273c,2027-03-21T23:24:22,3008.86,merchant_demo_001
txn_a4b92e30e73d,acct_1288c6273c,2027-03-04T23:24:22,3706.81,merchant_demo_001
txn_c6c65808b48e,acct_1288c6273c,2026-06-20T23:24:22,1201.51,merchant_demo_001
txn_5fbf9c29628c,acct_1288c6273c,2026-11-17T23:24:22,406.1,merchant_demo_001
txn_25f39340e967,acct_e35b866f20,2026-02-02T05:25:34,1150.63,merchant_demo_001
txn_2e0ebd6f85cb,acct_fcb950b737,2026-07-25T09:49:05,2137.31,merchant_demo_001
txn_f383fa0b45d2,acct_fcb950b737,2026-04-13T09:49:05,3584.62,merchant_demo_001
txn_63d2ac14d293,acct_fcb950b737,2026-08-27T09:49:05,4515.77,merchant_demo_001
txn_0be0ba109ff0,acct_fcb950b737,2026-03-29T09:49:05,4419.84,merchant_demo_001
txn_940bacee7c57,acct_a125b4a630,2025-11-17T03:28:57,1542.19,merchant_demo_001
txn_7080fd29f48b,acct_e793b59a7f,2026-10-29T11:10:55,2334.68,merchant_demo_001
txn_15aa67276b1a,acct_e793b59a7f,2026-10-12T11:10:55,906.64,merchant_demo_001
txn_b11ee95735c8,acct_e793b59a7f,2026-10-04T11:10:55,4456.45,merchant_demo_001
txn_17274df6b15a,acct_21dd5908a1,2025-12-29T01:10:12,4718.84,merchant_demo_001
txn_f0868e4c7d0a,acct_21dd5908a1,2026-04-10T01:10:12,2714.0,merchant_demo_001
txn_f84a1fd41f4a,acct_21dd5908a1,2026-08-17T01:10:12,253.64,merchant_demo_001
txn_e4c24516573d,acct_21dd5908a1,2026-07-06T01:10:12,4513.56,merchant_demo_001
txn_3113c25b00ce,acct_67075d1c2f,2026-08-30T12:17:43,2467.51,merchant_demo_001
txn_3116fc5c8c7a,acct_67075d1c2f,2026-07-05T12:17:43,1361.58,merchant_demo_001
txn_a22fe16e7fa6,acct_67075d1c2f,2026-07-05T12:17:43,4832.63,merchant_demo_001
txn_e0c6b3f35fd5,acct_67075d1c2f,2026-05-04T12:17:43,3085.71,merchant_demo_001
txn_2aed8803f516,acct_67075d1c2f,2026-10-10T12:17:43,1469.93,merchant_demo_001
txn_e0e46e0ac6de,acct_0ca820dc06,2025-11-10T12:05:44,4204.59,merchant_demo_001
txn_ae26beed7e69,acct_0ca820dc06,2026-06-16T12:05:44,1704.7,merchant_demo_001
txn_960e70ec0f45,acct_52001175bc,2025-08-26T16:18:56,4249.79,merchant_demo_001
txn_f41bb8c9c1e4,acct_52001175bc,2025-10-12T16:18:56,3762.03,merchant_demo_001
txn_1b58067f23fb,acct_52001175bc,2025-07-05T16:18:56,4396.98,merchant_demo_001
txn_b48b7fd1313c,acct_52001175bc,2025-03-12T16:18:56,4813.4,merchant_demo_001
txn_dac6e12c5a48,acct_52001175bc,2025-06-28T16:18:56,2407.18,merchant_demo_001
txn_61eaa6834d3f,acct_f3fa9ba00f,2025-09-27T11:02:21,2809.98,merchant_demo_001
txn_0aa16718683d,acct_f3fa9ba00f,2025-07-19T11:02:21,173.86,merchant_demo_001
txn_73eb43bd10f7,acct_f3fa9ba00f,2025-05-12T11:02:21,161.51,merchant_demo_001
txn_f64cdc39f3e7,acct_f3fa9ba00f,2025-10-28T11:02:21,2135.19,merchant_demo_001
txn_0900b8202d44,acct_4b4b4d9729,2025-02-10T22:59:50,1575.22,merchant_demo_001
txn_38e72711604a,acct_4b4b4d9729,2025-02-11T00:32:50,1786.12,merchant_demo_001
txn_fa357ebcc711,acct_8ed72f9687,2026-07-18T23:56:09,426.36,merchant_demo_001
txn_5450db00538e,acct_8ed72f9687,2027-06-24T23:56:09,2382.36,merchant_demo_001
txn_fb9a83ada7c2,acct_8ed72f9687,2026-09-17T23:56:09,3276.12,merchant_demo_001
txn_cbc5110b58f6,acct_22da921a6b,2026-03-04T05:37:00,3128.85,merchant_demo_001
txn_231b445661c5,acct_22da921a6b,2026-03-03T05:37:00,3954.39,merchant_demo_001
txn_839e556d4b58,acct_196dbfa8bf,2027-03-16T19:15:05,4262.97,merchant_demo_001
txn_f3098b13b680,acct_24f6ba2c93,2026-07-16T10:25:29,1894.37,merchant_demo_001
txn_63f539e4af8e,acct_c070ebdbb6,2026-08-09T18:19:35,2555.89,merchant_demo_001
txn_d3a347a25a45,acct_c070ebdbb6,2025-12-04T18:19:35,3737.08,merchant_demo_001
txn_a7d8e7f37db9,acct_c070ebdbb6,2026-08-07T18:19:35,1353.79,merchant_demo_001
txn_956b7c898d96,acct_7b0577f238,2027-02-01T18:01:00,4916.8,merchant_demo_001
txn_1e6f9ba7de79,acct_7b0577f238,2026-10-26T18:01:00,3290.74,merchant_demo_001
txn_a1fe7982ca19,acct_5a4a530b9a,2026-01-30T03:32:37,1267.71,merchant_demo_001
txn_44eba29a1ad8,acct_5a4a530b9a,2025-10-27T03:32:37,4573.25,merchant_demo_001
txn_21d2ecb89061,acct_5a4a530b9a,2026-07-08T03:32:37,694.16,merchant_demo_001
txn_07ff1a206273,acct_5a4a530b9a,2026-02-22T03:32:37,2177.69,merchant_demo_001
txn_74a2bf6449ad,acct_4e577af84d,2026-05-16T12:19:23,3433.51,merchant_demo_001
txn_624dacc4b972,acct_062ccb50a5,2026-01-30T09:32:35,1338.13,merchant_demo_001
txn_e7c243e3be29,acct_2b51f59a1c,2026-04-12T03:48:14,3697.47,merchant_demo_001
txn_88ccf3a94702,acct_35728721b2,2025-12-02T13:48:40,3691.28,merchant_demo_001
txn_459d3e5079a1,acct_1de6a5ea53,2026-10-06T09:15:35,4948.52,merchant_demo_001
txn_15edfbf4b377,acct_1de6a5ea53,2026-11-16T09:15:35,1840.28,merchant_demo_001
txn_d2240e92f549,acct_1de6a5ea53,2026-07-14T09:15:35,435.09,merchant_demo_001
txn_a7836eea45d5,acct_1fc864c3a1,2026-11-09T04:24:12,3838.65,merchant_demo_001
txn_29824f57119b,acct_1fc864c3a1,2026-08-05T04:24:12,2860.1,merchant_demo_001
txn_dbe0c2a0e648,acct_1fc864c3a1,2026-12-03T04:24:12,2025.56,merchant_demo_001
txn_262a7c39b36d,acct_1fc864c3a1,2026-05-01T04:24:12,4968.41,merchant_demo_001
txn_50c462786860,acct_1fc864c3a1,2026-01-05T04:24:12,2760.71,merchant_demo_001
txn_209544070a83,acct_e0c65d2153,2025-10-09T07:18:00,1114.43,merchant_demo_001
txn_9d36e71a290c,acct_e0c65d2153,2025-09-11T07:18:00,3948.4,merchant_demo_001
txn_77866b59e9c1,acct_e0c65d2153,2025-06-15T07:18:00,2038.88,merchant_demo_001
txn_51cc767d87f1,acct_fb88fd69bd,2026-08-01T05:28:21,3664.32,merchant_demo_001
txn_177a6a040e8a,acct_ccb98887c5,2026-05-30T11:30:53,2154.0,merchant_demo_001
txn_660861e3883b,acct_ccb98887c5,2025-11-29T11:30:53,2578.1,merchant_demo_001
txn_3d0ed8b6761b,acct_ccb98887c5,2026-11-08T11:30:53,3257.15,merchant_demo_001
txn_e2104310a4bd,acct_ccb98887c5,2026-07-01T11:30:53,2459.96,merchant_demo_001
txn_deb9645e8637,acct_c7d69a610c,2025-12-17T00:12:24,3616.71,merchant_demo_001
txn_c745bb739edf,acct_53043f1e77,2025-11-09T15:38:13,2029.48,merchant_demo_001
txn_3a6367d53b5a,acct_53043f1e77,2026-03-12T15:38:13,4299.57,merchant_demo_001
txn_30b284a0c344,acct_53043f1e77,2025-10-26T15:38:13,2760.42,merchant_demo_001
txn_1f0f178d477e,acct_53043f1e77,2025-06-27T15:38:13,3555.44,merchant_demo_001
txn_7ddb5e3c84d2,acct_53043f1e77,2025-04-21T15:38:13,3714.85,merchant_demo_001
txn_3073adf00857,acct_0aa5c0da8f,2026-07-14T16:28:03,2050.37,merchant_demo_001
txn_13a1c6be33f3,acct_0aa5c0da8f,2026-11-10T16:28:03,2951.53,merchant_demo_001
txn_e9dd41097e03,acct_659edfdb9e,2026-04-22T18:02:00,3227.42,merchant_demo_001
txn_64f251aa0a8a,acct_2e27af4069,2026-09-21T23:33:31,3605.73,merchant_demo_001
txn_29613aa5982a,acct_c70fbd378c,2026-11-07T05:19:15,1196.21,merchant_demo_001
txn_c7bb0adf6a34,acct_c70fbd378c,2026-11-26T05:19:15,943.38,merchant_demo_001
txn_2b6374d03400,acct_3f81d4878f,2026-11-30T00:27:10,2142.92,merchant_demo_001
txn_06cc26656a3a,acct_3f81d4878f,2026-08-14T00:27:10,4284.06,merchant_demo_001
txn_3203aa3a3375,acct_e6395e38a3,2025-05-24T23:49:11,4198.97,merchant_demo_001
txn_a61fbc092a24,acct_e6395e38a3,2025-12-16T23:49:11,1247.75,merchant_demo_001
txn_bafd79adddb4,acct_e6395e38a3,2025-10-02T23:49:11,2140.54,merchant_demo_001
txn_a1557c4de735,acct_9ea8195c45,2025-11-27T02:39:49,1304.22,merchant_demo_001
txn_00595b0d7cd1,acct_9ea8195c45,2026-04-23T02:39:49,382.8,merchant_demo_001
txn_5a6212351ea6,acct_fad7e2b793,2026-11-22T22:45:13,1973.32,merchant_demo_001
txn_b1b719c23de8,acct_4b51748315,2025-06-15T20:25:47,2448.54,merchant_demo_001
txn_5f67a4df5786,acct_4f331cbd27,2025-09-29T21:29:53,1105.41,merchant_demo_001
txn_52ad1f266a3a,acct_4f331cbd27,2026-03-26T21:29:53,4198.14,merchant_demo_001
txn_d36d0270aa1b,acct_4f331cbd27,2025-10-04T21:29:53,2296.23,merchant_demo_001
txn_d6b7278fc17f,acct_4f331cbd27,2026-06-11T21:29:53,2526.7,merchant_demo_001
txn_3b6e953d9932,acct_cca9aa0004,2025-12-11T01:08:12,2303.28,merchant_demo_001
txn_2cc31bb03b7e,acct_cca9aa0004,2026-01-01T01:08:12,4146.69,merchant_demo_001
txn_8d9ed625297c,acct_bc7ba383db,2026-09-12T18:56:05,1670.21,merchant_demo_001
txn_5c423049359f,acct_42759bb12e,2026-11-08T01:09:17,560.4,merchant_demo_001
txn_7171c06e21ca,acct_42759bb12e,2027-07-04T01:09:17,4375.12,merchant_demo_001
txn_17f150f158bf,acct_42759bb12e,2026-09-10T01:09:17,4585.8,merchant_demo_001
txn_84d22e2ef522,acct_7fd3b52232,2027-05-28T22:55:22,2547.51,merchant_demo_001
txn_2bb71b37a7b0,acct_7fd3b52232,2027-03-19T22:55:22,1167.02,merchant_demo_001
txn_426282a9a43d,acct_c664c85eba,2026-06-18T17:24:19,2709.49,merchant_demo_001
txn_055187c6cab5,acct_c664c85eba,2027-05-24T17:24:19,3425.7,merchant_demo_001
txn_465a058a7698,acct_c664c85eba,2027-05-28T17:24:19,4304.04,merchant_demo_001
txn_ac207a79a556,acct_411fd6036d,2026-08-11T16:50:10,4632.07,merchant_demo_001
txn_01908915a5d9,acct_411fd6036d,2026-11-15T16:50:10,2421.38,merchant_demo_001
txn_e77fe9d0ec99,acct_411fd6036d,2026-04-23T16:50:10,1058.75,merchant_demo_001
txn_d765fa2b326a,acct_411fd6036d,2026-06-18T16:50:10,4597.43,merchant_demo_001
txn_93811effafd5,acct_b9baf6213d,2025-10-15T17:09:57,3387.86,merchant_demo_001
txn_48cff0054d63,acct_204cd1fa54,2025-11-01T14:27:08,1808.94,merchant_demo_001
txn_d6595c64308f,acct_9932c3f516,2025-07-15T23:51:39,1374.3,merchant_demo_001
txn_2db07599809e,acct_9932c3f516,2025-11-06T23:51:39,3873.61,merchant_demo_001
txn_a0cf353595fa,acct_9932c3f516,2026-01-04T23:51:39,4082.84,merchant_demo_001
txn_80be27f18587,acct_f44c31abba,2026-06-30T04:52:02,4756.79,merchant_demo_001
txn_0dcdf5030455,acct_f44c31abba,2026-12-09T04:52:02,3890.31,merchant_demo_001
txn_6c1409db428c,acct_f44c31abba,2026-09-17T04:52:02,3206.59,merchant_demo_001
txn_5799855f3f0e,acct_fe4d02b5d8,2026-05-11T02:14:24,2774.37,merchant_demo_001
txn_3d1565fcafd3,acct_3f2eda30ca,2025-08-22T07:18:38,4390.28,merchant_demo_001
txn_92db7e884d0e,acct_3f2eda30ca,2026-01-11T07:18:38,336.53,merchant_demo_001
txn_9f0c4473addd,acct_3f2eda30ca,2025-12-20T07:18:38,2636.45,merchant_demo_001
txn_2f96e522812c,acct_38bd64639c,2025-11-14T08:15:52,3978.58,merchant_demo_001
txn_dc6d647c76a0,acct_38bd64639c,2025-11-14T05:41:52,4587.53,merchant_demo_001
txn_64dc55aa4cf1,acct_38bd64639c,2025-11-14T07:43:52,4897.07,merchant_demo_001
txn_7034764a1469,acct_6f3c70e1ac,2026-12-20T10:03:47,4047.87,merchant_demo_001
txn_be2d6200fd01,acct_6f3c70e1ac,2026-08-14T10:03:47,1915.11,merchant_demo_001
txn_c9809ecfe218,acct_6f3c70e1ac,2026-12-12T10:03:47,3801.6,merchant_demo_001
txn_1a8a8433c844,acct_466d163fea,2025-05-15T16:28:19,2713.28,merchant_demo_001
txn_dbe796e52a1c,acct_466d163fea,2025-03-15T16:28:19,2958.6,merchant_demo_001
txn_a16315628895,acct_9fb6247f3b,2026-06-11T16:59:45,3822.91,merchant_demo_001
txn_7f534ba0c49a,acct_9fb6247f3b,2026-07-01T16:59:45,503.91,merchant_demo_001
txn_496a0ccf3d5a,acct_9fb6247f3b,2026-09-13T16:59:45,3838.88,merchant_demo_001
txn_f355ba930605,acct_71452e5d92,2025-10-08T19:32:11,4804.56,merchant_demo_001
txn_ebfb04b161cf,acct_5be275da8c,2026-09-07T14:32:10,4337.44,merchant_demo_001
txn_63526acd58a4,acct_76e7258f54,2025-08-17T16:22:56,679.32,merchant_demo_001
txn_7041328c1b39,acct_76e7258f54,2026-02-11T16:22:56,4911.05,merchant_demo_001
txn_8b888c26ddae,acct_ce39dd073b,2025-11-03T13:33:47,4577.9,merchant_demo_001
txn_8d498774df27,acct_ce39dd073b,2025-07-19T13:33:47,3461.23,merchant_demo_001
txn_9ebbd5b28b53,acct_8e1b93e6e8,2025-11-15T08:37:34,2343.39,merchant_demo_001
txn_7db42f5836a5,acct_8e1b93e6e8,2025-11-15T07:11:34,4891.47,merchant_demo_001
txn_347baebc50fa,acct_69725c2960,2026-10-06T02:26:23,3690.75,merchant_demo_001
txn_3e6b05634d7a,acct_dae20b6c89,2026-01-18T00:23:32,363.41,merchant_demo_001
txn_a12eec9ce99b,acct_84ff5ce6a4,2025-04-30T16:47:18,2387.3,merchant_demo_001
txn_fd2f5ffd5bce,acct_84ff5ce6a4,2025-05-19T16:47:18,1511.2,merchant_demo_001
txn_17982623bef6,acct_84ff5ce6a4,2025-03-26T16:47:18,1513.83,merchant_demo_001
txn_277ada3d3ec6,acct_c6d41f09fa,2026-04-22T17:48:26,1023.38,merchant_demo_001
txn_bf38a14949bf,acct_c6d41f09fa,2026-04-19T17:48:26,1695.08,merchant_demo_001
txn_d0c03c2ed162,acct_c6d41f09fa,2027-01-30T17:48:26,1813.97,merchant_demo_001
txn_81d14295a54f,acct_c6d41f09fa,2026-06-16T17:48:26,4252.43,merchant_demo_001
txn_87e18a1634d2,acct_db3708514b,2026-12-07T12:37:10,1156.11,merchant_demo_001
txn_03003d9f03dd,acct_d019a11495,2025-11-12T07:50:34,4051.91,merchant_demo_001
txn_a6eb2f25716e,acct_d019a11495,2026-03-13T07:50:34,100.8,merchant_demo_001
txn_131c8ff30f6c,acct_c1534f2f19,2026-04-13T06:41:55,485.36,merchant_demo_001
txn_a7172b31ffad,acct_c1534f2f19,2026-07-14T06:41:55,544.05,merchant_demo_001
txn_08a4b611a1a9,acct_c1534f2f19,2025-08-08T06:41:55,3102.36,merchant_demo_001
txn_0f00d5e2ffa6,acct_c1534f2f19,2026-07-29T06:41:55,2065.97,merchant_demo_001
txn_a3ddda6c7752,acct_080a8393aa,2026-08-28T21:03:17,1550.24,merchant_demo_001
txn_684c0237160c,acct_080a8393aa,2026-12-18T21:03:17,1598.67,merchant_demo_001
txn_ef446a5c18ab,acct_080a8393aa,2026-07-11T21:03:17,2063.55,merchant_demo_001
txn_6a364ac39921,acct_080a8393aa,2026-11-17T21:03:17,2189.19,merchant_demo_001
txn_c90ef8de0718,acct_080a8393aa,2026-12-08T21:03:17,4011.09,merchant_demo_001
txn_3f5b0b1c91ca,acct_07e99acd75,2026-10-02T22:07:17,642.41,merchant_demo_001
txn_3bee88e10c58,acct_07e99acd75,2027-02-09T22:07:17,3722.81,merchant_demo_001
txn_fcfab9a4612f,acct_07e99acd75,2026-08-02T22:07:17,3008.3,merchant_demo_001
txn_803f6342676a,acct_a4e6290707,2026-03-26T16:44:49,2062.72,merchant_demo_001
txn_ba25931ecf04,acct_c171274f8e,2026-09-07T09:56:35,1371.16,merchant_demo_001
txn_ab8daa59032f,acct_c171274f8e,2026-01-22T09:56:35,322.63,merchant_demo_001
txn_781a87de6179,acct_c171274f8e,2026-04-11T09:56:35,3437.96,merchant_demo_001
txn_cb18b23f6bcf,acct_c171274f8e,2026-09-17T09:56:35,4590.94,merchant_demo_001
txn_fd2ab3b26b33,acct_c171274f8e,2025-12-27T09:56:35,163.39,merchant_demo_001
txn_58beb7a78399,acct_592d316f8f,2027-03-12T21:59:59,3753.65,merchant_demo_001
txn_27a2ed411624,acct_7f8d15feef,2027-07-19T08:39:10,3098.5,merchant_demo_001
txn_41b374271471,acct_7f8d15feef,2026-08-08T08:39:10,341.42,merchant_demo_001
txn_f93173aafb24,acct_7f8d15feef,2027-08-20T08:39:10,4446.53,merchant_demo_001
txn_fa0c4052a0be,acct_7f8d15feef,2027-07-25T08:39:10,3647.22,merchant_demo_001
txn_7fc2790ff694,acct_0454f0d96b,2025-04-06T17:01:05,3337.56,merchant_demo_001
txn_5d1fb436bd01,acct_0454f0d96b,2025-03-24T17:01:05,4010.31,merchant_demo_001
txn_99ae9ddb3fd5,acct_998f36fd4f,2026-04-05T06:07:03,2700.96,merchant_demo_001
txn_9be62db96667,acct_613036ee46,2026-07-01T20:55:16,4629.02,merchant_demo_001
txn_9c5d3a2bee0b,acct_613036ee46,2026-01-02T20:55:16,3450.72,merchant_demo_001
txn_941bf040c5db,acct_613036ee46,2026-09-06T20:55:16,4062.23,merchant_demo_001
txn_790697773642,acct_613036ee46,2026-04-17T20:55:16,4642.96,merchant_demo_001
txn_cd0d342ce46d,acct_18475bff6c,2026-07-05T08:53:39,3269.4,merchant_demo_001
txn_0c46b17315da,acct_18475bff6c,2026-10-21T08:53:39,4186.51,merchant_demo_001
txn_d0efb6cb1103,acct_18475bff6c,2027-01-25T08:53:39,3906.53,merchant_demo_001
txn_538aacaf1fd9,acct_18475bff6c,2026-06-22T08:53:39,200.86,merchant_demo_001
txn_d2b3711b6268,acct_7d1e5b0a83,2027-02-24T18:38:25,1391.4,merchant_demo_001
txn_ed993e06e337,acct_7d1e5b0a83,2027-01-25T18:38:25,4008.17,merchant_demo_001
txn_44ce3d59ff93,acct_7dcbd43871,2025-03-08T00:02:56,3741.49,merchant_demo_001
txn_0d77f1388e74,acct_7dcbd43871,2025-03-07T23:42:56,1759.05,merchant_demo_001
txn_fbd1527bfea2,acct_7dcbd43871,2025-03-08T00:38:56,738.8,merchant_demo_001
txn_21ca1c0b21db,acct_641267723a,2026-03-25T23:01:07,4616.29,merchant_demo_001
txn_73d9d7d91e49,acct_641267723a,2026-03-25T23:01:07,1790.89,merchant_demo_001
txn_1dabda0fa9b4,acct_641267723a,2026-03-25T20:52:07,3812.31,merchant_demo_001
txn_69a3e860ba16,acct_42113e6391,2025-09-02T09:55:40,2306.53,merchant_demo_001
txn_6feb4b92e165,acct_42113e6391,2025-09-02T10:15:40,1046.12,merchant_demo_001
txn_768eadcb0877,acct_42113e6391,2025-09-02T07:52:40,201.0,merchant_demo_001
txn_24dd0cb3efe5,acct_3a679bc890,2026-06-11T14:51:36,2816.34,merchant_demo_001
txn_46275121fa5d,acct_3a679bc890,2026-12-07T14:51:36,2492.06,merchant_demo_001
txn_03d299cb2f17,acct_3a679bc890,2026-04-01T14:51:36,1307.74,merchant_demo_001
txn_c2f9314811d4,acct_3a679bc890,2026-05-03T14:51:36,2804.68,merchant_demo_001
txn_8db39e91dff3,acct_8fd6399af5,2025-04-24T00:08:18,3069.8,merchant_demo_001
txn_4feb8cf56bb7,acct_4b00f78ec6,2026-03-25T23:25:46,1706.65,merchant_demo_001
txn_d7c32198c634,acct_fe18fb6d97,2025-12-11T03:04:14,3400.61,merchant_demo_001
txn_3584fd36c690,acct_9602c15c83,2026-03-22T03:41:14,164.19,merchant_demo_001
txn_b6682e64eb21,acct_9602c15c83,2025-07-12T03:41:14,4571.96,merchant_demo_001
txn_3ddf6d3c66d2,acct_9602c15c83,2026-01-17T03:41:14,2027.2,merchant_demo_001
txn_e97e8acd9a37,acct_9602c15c83,2025-11-08T03:41:14,267.39,merchant_demo_001
txn_0a285ae97a7f,acct_9602c15c83,2026-02-04T03:41:14,191.97,merchant_demo_001
txn_d1c3719674b5,acct_caab706614,2026-02-19T06:16:44,113.33,merchant_demo_001
txn_378e66d9ef59,acct_15f918a4a1,2025-06-12T02:29:57,4437.72,merchant_demo_001
txn_ceee3716995c,acct_15f918a4a1,2025-06-12T02:20:57,2283.22,merchant_demo_001
txn_1a59e92a7184,acct_d6709a38bc,2026-06-29T16:21:41,4899.66,merchant_demo_001
txn_ed172037e350,acct_d6709a38bc,2025-12-31T16:21:41,256.21,merchant_demo_001
txn_d2aea8a31242,acct_d6709a38bc,2026-05-02T16:21:41,165.3,merchant_demo_001
txn_9f1b78e71ac3,acct_d6709a38bc,2025-08-21T16:21:41,3191.09,merchant_demo_001
txn_c8826efe60a9,acct_90d41fc8fb,2026-05-18T07:01:29,1685.89,merchant_demo_001
txn_b604c8ef9c72,acct_90d41fc8fb,2026-03-21T07:01:29,4816.54,merchant_demo_001
txn_fab00e8f020b,acct_90d41fc8fb,2026-01-12T07:01:29,1060.98,merchant_demo_001
txn_aa083347628b,acct_90d41fc8fb,2025-10-20T07:01:29,4507.87,merchant_demo_001
txn_6ae48c47cea1,acct_90d41fc8fb,2026-02-17T07:01:29,3153.67,merchant_demo_001
txn_d2f47730b002,acct_0a19e69f3b,2025-09-22T04:30:26,4036.03,merchant_demo_001
txn_4bfbf38ef794,acct_0a19e69f3b,2025-06-06T04:30:26,2598.38,merchant_demo_001
txn_eefd2dfefcba,acct_0a19e69f3b,2025-10-23T04:30:26,2677.67,merchant_demo_001
txn_6725bf511c7c,acct_9721a368dc,2026-01-31T19:42:26,3653.63,merchant_demo_001
txn_eb6de56a2e4d,acct_9721a368dc,2025-12-31T19:42:26,1770.59,merchant_demo_001
txn_1e4101b2063a,acct_9721a368dc,2026-06-10T19:42:26,4913.55,merchant_demo_001
txn_6a2f22cf8d45,acct_9721a368dc,2026-04-29T19:42:26,3136.03,merchant_demo_001
txn_4322111a8797,acct_9721a368dc,2025-10-18T19:42:26,416.64,merchant_demo_001
txn_54107f334780,acct_7b5cae294a,2027-03-05T22:52:09,4796.96,merchant_demo_001
txn_acb2693eb65c,acct_7b5cae294a,2026-11-01T22:52:09,3253.41,merchant_demo_001
txn_a8756a4b1cd5,acct_7b5cae294a,2026-06-11T22:52:09,4224.56,merchant_demo_001
txn_2baa3ad124fb,acct_7b5cae294a,2026-04-13T22:52:09,4429.37,merchant_demo_001
txn_cca7aff3b147,acct_75e1f39f2c,2027-04-26T08:24:14,4347.27,merchant_demo_001
txn_af30d7abd30b,acct_9defd5e79c,2026-02-27T20:46:18,95.15,merchant_demo_001
txn_e73b7309ca7f,acct_9defd5e79c,2026-01-06T20:46:18,2435.87,merchant_demo_001
txn_124124a9ae50,acct_9defd5e79c,2026-06-13T20:46:18,1421.62,merchant_demo_001
txn_76837d04aa85,acct_9defd5e79c,2026-09-05T20:46:18,2263.72,merchant_demo_001
txn_603c24615ebe,acct_9defd5e79c,2025-09-25T20:46:18,3780.64,merchant_demo_001
txn_14cd86617068,acct_39a165cddc,2026-01-22T05:15:25,1110.88,merchant_demo_001
txn_0582ce3a49db,acct_39a165cddc,2026-01-23T05:15:25,1076.21,merchant_demo_001
txn_86f74f7151b9,acct_39a165cddc,2026-03-18T05:15:25,3811.64,merchant_demo_001
txn_44947daca3b8,acct_39a165cddc,2027-01-23T05:15:25,1318.94,merchant_demo_001
txn_b98e4160debe,acct_39a165cddc,2026-10-08T05:15:25,2954.97,merchant_demo_001
txn_a52130e785a5,acct_b1bfa17732,2027-05-05T08:42:45,1267.16,merchant_demo_001
txn_26a6e2c8afd3,acct_b1bfa17732,2026-07-22T08:42:45,4756.16,merchant_demo_001
txn_4743b3b364fd,acct_b1bfa17732,2027-02-12T08:42:45,1484.75,merchant_demo_001
txn_8d8d8b6af6bd,acct_40b470d384,2027-03-25T00:02:04,3570.92,merchant_demo_001
txn_ac32161d204c,acct_26cdf5d4af,2025-10-10T16:43:25,2325.03,merchant_demo_001
txn_086d329877f7,acct_9678bc75b6,2026-08-28T11:02:05,286.51,merchant_demo_001
txn_7cb05bf2e9ed,acct_9678bc75b6,2026-02-20T11:02:05,1205.12,merchant_demo_001
txn_85947c037a65,acct_9678bc75b6,2026-04-01T11:02:05,684.32,merchant_demo_001
txn_023b3f1b043e,acct_9678bc75b6,2025-12-19T11:02:05,2963.19,merchant_demo_001
txn_eead41115af8,acct_9678bc75b6,2025-10-05T11:02:05,4788.7,merchant_demo_001
txn_82dc9ad84e28,acct_c232dddc6d,2025-02-06T06:59:24,1114.51,merchant_demo_001
txn_0f36c632f6b0,acct_c232dddc6d,2025-02-06T05:12:24,4109.36,merchant_demo_001
txn_80d0f5e05e2d,acct_1ab4a086fd,2026-04-18T03:09:16,1144.26,merchant_demo_001
txn_0c1d63848817,acct_1ab4a086fd,2026-03-12T03:09:16,3664.26,merchant_demo_001
txn_a91c38a222bb,acct_1ab4a086fd,2025-12-18T03:09:16,88.74,merchant_demo_001
txn_660eb4b0bdc3,acct_df2c69291c,2025-11-19T05:57:31,4329.43,merchant_demo_001
txn_22df6c7b6c87,acct_df2c69291c,2026-08-04T05:57:31,2609.49,merchant_demo_001
txn_d65d9189acb6,acct_df2c69291c,2026-05-28T05:57:31,2667.17,merchant_demo_001
txn_74daaf50757f,acct_df2c69291c,2026-08-10T05:57:31,2098.66,merchant_demo_001
txn_6aaba961e361,acct_df2c69291c,2025-12-28T05:57:31,1930.99,merchant_demo_001
txn_80681cbf2ba8,acct_40bf3fc4eb,2026-03-15T23:31:45,4460.05,merchant_demo_001
txn_1d2d01098e84,acct_40bf3fc4eb,2025-11-20T23:31:45,3882.78,merchant_demo_001
txn_3d9f435f8702,acct_bbe3df8ad7,2027-02-04T14:17:23,968.58,merchant_demo_001
txn_f8ea49e99d00,acct_bbe3df8ad7,2026-05-22T14:17:23,2651.41,merchant_demo_001
txn_77288bda6d9e,acct_bbe3df8ad7,2026-05-25T14:17:23,3598.68,merchant_demo_001
txn_fd0deb56b292,acct_bbe3df8ad7,2026-03-02T14:17:23,3812.68,merchant_demo_001
txn_db775a8e1e88,acct_bbe3df8ad7,2026-04-27T14:17:23,2658.36,merchant_demo_001
txn_fbca218efb20,acct_43627be1ec,2025-08-31T04:15:15,1898.91,merchant_demo_001
txn_cd5a84ae0ce7,acct_43627be1ec,2025-05-19T04:15:15,2212.11,merchant_demo_001
txn_32f8b25a8779,acct_2beaeff5d3,2026-12-11T12:55:20,1747.1,merchant_demo_001
txn_687e5d1f5c01,acct_2beaeff5d3,2026-12-22T12:55:20,3651.09,merchant_demo_001
txn_2690e3beda88,acct_2beaeff5d3,2027-03-06T12:55:20,4713.5,merchant_demo_001
txn_b78b129acbfe,acct_2beaeff5d3,2026-10-25T12:55:20,2450.54,merchant_demo_001
txn_53a91e27a692,acct_2beaeff5d3,2026-10-18T12:55:20,3213.74,merchant_demo_001
txn_f1e9de4d6caf,acct_eac82acee4,2026-03-25T20:59:25,3073.52,merchant_demo_001
txn_72d05afc2f3d,acct_eac82acee4,2026-10-06T20:59:25,1428.78,merchant_demo_001
txn_9850ca3203b1,acct_eac82acee4,2026-12-23T20:59:25,1133.11,merchant_demo_001
txn_15b5c3450026,acct_eac82acee4,2026-07-31T20:59:25,3683.63,merchant_demo_001
txn_eb76afb7b2b6,acct_eac82acee4,2027-01-04T20:59:25,1661.0,merchant_demo_001
txn_24e6381f17e6,acct_154486762e,2026-11-07T21:03:36,1706.88,merchant_demo_001
txn_f9e42bf9fe53,acct_154486762e,2026-04-18T21:03:36,1193.7,merchant_demo_001
txn_70552c2518df,acct_154486762e,2027-01-28T21:03:36,1043.3,merchant_demo_001
txn_14e0df486a5d,acct_154486762e,2026-11-08T21:03:36,1645.77,merchant_demo_001
txn_25d97d4aa6ef,acct_154486762e,2026-09-01T21:03:36,3434.21,merchant_demo_001
txn_9d55b2ed6a58,acct_4a9a29ddc2,2026-02-06T00:37:47,3161.12,merchant_demo_001
txn_992102319c6e,acct_4a9a29ddc2,2025-12-18T00:37:47,3515.1,merchant_demo_001
txn_9be1d9b3b1a7,acct_4a9a29ddc2,2025-12-11T00:37:47,1408.96,merchant_demo_001
txn_677b79304a4e,acct_c70137eddb,2026-10-19T06:26:19,480.58,merchant_demo_001
txn_64d901c45069,acct_c70137eddb,2027-05-17T06:26:19,368.63,merchant_demo_001
txn_99b69029e867,acct_c70137eddb,2027-04-21T06:26:19,1491.11,merchant_demo_001
txn_7290cbba4e99,acct_c70137eddb,2027-02-24T06:26:19,1959.57,merchant_demo_001
txn_69fd29689f2d,acct_d869ccbbc9,2026-01-29T11:36:19,2246.63,merchant_demo_001
txn_34b61bddfbb5,acct_d869ccbbc9,2026-07-18T11:36:19,645.49,merchant_demo_001
txn_235dcaa18e2a,acct_0273a8c2ef,2026-09-16T03:24:40,3113.15,merchant_demo_001
txn_7132f397f6ed,acct_ff538cd643,2025-10-15T05:43:39,1706.49,merchant_demo_001
txn_bd69553494d3,acct_ff538cd643,2025-10-21T05:43:39,3084.99,merchant_demo_001
txn_28df2d485133,acct_ff538cd643,2025-12-05T05:43:39,3946.3,merchant_demo_001
txn_28f9c1fedaac,acct_ff538cd643,2025-07-12T05:43:39,3849.14,merchant_demo_001
txn_859bf359f9bc,acct_2113d43347,2026-03-23T10:17:22,4439.27,merchant_demo_001
txn_29892f7c27c5,acct_2113d43347,2026-08-24T10:17:22,2046.35,merchant_demo_001
txn_329d6684c274,acct_2113d43347,2026-07-13T10:17:22,3014.32,merchant_demo_001
txn_1b68a3decfcd,acct_2113d43347,2026-02-13T10:17:22,4680.06,merchant_demo_001
txn_204ba98d8f4a,acct_493306f384,2025-11-21T21:01:46,2850.34,merchant_demo_001
txn_c917299eb25d,acct_72edb427b3,2026-04-02T06:28:51,3695.17,merchant_demo_001
txn_305d43dff3bd,acct_72edb427b3,2026-01-07T06:28:51,352.08,merchant_demo_001
txn_12f032a315fc,acct_246eb9cb9f,2025-09-22T18:02:37,3932.2,merchant_demo_001
txn_10180b8fc0bc,acct_01d1370886,2025-10-05T12:40:42,3805.07,merchant_demo_001
txn_9dd1855692c5,acct_913e730ea6,2027-03-26T07:58:26,2403.23,merchant_demo_001
txn_32f02c47eed6,acct_913e730ea6,2027-04-28T07:58:26,818.41,merchant_demo_001
txn_012431449f19,acct_913e730ea6,2026-10-26T07:58:26,765.69,merchant_demo_001
txn_e5e1ada80b53,acct_7f5d540230,2026-10-10T20:08:43,3808.66,merchant_demo_001
txn_490767666830,acct_7f5d540230,2027-06-05T20:08:43,1114.08,merchant_demo_001
txn_4ba9e0530a4d,acct_7f5d540230,2027-06-19T20:08:43,3330.95,merchant_demo_001
txn_6c47d81c0e0a,acct_7f5d540230,2026-08-13T20:08:43,2424.01,merchant_demo_001
txn_08c3f24d66c3,acct_7f5d540230,2026-12-16T20:08:43,2788.82,merchant_demo_001
txn_6dc66f8ebaef,acct_4c3caa6994,2027-05-29T23:08:57,2623.51,merchant_demo_001
txn_37b6f932d9e4,acct_4c3caa6994,2026-11-19T23:08:57,2207.67,merchant_demo_001
txn_9cb1626d964e,acct_4c3caa6994,2027-07-02T23:08:57,294.11,merchant_demo_001
txn_025429e04653,acct_4c3caa6994,2026-08-23T23:08:57,4032.1,merchant_demo_001
txn_55730204f910,acct_4c3caa6994,2027-03-28T23:08:57,4855.6,merchant_demo_001
txn_5c2b76937ce4,acct_c9103ddced,2025-10-24T13:48:40,3978.49,merchant_demo_001
txn_6952ccb8cbc1,acct_c9103ddced,2026-01-28T13:48:40,4554.45,merchant_demo_001
txn_1ef6c46800ce,acct_c9103ddced,2026-07-30T13:48:40,74.79,merchant_demo_001
txn_dde5710ae762,acct_9ac0b4666c,2026-04-06T10:45:45,2221.24,merchant_demo_001
txn_5b5579877a85,acct_9ac0b4666c,2026-04-17T10:45:45,1904.9,merchant_demo_001
txn_a0886f3e575d,acct_9ac0b4666c,2026-09-10T10:45:45,2025.7,merchant_demo_001
txn_666d5371a048,acct_a4f4e21854,2025-06-29T05:15:27,4646.29,merchant_demo_001
txn_b5a421e13687,acct_a4f4e21854,2025-10-21T05:15:27,1343.01,merchant_demo_001
txn_7e3b869d9750,acct_a4f4e21854,2025-12-06T05:15:27,4409.72,merchant_demo_001
txn_6b971606a8ce,acct_a4f4e21854,2025-10-30T05:15:27,1262.99,merchant_demo_001
txn_8a0971d72789,acct_24fb94c39a,2026-08-15T08:38:32,252.47,merchant_demo_001
txn_3e982797bff3,acct_24fb94c39a,2026-09-06T08:38:32,2448.55,merchant_demo_001
txn_4b130290249c,acct_ab091145cb,2026-02-09T00:55:12,4132.24,merchant_demo_001
txn_e09581557f5b,acct_ab091145cb,2025-08-17T00:55:12,3183.31,merchant_demo_001
txn_10076d89ce20,acct_ab091145cb,2025-04-03T00:55:12,2504.07,merchant_demo_001
txn_8a1417de4812,acct_46bb117283,2026-03-16T14:52:59,1697.15,merchant_demo_001
txn_d775b2917476,acct_12f028527b,2027-02-08T22:54:04,4629.64,merchant_demo_001
txn_791b1bf3d388,acct_12f028527b,2026-12-21T22:54:04,3139.05,merchant_demo_001
txn_d1b60a39d3b5,acct_5868dd61f3,2025-12-25T10:37:35,3016.54,merchant_demo_001
txn_ca73e846581a,acct_4ca127340a,2026-05-05T05:15:08,2677.04,merchant_demo_001
txn_08eec7d574ad,acct_4ca127340a,2025-11-01T05:15:08,2073.4,merchant_demo_001
txn_17fa3fe40764,acct_6f783727f0,2026-08-02T01:36:43,1853.93,merchant_demo_001
txn_f40b1a08be7c,acct_6f783727f0,2025-12-10T01:36:43,895.03,merchant_demo_001
txn_b324c22cb6c0,acct_7d68a8ed04,2026-12-11T07:34:14,4850.76,merchant_demo_001
txn_16b5fd027f6c,acct_8264046114,2026-06-28T05:07:47,1267.21,merchant_demo_001
txn_0ee8146b5598,acct_8264046114,2025-09-26T05:07:47,3384.21,merchant_demo_001
txn_4d63cc7c40d8,acct_152de2991f,2026-09-11T09:24:37,4380.02,merchant_demo_001
txn_e8b7f12d5b52,acct_152de2991f,2026-12-27T09:24:37,736.86,merchant_demo_001
txn_6eff090c8bb9,acct_152de2991f,2026-06-10T09:24:37,1962.07,merchant_demo_001
txn_2fdd9f6bdfdd,acct_152de2991f,2026-10-20T09:24:37,1336.12,merchant_demo_001
txn_484c26889ffa,acct_73f159f3f7,2026-09-01T09:59:09,2018.44,merchant_demo_001
txn_ea0a543ee11e,acct_73f159f3f7,2027-01-18T09:59:09,2584.39,merchant_demo_001
txn_03bfbb97a46e,acct_73f159f3f7,2026-07-21T09:59:09,3754.52,merchant_demo_001
txn_70b6b51cca79,acct_73f159f3f7,2026-02-25T09:59:09,2256.76,merchant_demo_001
txn_963a2cf45854,acct_73f159f3f7,2027-01-02T09:59:09,3894.97,merchant_demo_001
txn_25c8d173d66e,acct_50425483f4,2026-03-07T19:21:59,4159.17,merchant_demo_001
txn_bebd56fd1c68,acct_e85294bcef,2026-05-04T16:19:01,3917.32,merchant_demo_001
txn_e73caf0f0161,acct_d79f94b794,2025-11-28T02:18:03,2869.11,merchant_demo_001
txn_649e6b556d01,acct_d79f94b794,2025-11-27T23:45:03,3055.39,merchant_demo_001
txn_6532f7fb2db3,acct_d79f94b794,2025-11-27T23:36:03,2307.62,merchant_demo_001
txn_6f73c3b99d7c,acct_a901ad8338,2026-12-17T18:53:52,389.18,merchant_demo_001
txn_7fda16615bbc,acct_a901ad8338,2027-03-31T18:53:52,3404.05,merchant_demo_001
txn_5f23cd5403a0,acct_a901ad8338,2026-10-30T18:53:52,1529.73,merchant_demo_001
txn_4d1688edcf0f,acct_4b9e9fa4d9,2027-03-07T20:23:00,3914.73,merchant_demo_001
txn_b4497f217793,acct_4b9e9fa4d9,2026-10-22T20:23:00,1069.74,merchant_demo_001
txn_f79886541732,acct_4b9e9fa4d9,2026-06-22T20:23:00,2175.75,merchant_demo_001
txn_7c39b3b72b32,acct_b06292bf90,2025-08-22T10:27:53,2730.41,merchant_demo_001
txn_0ca3abcbf2ab,acct_b06292bf90,2025-08-22T10:02:53,3808.71,merchant_demo_001
txn_bcafa5fab437,acct_81a0906e52,2026-11-23T11:59:05,3914.09,merchant_demo_001
txn_2e610470ba36,acct_81a0906e52,2026-08-23T11:59:05,3331.67,merchant_demo_001
txn_1706774bf8ea,acct_0c56092296,2026-04-10T13:05:20,2227.88,merchant_demo_001
txn_d802caee8941,acct_0c56092296,2026-07-02T13:05:20,1785.0,merchant_demo_001
txn_32f0256c71da,acct_0c56092296,2026-12-26T13:05:20,1630.23,merchant_demo_001
txn_ef35c00b1656,acct_0c56092296,2025-12-10T13:05:20,2432.97,merchant_demo_001
txn_8a9f11b3d28c,acct_7c797eb04c,2026-08-19T21:29:01,1549.81,merchant_demo_001
txn_75c10169d550,acct_7c797eb04c,2027-01-13T21:29:01,1353.45,merchant_demo_001
txn_f1a025876068,acct_7c797eb04c,2027-03-03T21:29:01,1090.72,merchant_demo_001
txn_944adb564cdb,acct_317fd01e90,2026-09-16T14:19:26,4920.75,merchant_demo_001
txn_86fe13da7531,acct_317fd01e90,2027-01-02T14:19:26,2708.37,merchant_demo_001
txn_a4d671ff69e0,acct_317fd01e90,2027-04-27T14:19:26,2488.51,merchant_demo_001
txn_cb5dde6988a2,acct_8142b01fea,2025-10-22T20:07:51,4013.48,merchant_demo_001
txn_cf7d546706e6,acct_8142b01fea,2025-06-23T20:07:51,4756.21,merchant_demo_001
txn_bd8112013d82,acct_8142b01fea,2026-04-01T20:07:51,63.23,merchant_demo_001
txn_bb21c32bd5b3,acct_3c0f1d42c7,2026-02-24T09:30:22,3850.02,merchant_demo_001
txn_f6a68f3a1a0b,acct_3c0f1d42c7,2025-11-07T09:30:22,2460.04,merchant_demo_001
txn_6b689cdbf425,acct_3c0f1d42c7,2026-10-01T09:30:22,1242.91,merchant_demo_001
txn_80888e4f6800,acct_3c0f1d42c7,2025-12-07T09:30:22,1761.58,merchant_demo_001
txn_5901b0621329,acct_3c0f1d42c7,2026-04-13T09:30:22,2989.02,merchant_demo_001
txn_2357b8ea76cc,acct_c539846ade,2025-09-03T22:26:03,4970.84,merchant_demo_001
txn_02f34a1b6af8,acct_c539846ade,2026-06-06T22:26:03,286.31,merchant_demo_001
txn_682dfdac2fcd,acct_c539846ade,2025-09-03T22:26:03,4751.25,merchant_demo_001
txn_0ffdca3c8a86,acct_c539846ade,2026-05-27T22:26:03,1298.69,merchant_demo_001
txn_f7f6f86a2c96,acct_9fe119e2cf,2026-03-26T21:55:16,3844.17,merchant_demo_001
txn_cd3060efbd7c,acct_9fe119e2cf,2026-10-09T21:55:16,4806.66,merchant_demo_001
txn_033a58c6ca80,acct_9fe119e2cf,2026-04-01T21:55:16,3332.9,merchant_demo_001
txn_3d26bc80c534,acct_9fe119e2cf,2026-11-01T21:55:16,1348.95,merchant_demo_001
txn_2c21bb61d908,acct_412f968823,2025-11-12T09:02:59,710.78,merchant_demo_001
txn_1f370b61f4f6,acct_412f968823,2025-11-12T08:29:59,4715.79,merchant_demo_001
txn_04aa1ad2cec1,acct_412f968823,2025-11-12T08:58:59,4811.53,merchant_demo_001
txn_fba8d5620a8a,acct_55f2643270,2027-01-05T16:04:57,1310.08,merchant_demo_001
txn_a4a99bbeed12,acct_55f2643270,2026-10-06T16:04:57,1745.91,merchant_demo_001
txn_a8711b83d86f,acct_55f2643270,2027-05-11T16:04:57,4833.7,merchant_demo_001
txn_dac45ebbd99d,acct_4563e71eb2,2026-04-19T19:32:00,1579.65,merchant_demo_001
txn_93d4b000d17a,acct_4563e71eb2,2026-04-13T19:32:00,2693.14,merchant_demo_001
txn_58546c802117,acct_4563e71eb2,2026-05-14T19:32:00,3261.07,merchant_demo_001
txn_c4deebbc260a,acct_72c43be298,2025-12-23T16:47:44,3116.89,merchant_demo_001
txn_94cfcfda6e99,acct_72c43be298,2026-02-12T16:47:44,800.66,merchant_demo_001
txn_0053b3f3b139,acct_72c43be298,2025-11-18T16:47:44,2705.21,merchant_demo_001
txn_d2b8defeee68,acct_72c43be298,2026-03-14T16:47:44,1780.11,merchant_demo_001
txn_1bf40a2b26ff,acct_64d09e5f4a,2026-05-08T14:07:12,3387.05,merchant_demo_001
txn_ca9a02cf82ac,acct_d379543c1a,2026-02-12T05:06:05,2455.62,merchant_demo_001
txn_03185fd9ca0d,acct_d379543c1a,2026-02-12T06:11:05,1541.99,merchant_demo_001
txn_04248537e7a8,acct_d379543c1a,2026-02-12T05:42:05,1842.52,merchant_demo_001
txn_4df9ccce7b86,acct_e450c1fa40,2025-09-10T21:24:15,3285.42,merchant_demo_001
txn_f5b82b929c04,acct_e450c1fa40,2026-02-13T21:24:15,269.34,merchant_demo_001
txn_9621341fb19d,acct_e450c1fa40,2026-04-19T21:24:15,3878.39,merchant_demo_001
txn_3b6b70f8df7b,acct_e450c1fa40,2025-12-03T21:24:15,3158.95,merchant_demo_001
txn_cb817885243d,acct_e450c1fa40,2025-09-20T21:24:15,3894.64,merchant_demo_001
txn_6d326ca23cd5,acct_eaec99ea96,2025-07-05T03:49:59,1229.76,merchant_demo_001
txn_de8143347b94,acct_eaec99ea96,2026-04-25T03:49:59,3693.51,merchant_demo_001
txn_6cb1a7a2d7e3,acct_eaec99ea96,2026-03-03T03:49:59,1544.66,merchant_demo_001
txn_a5d7e60dec41,acct_eaec99ea96,2025-04-11T03:49:59,1537.89,merchant_demo_001
txn_397e98e2d2a1,acct_285df646a8,2025-12-06T00:29:03,1295.53,merchant_demo_001
txn_bba3e4b7580a,acct_285df646a8,2026-08-14T00:29:03,4985.6,merchant_demo_001
txn_2bb8669054b6,acct_285df646a8,2026-05-30T00:29:03,3186.31,merchant_demo_001
txn_d06f939a9758,acct_285df646a8,2025-12-03T00:29:03,1309.7,merchant_demo_001
txn_8d944a3f922a,acct_f4b02c5fde,2026-09-03T01:34:35,2969.84,merchant_demo_001
txn_6fcca93416b8,acct_f4b02c5fde,2026-09-29T01:34:35,4056.32,merchant_demo_001
txn_7213fcce9637,acct_f4b02c5fde,2026-09-16T01:34:35,1265.51,merchant_demo_001
txn_1a7c1b82fbc3,acct_f4b02c5fde,2026-02-21T01:34:35,666.2,merchant_demo_001
txn_d4e1443978df,acct_207c70463b,2026-01-21T22:41:27,1630.74,merchant_demo_001
txn_4ce40e836051,acct_207c70463b,2025-07-14T22:41:27,4973.74,merchant_demo_001
txn_d344d2fe1e7b,acct_207c70463b,2025-10-13T22:41:27,3578.7,merchant_demo_001
txn_816d68862cb0,acct_43e0de3d0d,2026-12-01T02:10:43,1895.67,merchant_demo_001
txn_0f72a67e9efa,acct_43e0de3d0d,2027-08-05T02:10:43,2041.99,merchant_demo_001
txn_4c8ef5e2a7b1,acct_43e0de3d0d,2026-09-09T02:10:43,2334.32,merchant_demo_001
txn_b21fe15fe293,acct_43e0de3d0d,2026-10-14T02:10:43,3061.99,merchant_demo_001
